Direction,TriggerLevel,TriggerTime,GoalLevel,ActionableTriggers,TotalHits,TotalCompletionRate
Above,-1.0,0900,0.236,32,0,0.0
Above,-1.0,0900,0.382,32,0,0.0
Above,-1.0,0900,0.5,32,0,0.0
Above,-1.0,0900,0.618,32,0,0.0
Above,-1.0,0900,0.786,32,0,0.0
Above,-1.0,0900,1.0,32,0,0.0
Above,-1.0,0900,-0.236,32,2,6.25
Above,-1.0,0900,-0.382,32,3,9.38
Above,-1.0,0900,-0.5,32,4,12.5
Above,-1.0,0900,-0.618,32,9,28.12
Above,-1.0,0900,-0.786,30,15,50.0
Above,-1.0,0900,-1.0,19,19,100.0
Above,-1.0,0900,0.0,32,0,0.0
Below,-1.0,0900,0.236,51,2,3.92
Below,-1.0,0900,0.382,51,2,3.92
Below,-1.0,0900,0.5,51,2,3.92
Below,-1.0,0900,0.618,52,1,1.92
Below,-1.0,0900,0.786,52,1,1.92
Below,-1.0,0900,1.0,52,0,0.0
Below,-1.0,0900,-0.236,45,8,17.78
Below,-1.0,0900,-0.382,38,8,21.05
Below,-1.0,0900,-0.5,29,5,17.24
Below,-1.0,0900,-0.618,24,3,12.5
Below,-1.0,0900,-0.786,22,5,22.73
Below,-1.0,0900,-1.0,23,23,100.0
Below,-1.0,0900,0.0,47,2,4.26
Above,-1.0,1000,0.236,8,0,0.0
Above,-1.0,1000,0.382,8,0,0.0
Above,-1.0,1000,0.5,8,0,0.0
Above,-1.0,1000,0.618,8,0,0.0
Above,-1.0,1000,0.786,8,0,0.0
Above,-1.0,1000,1.0,8,0,0.0
Above,-1.0,1000,-0.236,8,0,0.0
Above,-1.0,1000,-0.382,8,0,0.0
Above,-1.0,1000,-0.5,8,0,0.0
Above,-1.0,1000,-0.618,8,1,12.5
Above,-1.0,1000,-0.786,8,5,62.5
Above,-1.0,1000,-1.0,4,4,100.0
Above,-1.0,1000,0.0,8,0,0.0
Below,-1.0,1000,0.236,25,0,0.0
Below,-1.0,1000,0.382,25,0,0.0
Below,-1.0,1000,0.5,25,0,0.0
Below,-1.0,1000,0.618,25,0,0.0
Below,-1.0,1000,0.786,25,0,0.0
Below,-1.0,1000,1.0,25,0,0.0
Below,-1.0,1000,-0.236,19,1,5.26
Below,-1.0,1000,-0.382,18,5,27.78
Below,-1.0,1000,-0.5,11,5,45.45
Below,-1.0,1000,-0.618,6,2,33.33
Below,-1.0,1000,-0.786,4,0,0.0
Below,-1.0,1000,-1.0,4,4,100.0
Below,-1.0,1000,0.0,23,0,0.0
Above,-1.0,1100,0.236,6,0,0.0
Above,-1.0,1100,0.382,6,0,0.0
Above,-1.0,1100,0.5,6,0,0.0
Above,-1.0,1100,0.618,6,0,0.0
Above,-1.0,1100,0.786,6,0,0.0
Above,-1.0,1100,1.0,6,0,0.0
Above,-1.0,1100,-0.236,6,1,16.67
Above,-1.0,1100,-0.382,6,3,50.0
Above,-1.0,1100,-0.5,6,3,50.0
Above,-1.0,1100,-0.618,6,4,66.67
Above,-1.0,1100,-0.786,6,5,83.33
Above,-1.0,1100,-1.0,0,0,0.0
Above,-1.0,1100,0.0,6,0,0.0
Below,-1.0,1100,0.236,7,0,0.0
Below,-1.0,1100,0.382,8,0,0.0
Below,-1.0,1100,0.5,8,0,0.0
Below,-1.0,1100,0.618,9,0,0.0
Below,-1.0,1100,0.786,9,0,0.0
Below,-1.0,1100,1.0,9,0,0.0
Below,-1.0,1100,-0.236,2,1,50.0
Below,-1.0,1100,-0.382,1,0,0.0
Below,-1.0,1100,-0.5,0,0,0.0
Below,-1.0,1100,-0.618,0,0,0.0
Below,-1.0,1100,-0.786,0,0,0.0
Below,-1.0,1100,-1.0,0,0,0.0
Below,-1.0,1100,0.0,4,1,25.0
Above,-1.0,1200,0.236,2,1,50.0
Above,-1.0,1200,0.382,2,1,50.0
Above,-1.0,1200,0.5,2,0,0.0
Above,-1.0,1200,0.618,2,0,0.0
Above,-1.0,1200,0.786,2,0,0.0
Above,-1.0,1200,1.0,2,0,0.0
Above,-1.0,1200,-0.236,2,1,50.0
Above,-1.0,1200,-0.382,2,1,50.0
Above,-1.0,1200,-0.5,2,1,50.0
Above,-1.0,1200,-0.618,2,1,50.0
Above,-1.0,1200,-0.786,2,2,100.0
Above,-1.0,1200,-1.0,0,0,0.0
Above,-1.0,1200,0.0,2,1,50.0
Below,-1.0,1200,0.236,8,0,0.0
Below,-1.0,1200,0.382,8,0,0.0
Below,-1.0,1200,0.5,8,0,0.0
Below,-1.0,1200,0.618,8,0,0.0
Below,-1.0,1200,0.786,8,0,0.0
Below,-1.0,1200,1.0,8,0,0.0
Below,-1.0,1200,-0.236,5,2,40.0
Below,-1.0,1200,-0.382,3,2,66.67
Below,-1.0,1200,-0.5,2,1,50.0
Below,-1.0,1200,-0.618,2,1,50.0
Below,-1.0,1200,-0.786,0,0,0.0
Below,-1.0,1200,-1.0,0,0,0.0
Below,-1.0,1200,0.0,6,1,16.67
Below,-1.0,1300,0.236,2,2,100.0
Below,-1.0,1300,0.382,2,1,50.0
Below,-1.0,1300,0.5,2,0,0.0
Below,-1.0,1300,0.618,3,0,0.0
Below,-1.0,1300,0.786,4,0,0.0
Below,-1.0,1300,1.0,4,0,0.0
Below,-1.0,1300,-0.236,0,0,0.0
Below,-1.0,1300,-0.382,0,0,0.0
Below,-1.0,1300,-0.5,0,0,0.0
Below,-1.0,1300,-0.618,0,0,0.0
Below,-1.0,1300,-0.786,0,0,0.0
Below,-1.0,1300,-1.0,0,0,0.0
Below,-1.0,1300,0.0,1,1,100.0
Above,-1.0,1400,0.236,7,1,14.29
Above,-1.0,1400,0.382,7,0,0.0
Above,-1.0,1400,0.5,7,0,0.0
Above,-1.0,1400,0.618,7,0,0.0
Above,-1.0,1400,0.786,7,0,0.0
Above,-1.0,1400,1.0,7,0,0.0
Above,-1.0,1400,-0.236,7,7,100.0
Above,-1.0,1400,-0.382,7,7,100.0
Above,-1.0,1400,-0.5,7,7,100.0
Above,-1.0,1400,-0.618,7,7,100.0
Above,-1.0,1400,-0.786,7,7,100.0
Above,-1.0,1400,-1.0,1,1,100.0
Above,-1.0,1400,0.0,7,6,85.71
Below,-1.0,1400,0.236,5,0,0.0
Below,-1.0,1400,0.382,5,0,0.0
Below,-1.0,1400,0.5,5,0,0.0
Below,-1.0,1400,0.618,5,0,0.0
Below,-1.0,1400,0.786,6,0,0.0
Below,-1.0,1400,1.0,6,0,0.0
Below,-1.0,1400,-0.236,3,3,100.0
Below,-1.0,1400,-0.382,2,2,100.0
Below,-1.0,1400,-0.5,1,1,100.0
Below,-1.0,1400,-0.618,0,0,0.0
Below,-1.0,1400,-0.786,0,0,0.0
Below,-1.0,1400,-1.0,0,0,0.0
Below,-1.0,1400,0.0,5,5,100.0
Below,-1.0,1500,0.236,1,0,0.0
Below,-1.0,1500,0.382,2,1,50.0
Below,-1.0,1500,0.5,3,1,33.33
Below,-1.0,1500,0.618,3,0,0.0
Below,-1.0,1500,0.786,3,0,0.0
Below,-1.0,1500,1.0,3,0,0.0
Below,-1.0,1500,-0.236,1,1,100.0
Below,-1.0,1500,-0.382,1,1,100.0
Below,-1.0,1500,-0.5,1,1,100.0
Below,-1.0,1500,-0.618,0,0,0.0
Below,-1.0,1500,-0.786,0,0,0.0
Below,-1.0,1500,-1.0,0,0,0.0
Below,-1.0,1500,0.0,1,1,100.0
Above,-1.0,2000,0.236,2,0,0.0
Above,-1.0,2000,0.382,2,0,0.0
Above,-1.0,2000,0.5,2,0,0.0
Above,-1.0,2000,0.618,2,0,0.0
Above,-1.0,2000,0.786,2,0,0.0
Above,-1.0,2000,1.0,2,0,0.0
Above,-1.0,2000,-0.236,2,0,0.0
Above,-1.0,2000,-0.382,2,0,0.0
Above,-1.0,2000,-0.5,2,0,0.0
Above,-1.0,2000,-0.618,2,1,50.0
Above,-1.0,2000,-0.786,2,1,50.0
Above,-1.0,2000,-1.0,2,2,100.0
Above,-1.0,2000,0.0,2,0,0.0
Below,-1.0,2000,0.236,4,0,0.0
Below,-1.0,2000,0.382,4,0,0.0
Below,-1.0,2000,0.5,4,0,0.0
Below,-1.0,2000,0.618,4,0,0.0
Below,-1.0,2000,0.786,4,0,0.0
Below,-1.0,2000,1.0,4,0,0.0
Below,-1.0,2000,-0.236,4,0,0.0
Below,-1.0,2000,-0.382,4,0,0.0
Below,-1.0,2000,-0.5,4,0,0.0
Below,-1.0,2000,-0.618,4,1,25.0
Below,-1.0,2000,-0.786,4,2,50.0
Below,-1.0,2000,-1.0,4,4,100.0
Below,-1.0,2000,0.0,4,0,0.0
Above,-1.0,3000,0.236,2,0,0.0
Above,-1.0,3000,0.382,2,0,0.0
Above,-1.0,3000,0.5,2,0,0.0
Above,-1.0,3000,0.618,2,0,0.0
Above,-1.0,3000,0.786,2,0,0.0
Above,-1.0,3000,1.0,2,0,0.0
Above,-1.0,3000,-0.236,2,0,0.0
Above,-1.0,3000,-0.382,2,0,0.0
Above,-1.0,3000,-0.5,2,0,0.0
Above,-1.0,3000,-0.618,2,0,0.0
Above,-1.0,3000,-0.786,1,1,100.0
Above,-1.0,3000,-1.0,2,2,100.0
Above,-1.0,3000,0.0,2,0,0.0
Below,-1.0,3000,0.236,4,0,0.0
Below,-1.0,3000,0.382,4,0,0.0
Below,-1.0,3000,0.5,4,0,0.0
Below,-1.0,3000,0.618,4,0,0.0
Below,-1.0,3000,0.786,4,0,0.0
Below,-1.0,3000,1.0,4,0,0.0
Below,-1.0,3000,-0.236,4,0,0.0
Below,-1.0,3000,-0.382,4,0,0.0
Below,-1.0,3000,-0.5,4,0,0.0
Below,-1.0,3000,-0.618,3,0,0.0
Below,-1.0,3000,-0.786,3,0,0.0
Below,-1.0,3000,-1.0,4,4,100.0
Below,-1.0,3000,0.0,4,0,0.0
Above,-1.0,4000,0.236,2,0,0.0
Above,-1.0,4000,0.382,2,0,0.0
Above,-1.0,4000,0.5,2,0,0.0
Above,-1.0,4000,0.618,2,0,0.0
Above,-1.0,4000,0.786,2,0,0.0
Above,-1.0,4000,1.0,2,0,0.0
Above,-1.0,4000,-0.236,2,0,0.0
Above,-1.0,4000,-0.382,2,0,0.0
Above,-1.0,4000,-0.5,2,0,0.0
Above,-1.0,4000,-0.618,2,0,0.0
Above,-1.0,4000,-0.786,2,0,0.0
Above,-1.0,4000,-1.0,2,2,100.0
Above,-1.0,4000,0.0,2,0,0.0
Below,-1.0,4000,0.236,2,0,0.0
Below,-1.0,4000,0.382,2,0,0.0
Below,-1.0,4000,0.5,2,0,0.0
Below,-1.0,4000,0.618,2,0,0.0
Below,-1.0,4000,0.786,2,0,0.0
Below,-1.0,4000,1.0,2,0,0.0
Below,-1.0,4000,-0.236,2,0,0.0
Below,-1.0,4000,-0.382,2,0,0.0
Below,-1.0,4000,-0.5,2,0,0.0
Below,-1.0,4000,-0.618,2,1,50.0
Below,-1.0,4000,-0.786,2,1,50.0
Below,-1.0,4000,-1.0,2,2,100.0
Below,-1.0,4000,0.0,2,0,0.0
Above,-1.0,5000,0.236,3,0,0.0
Above,-1.0,5000,0.382,3,0,0.0
Above,-1.0,5000,0.5,3,0,0.0
Above,-1.0,5000,0.618,3,0,0.0
Above,-1.0,5000,0.786,3,0,0.0
Above,-1.0,5000,1.0,3,0,0.0
Above,-1.0,5000,-0.236,3,0,0.0
Above,-1.0,5000,-0.382,3,0,0.0
Above,-1.0,5000,-0.5,3,0,0.0
Above,-1.0,5000,-0.618,3,0,0.0
Above,-1.0,5000,-0.786,3,0,0.0
Above,-1.0,5000,-1.0,3,3,100.0
Above,-1.0,5000,0.0,3,0,0.0
Below,-1.0,5000,0.236,3,0,0.0
Below,-1.0,5000,0.382,3,0,0.0
Below,-1.0,5000,0.5,3,0,0.0
Below,-1.0,5000,0.618,3,0,0.0
Below,-1.0,5000,0.786,3,0,0.0
Below,-1.0,5000,1.0,3,0,0.0
Below,-1.0,5000,-0.236,3,0,0.0
Below,-1.0,5000,-0.382,3,0,0.0
Below,-1.0,5000,-0.5,2,0,0.0
Below,-1.0,5000,-0.618,2,0,0.0
Below,-1.0,5000,-0.786,2,0,0.0
Below,-1.0,5000,-1.0,3,3,100.0
Below,-1.0,5000,0.0,3,0,0.0
Above,-1.0,OPEN,0.236,2436,281,11.54
Above,-1.0,OPEN,0.382,2705,237,8.76
Above,-1.0,OPEN,0.5,2894,221,7.64
Above,-1.0,OPEN,0.618,3032,177,5.84
Above,-1.0,OPEN,0.786,3165,127,4.01
Above,-1.0,OPEN,1.0,3292,84,2.55
Above,-1.0,OPEN,-0.236,1238,308,24.88
Above,-1.0,OPEN,-0.382,910,278,30.55
Above,-1.0,OPEN,-0.5,661,217,32.83
Above,-1.0,OPEN,-0.618,449,155,34.52
Above,-1.0,OPEN,-0.786,242,114,47.11
Above,-1.0,OPEN,-1.0,3472,230,6.62
Above,-1.0,OPEN,0.0,1850,359,19.41
Below,-1.0,OPEN,0.236,270,1,0.37
Below,-1.0,OPEN,0.382,270,0,0.0
Below,-1.0,OPEN,0.5,270,0,0.0
Below,-1.0,OPEN,0.618,270,0,0.0
Below,-1.0,OPEN,0.786,270,0,0.0
Below,-1.0,OPEN,1.0,270,0,0.0
Below,-1.0,OPEN,-0.236,265,9,3.4
Below,-1.0,OPEN,-0.382,260,12,4.62
Below,-1.0,OPEN,-0.5,254,24,9.45
Below,-1.0,OPEN,-0.618,238,35,14.71
Below,-1.0,OPEN,-0.786,225,64,28.44
Below,-1.0,OPEN,-1.0,238,146,61.34
Below,-1.0,OPEN,0.0,267,5,1.87
Above,-0.786,0900,0.236,62,1,1.61
Above,-0.786,0900,0.382,62,0,0.0
Above,-0.786,0900,0.5,62,0,0.0
Above,-0.786,0900,0.618,62,0,0.0
Above,-0.786,0900,0.786,62,0,0.0
Above,-0.786,0900,1.0,62,0,0.0
Above,-0.786,0900,-0.236,62,19,30.65
Above,-0.786,0900,-0.382,62,27,43.55
Above,-0.786,0900,-0.5,62,35,56.45
Above,-0.786,0900,-0.618,59,43,72.88
Above,-0.786,0900,-0.786,23,23,100.0
Above,-0.786,0900,-1.0,23,7,30.43
Above,-0.786,0900,0.0,62,4,6.45
Below,-0.786,0900,0.236,63,1,1.59
Below,-0.786,0900,0.382,65,1,1.54
Below,-0.786,0900,0.5,65,1,1.54
Below,-0.786,0900,0.618,65,1,1.54
Below,-0.786,0900,0.786,65,1,1.54
Below,-0.786,0900,1.0,65,0,0.0
Below,-0.786,0900,-0.236,41,10,24.39
Below,-0.786,0900,-0.382,30,7,23.33
Below,-0.786,0900,-0.5,22,7,31.82
Below,-0.786,0900,-0.618,16,9,56.25
Below,-0.786,0900,-0.786,18,18,100.0
Below,-0.786,0900,-1.0,67,18,26.87
Below,-0.786,0900,0.0,57,5,8.77
Above,-0.786,1000,0.236,29,0,0.0
Above,-0.786,1000,0.382,29,0,0.0
Above,-0.786,1000,0.5,29,0,0.0
Above,-0.786,1000,0.618,29,0,0.0
Above,-0.786,1000,0.786,29,0,0.0
Above,-0.786,1000,1.0,29,0,0.0
Above,-0.786,1000,-0.236,29,4,13.79
Above,-0.786,1000,-0.382,29,8,27.59
Above,-0.786,1000,-0.5,29,14,48.28
Above,-0.786,1000,-0.618,29,19,65.52
Above,-0.786,1000,-0.786,9,9,100.0
Above,-0.786,1000,-1.0,9,4,44.44
Above,-0.786,1000,0.0,29,0,0.0
Below,-0.786,1000,0.236,57,1,1.75
Below,-0.786,1000,0.382,57,0,0.0
Below,-0.786,1000,0.5,58,0,0.0
Below,-0.786,1000,0.618,58,0,0.0
Below,-0.786,1000,0.786,59,0,0.0
Below,-0.786,1000,1.0,59,0,0.0
Below,-0.786,1000,-0.236,23,8,34.78
Below,-0.786,1000,-0.382,12,6,50.0
Below,-0.786,1000,-0.5,6,1,16.67
Below,-0.786,1000,-0.618,6,2,33.33
Below,-0.786,1000,-0.786,6,6,100.0
Below,-0.786,1000,-1.0,59,12,20.34
Below,-0.786,1000,0.0,43,3,6.98
Above,-0.786,1100,0.236,8,0,0.0
Above,-0.786,1100,0.382,8,0,0.0
Above,-0.786,1100,0.5,8,0,0.0
Above,-0.786,1100,0.618,8,0,0.0
Above,-0.786,1100,0.786,8,0,0.0
Above,-0.786,1100,1.0,8,0,0.0
Above,-0.786,1100,-0.236,8,1,12.5
Above,-0.786,1100,-0.382,8,1,12.5
Above,-0.786,1100,-0.5,8,2,25.0
Above,-0.786,1100,-0.618,8,5,62.5
Above,-0.786,1100,-0.786,0,0,0.0
Above,-0.786,1100,-1.0,0,0,0.0
Above,-0.786,1100,0.0,8,0,0.0
Below,-0.786,1100,0.236,17,1,5.88
Below,-0.786,1100,0.382,20,0,0.0
Below,-0.786,1100,0.5,21,1,4.76
Below,-0.786,1100,0.618,22,0,0.0
Below,-0.786,1100,0.786,23,0,0.0
Below,-0.786,1100,1.0,23,0,0.0
Below,-0.786,1100,-0.236,6,3,50.0
Below,-0.786,1100,-0.382,1,1,100.0
Below,-0.786,1100,-0.5,0,0,0.0
Below,-0.786,1100,-0.618,0,0,0.0
Below,-0.786,1100,-0.786,0,0,0.0
Below,-0.786,1100,-1.0,23,5,21.74
Below,-0.786,1100,0.0,12,4,33.33
Above,-0.786,1200,0.236,9,1,11.11
Above,-0.786,1200,0.382,9,1,11.11
Above,-0.786,1200,0.5,9,0,0.0
Above,-0.786,1200,0.618,9,0,0.0
Above,-0.786,1200,0.786,9,0,0.0
Above,-0.786,1200,1.0,9,0,0.0
Above,-0.786,1200,-0.236,9,5,55.56
Above,-0.786,1200,-0.382,9,7,77.78
Above,-0.786,1200,-0.5,9,7,77.78
Above,-0.786,1200,-0.618,9,8,88.89
Above,-0.786,1200,-0.786,0,0,0.0
Above,-0.786,1200,-1.0,0,0,0.0
Above,-0.786,1200,0.0,9,2,22.22
Below,-0.786,1200,0.236,4,0,0.0
Below,-0.786,1200,0.382,5,0,0.0
Below,-0.786,1200,0.5,6,0,0.0
Below,-0.786,1200,0.618,7,0,0.0
Below,-0.786,1200,0.786,7,0,0.0
Below,-0.786,1200,1.0,7,0,0.0
Below,-0.786,1200,-0.236,1,1,100.0
Below,-0.786,1200,-0.382,0,0,0.0
Below,-0.786,1200,-0.5,0,0,0.0
Below,-0.786,1200,-0.618,0,0,0.0
Below,-0.786,1200,-0.786,0,0,0.0
Below,-0.786,1200,-1.0,8,1,12.5
Below,-0.786,1200,0.0,1,1,100.0
Below,-0.786,1300,0.236,7,3,42.86
Below,-0.786,1300,0.382,9,1,11.11
Below,-0.786,1300,0.5,10,0,0.0
Below,-0.786,1300,0.618,12,1,8.33
Below,-0.786,1300,0.786,14,0,0.0
Below,-0.786,1300,1.0,14,0,0.0
Below,-0.786,1300,-0.236,0,0,0.0
Below,-0.786,1300,-0.382,0,0,0.0
Below,-0.786,1300,-0.5,0,0,0.0
Below,-0.786,1300,-0.618,0,0,0.0
Below,-0.786,1300,-0.786,0,0,0.0
Below,-0.786,1300,-1.0,15,7,46.67
Below,-0.786,1300,0.0,4,3,75.0
Above,-0.786,1400,0.236,12,3,25.0
Above,-0.786,1400,0.382,12,0,0.0
Above,-0.786,1400,0.5,12,0,0.0
Above,-0.786,1400,0.618,12,0,0.0
Above,-0.786,1400,0.786,12,0,0.0
Above,-0.786,1400,1.0,12,0,0.0
Above,-0.786,1400,-0.236,12,12,100.0
Above,-0.786,1400,-0.382,12,12,100.0
Above,-0.786,1400,-0.5,12,12,100.0
Above,-0.786,1400,-0.618,12,12,100.0
Above,-0.786,1400,-0.786,1,0,0.0
Above,-0.786,1400,-1.0,1,0,0.0
Above,-0.786,1400,0.0,12,11,91.67
Below,-0.786,1400,0.236,12,4,33.33
Below,-0.786,1400,0.382,13,2,15.38
Below,-0.786,1400,0.5,14,1,7.14
Below,-0.786,1400,0.618,15,0,0.0
Below,-0.786,1400,0.786,15,0,0.0
Below,-0.786,1400,1.0,16,1,6.25
Below,-0.786,1400,-0.236,3,3,100.0
Below,-0.786,1400,-0.382,1,1,100.0
Below,-0.786,1400,-0.5,1,1,100.0
Below,-0.786,1400,-0.618,0,0,0.0
Below,-0.786,1400,-0.786,0,0,0.0
Below,-0.786,1400,-1.0,19,4,21.05
Below,-0.786,1400,0.0,10,10,100.0
Above,-0.786,1500,0.236,2,0,0.0
Above,-0.786,1500,0.382,2,0,0.0
Above,-0.786,1500,0.5,2,0,0.0
Above,-0.786,1500,0.618,2,0,0.0
Above,-0.786,1500,0.786,2,0,0.0
Above,-0.786,1500,1.0,2,0,0.0
Above,-0.786,1500,-0.236,2,2,100.0
Above,-0.786,1500,-0.382,2,2,100.0
Above,-0.786,1500,-0.5,2,2,100.0
Above,-0.786,1500,-0.618,2,2,100.0
Above,-0.786,1500,-0.786,0,0,0.0
Above,-0.786,1500,-1.0,0,0,0.0
Above,-0.786,1500,0.0,2,2,100.0
Below,-0.786,1500,0.236,2,2,100.0
Below,-0.786,1500,0.382,2,2,100.0
Below,-0.786,1500,0.5,3,2,66.67
Below,-0.786,1500,0.618,3,2,66.67
Below,-0.786,1500,0.786,3,0,0.0
Below,-0.786,1500,1.0,3,0,0.0
Below,-0.786,1500,-0.236,2,2,100.0
Below,-0.786,1500,-0.382,2,2,100.0
Below,-0.786,1500,-0.5,2,2,100.0
Below,-0.786,1500,-0.618,2,2,100.0
Below,-0.786,1500,-0.786,2,2,100.0
Below,-0.786,1500,-1.0,3,1,33.33
Below,-0.786,1500,0.0,2,2,100.0
Above,-0.786,2000,0.236,2,0,0.0
Above,-0.786,2000,0.382,2,0,0.0
Above,-0.786,2000,0.5,2,0,0.0
Above,-0.786,2000,0.618,2,0,0.0
Above,-0.786,2000,0.786,2,0,0.0
Above,-0.786,2000,1.0,2,0,0.0
Above,-0.786,2000,-0.236,2,0,0.0
Above,-0.786,2000,-0.382,2,0,0.0
Above,-0.786,2000,-0.5,2,1,50.0
Above,-0.786,2000,-0.618,2,1,50.0
Above,-0.786,2000,-0.786,2,2,100.0
Above,-0.786,2000,-1.0,1,1,100.0
Above,-0.786,2000,0.0,2,0,0.0
Below,-0.786,2000,0.236,4,0,0.0
Below,-0.786,2000,0.382,4,0,0.0
Below,-0.786,2000,0.5,4,0,0.0
Below,-0.786,2000,0.618,4,0,0.0
Below,-0.786,2000,0.786,4,0,0.0
Below,-0.786,2000,1.0,4,0,0.0
Below,-0.786,2000,-0.236,4,0,0.0
Below,-0.786,2000,-0.382,4,0,0.0
Below,-0.786,2000,-0.5,4,0,0.0
Below,-0.786,2000,-0.618,3,1,33.33
Below,-0.786,2000,-0.786,4,4,100.0
Below,-0.786,2000,-1.0,4,2,50.0
Below,-0.786,2000,0.0,4,0,0.0
Above,-0.786,3000,0.236,6,0,0.0
Above,-0.786,3000,0.382,6,0,0.0
Above,-0.786,3000,0.5,6,0,0.0
Above,-0.786,3000,0.618,6,0,0.0
Above,-0.786,3000,0.786,6,0,0.0
Above,-0.786,3000,1.0,6,0,0.0
Above,-0.786,3000,-0.236,6,0,0.0
Above,-0.786,3000,-0.382,6,0,0.0
Above,-0.786,3000,-0.5,6,0,0.0
Above,-0.786,3000,-0.618,6,0,0.0
Above,-0.786,3000,-0.786,6,6,100.0
Above,-0.786,3000,-1.0,6,3,50.0
Above,-0.786,3000,0.0,6,0,0.0
Below,-0.786,3000,0.236,3,0,0.0
Below,-0.786,3000,0.382,3,0,0.0
Below,-0.786,3000,0.5,3,0,0.0
Below,-0.786,3000,0.618,3,0,0.0
Below,-0.786,3000,0.786,3,0,0.0
Below,-0.786,3000,1.0,3,0,0.0
Below,-0.786,3000,-0.236,3,0,0.0
Below,-0.786,3000,-0.382,3,0,0.0
Below,-0.786,3000,-0.5,3,0,0.0
Below,-0.786,3000,-0.618,2,1,50.0
Below,-0.786,3000,-0.786,3,3,100.0
Below,-0.786,3000,-1.0,3,1,33.33
Below,-0.786,3000,0.0,3,0,0.0
Above,-0.786,4000,0.236,7,0,0.0
Above,-0.786,4000,0.382,7,0,0.0
Above,-0.786,4000,0.5,7,0,0.0
Above,-0.786,4000,0.618,7,0,0.0
Above,-0.786,4000,0.786,7,0,0.0
Above,-0.786,4000,1.0,7,0,0.0
Above,-0.786,4000,-0.236,7,0,0.0
Above,-0.786,4000,-0.382,7,0,0.0
Above,-0.786,4000,-0.5,7,0,0.0
Above,-0.786,4000,-0.618,6,2,33.33
Above,-0.786,4000,-0.786,7,7,100.0
Above,-0.786,4000,-1.0,7,4,57.14
Above,-0.786,4000,0.0,7,0,0.0
Below,-0.786,4000,0.236,1,0,0.0
Below,-0.786,4000,0.382,1,0,0.0
Below,-0.786,4000,0.5,1,0,0.0
Below,-0.786,4000,0.618,1,0,0.0
Below,-0.786,4000,0.786,1,0,0.0
Below,-0.786,4000,1.0,1,0,0.0
Below,-0.786,4000,-0.236,1,0,0.0
Below,-0.786,4000,-0.382,1,0,0.0
Below,-0.786,4000,-0.5,1,1,100.0
Below,-0.786,4000,-0.618,1,1,100.0
Below,-0.786,4000,-0.786,1,1,100.0
Below,-0.786,4000,-1.0,1,0,0.0
Below,-0.786,4000,0.0,1,0,0.0
Above,-0.786,5000,0.236,6,0,0.0
Above,-0.786,5000,0.382,6,0,0.0
Above,-0.786,5000,0.5,6,0,0.0
Above,-0.786,5000,0.618,6,0,0.0
Above,-0.786,5000,0.786,6,0,0.0
Above,-0.786,5000,1.0,6,0,0.0
Above,-0.786,5000,-0.236,6,0,0.0
Above,-0.786,5000,-0.382,6,0,0.0
Above,-0.786,5000,-0.5,6,1,16.67
Above,-0.786,5000,-0.618,6,4,66.67
Above,-0.786,5000,-0.786,6,6,100.0
Above,-0.786,5000,-1.0,6,1,16.67
Above,-0.786,5000,0.0,6,0,0.0
Below,-0.786,5000,0.236,2,0,0.0
Below,-0.786,5000,0.382,2,0,0.0
Below,-0.786,5000,0.5,2,0,0.0
Below,-0.786,5000,0.618,2,0,0.0
Below,-0.786,5000,0.786,2,0,0.0
Below,-0.786,5000,1.0,2,0,0.0
Below,-0.786,5000,-0.236,2,0,0.0
Below,-0.786,5000,-0.382,2,0,0.0
Below,-0.786,5000,-0.5,1,1,100.0
Below,-0.786,5000,-0.618,2,2,100.0
Below,-0.786,5000,-0.786,2,2,100.0
Below,-0.786,5000,-1.0,2,0,0.0
Below,-0.786,5000,0.0,2,0,0.0
Above,-0.786,OPEN,0.236,2357,280,11.88
Above,-0.786,OPEN,0.382,2626,237,9.03
Above,-0.786,OPEN,0.5,2815,221,7.85
Above,-0.786,OPEN,0.618,2953,177,5.99
Above,-0.786,OPEN,0.786,3086,127,4.12
Above,-0.786,OPEN,1.0,3213,84,2.61
Above,-0.786,OPEN,-0.236,1151,312,27.11
Above,-0.786,OPEN,-0.382,816,289,35.42
Above,-0.786,OPEN,-0.5,556,226,40.65
Above,-0.786,OPEN,-0.618,298,139,46.64
Above,-0.786,OPEN,-0.786,3371,356,10.56
Above,-0.786,OPEN,-1.0,3360,149,4.43
Above,-0.786,OPEN,0.0,1769,359,20.29
Below,-0.786,OPEN,0.236,545,2,0.37
Below,-0.786,OPEN,0.382,547,0,0.0
Below,-0.786,OPEN,0.5,547,0,0.0
Below,-0.786,OPEN,0.618,549,0,0.0
Below,-0.786,OPEN,0.786,549,0,0.0
Below,-0.786,OPEN,1.0,549,0,0.0
Below,-0.786,OPEN,-0.236,522,25,4.79
Below,-0.786,OPEN,-0.382,495,45,9.09
Below,-0.786,OPEN,-0.5,479,82,17.12
Below,-0.786,OPEN,-0.618,472,141,29.87
Below,-0.786,OPEN,-0.786,472,244,51.69
Below,-0.786,OPEN,-1.0,352,115,32.67
Below,-0.786,OPEN,0.0,541,9,1.66
Above,-0.618,0900,0.236,73,4,5.48
Above,-0.618,0900,0.382,73,0,0.0
Above,-0.618,0900,0.5,73,0,0.0
Above,-0.618,0900,0.618,73,0,0.0
Above,-0.618,0900,0.786,73,0,0.0
Above,-0.618,0900,1.0,73,0,0.0
Above,-0.618,0900,-0.236,73,33,45.21
Above,-0.618,0900,-0.382,73,51,69.86
Above,-0.618,0900,-0.5,72,56,77.78
Above,-0.618,0900,-0.618,23,23,100.0
Above,-0.618,0900,-0.786,22,12,54.55
Above,-0.618,0900,-1.0,38,6,15.79
Above,-0.618,0900,0.0,73,10,13.7
Below,-0.618,0900,0.236,75,0,0.0
Below,-0.618,0900,0.382,78,0,0.0
Below,-0.618,0900,0.5,79,0,0.0
Below,-0.618,0900,0.618,79,0,0.0
Below,-0.618,0900,0.786,79,0,0.0
Below,-0.618,0900,1.0,79,0,0.0
Below,-0.618,0900,-0.236,44,5,11.36
Below,-0.618,0900,-0.382,32,8,25.0
Below,-0.618,0900,-0.5,26,17,65.38
Below,-0.618,0900,-0.618,31,31,100.0
Below,-0.618,0900,-0.786,80,34,42.5
Below,-0.618,0900,-1.0,81,8,9.88
Below,-0.618,0900,0.0,61,5,8.2
Above,-0.618,1000,0.236,60,0,0.0
Above,-0.618,1000,0.382,60,0,0.0
Above,-0.618,1000,0.5,60,0,0.0
Above,-0.618,1000,0.618,60,0,0.0
Above,-0.618,1000,0.786,60,0,0.0
Above,-0.618,1000,1.0,60,0,0.0
Above,-0.618,1000,-0.236,60,22,36.67
Above,-0.618,1000,-0.382,60,39,65.0
Above,-0.618,1000,-0.5,59,51,86.44
Above,-0.618,1000,-0.618,9,9,100.0
Above,-0.618,1000,-0.786,9,3,33.33
Above,-0.618,1000,-1.0,14,2,14.29
Above,-0.618,1000,0.0,60,5,8.33
Below,-0.618,1000,0.236,75,2,2.67
Below,-0.618,1000,0.382,79,1,1.27
Below,-0.618,1000,0.5,82,0,0.0
Below,-0.618,1000,0.618,83,0,0.0
Below,-0.618,1000,0.786,84,0,0.0
Below,-0.618,1000,1.0,85,0,0.0
Below,-0.618,1000,-0.236,19,7,36.84
Below,-0.618,1000,-0.382,8,1,12.5
Below,-0.618,1000,-0.5,8,3,37.5
Below,-0.618,1000,-0.618,8,8,100.0
Below,-0.618,1000,-0.786,85,34,40.0
Below,-0.618,1000,-1.0,85,6,7.06
Below,-0.618,1000,0.0,43,8,18.6
Above,-0.618,1100,0.236,22,0,0.0
Above,-0.618,1100,0.382,22,0,0.0
Above,-0.618,1100,0.5,22,0,0.0
Above,-0.618,1100,0.618,22,0,0.0
Above,-0.618,1100,0.786,22,0,0.0
Above,-0.618,1100,1.0,22,0,0.0
Above,-0.618,1100,-0.236,22,5,22.73
Above,-0.618,1100,-0.382,22,12,54.55
Above,-0.618,1100,-0.5,22,19,86.36
Above,-0.618,1100,-0.618,0,0,0.0
Above,-0.618,1100,-0.786,0,0,0.0
Above,-0.618,1100,-1.0,4,2,50.0
Above,-0.618,1100,0.0,22,1,4.55
Below,-0.618,1100,0.236,27,4,14.81
Below,-0.618,1100,0.382,30,2,6.67
Below,-0.618,1100,0.5,37,2,5.41
Below,-0.618,1100,0.618,42,0,0.0
Below,-0.618,1100,0.786,43,0,0.0
Below,-0.618,1100,1.0,43,0,0.0
Below,-0.618,1100,-0.236,2,1,50.0
Below,-0.618,1100,-0.382,0,0,0.0
Below,-0.618,1100,-0.5,0,0,0.0
Below,-0.618,1100,-0.618,0,0,0.0
Below,-0.618,1100,-0.786,43,14,32.56
Below,-0.618,1100,-1.0,43,4,9.3
Below,-0.618,1100,0.0,17,5,29.41
Above,-0.618,1200,0.236,15,1,6.67
Above,-0.618,1200,0.382,15,1,6.67
Above,-0.618,1200,0.5,15,0,0.0
Above,-0.618,1200,0.618,15,0,0.0
Above,-0.618,1200,0.786,15,0,0.0
Above,-0.618,1200,1.0,15,0,0.0
Above,-0.618,1200,-0.236,15,8,53.33
Above,-0.618,1200,-0.382,15,12,80.0
Above,-0.618,1200,-0.5,15,14,93.33
Above,-0.618,1200,-0.618,0,0,0.0
Above,-0.618,1200,-0.786,0,0,0.0
Above,-0.618,1200,-1.0,1,0,0.0
Above,-0.618,1200,0.0,15,1,6.67
Below,-0.618,1200,0.236,10,2,20.0
Below,-0.618,1200,0.382,15,1,6.67
Below,-0.618,1200,0.5,17,0,0.0
Below,-0.618,1200,0.618,19,1,5.26
Below,-0.618,1200,0.786,21,0,0.0
Below,-0.618,1200,1.0,24,0,0.0
Below,-0.618,1200,-0.236,1,1,100.0
Below,-0.618,1200,-0.382,0,0,0.0
Below,-0.618,1200,-0.5,0,0,0.0
Below,-0.618,1200,-0.618,0,0,0.0
Below,-0.618,1200,-0.786,25,7,28.0
Below,-0.618,1200,-1.0,25,2,8.0
Below,-0.618,1200,0.0,5,1,20.0
Above,-0.618,1300,0.236,8,0,0.0
Above,-0.618,1300,0.382,8,0,0.0
Above,-0.618,1300,0.5,8,0,0.0
Above,-0.618,1300,0.618,8,0,0.0
Above,-0.618,1300,0.786,8,0,0.0
Above,-0.618,1300,1.0,8,0,0.0
Above,-0.618,1300,-0.236,8,6,75.0
Above,-0.618,1300,-0.382,8,7,87.5
Above,-0.618,1300,-0.5,8,8,100.0
Above,-0.618,1300,-0.618,0,0,0.0
Above,-0.618,1300,-0.786,0,0,0.0
Above,-0.618,1300,-1.0,0,0,0.0
Above,-0.618,1300,0.0,8,3,37.5
Below,-0.618,1300,0.236,10,4,40.0
Below,-0.618,1300,0.382,11,3,27.27
Below,-0.618,1300,0.5,15,3,20.0
Below,-0.618,1300,0.618,16,1,6.25
Below,-0.618,1300,0.786,19,0,0.0
Below,-0.618,1300,1.0,21,1,4.76
Below,-0.618,1300,-0.236,1,0,0.0
Below,-0.618,1300,-0.382,1,1,100.0
Below,-0.618,1300,-0.5,0,0,0.0
Below,-0.618,1300,-0.618,0,0,0.0
Below,-0.618,1300,-0.786,23,11,47.83
Below,-0.618,1300,-1.0,23,5,21.74
Below,-0.618,1300,0.0,5,3,60.0
Above,-0.618,1400,0.236,18,4,22.22
Above,-0.618,1400,0.382,18,0,0.0
Above,-0.618,1400,0.5,18,0,0.0
Above,-0.618,1400,0.618,18,0,0.0
Above,-0.618,1400,0.786,18,0,0.0
Above,-0.618,1400,1.0,18,0,0.0
Above,-0.618,1400,-0.236,18,18,100.0
Above,-0.618,1400,-0.382,18,18,100.0
Above,-0.618,1400,-0.5,18,18,100.0
Above,-0.618,1400,-0.618,1,1,100.0
Above,-0.618,1400,-0.786,1,0,0.0
Above,-0.618,1400,-1.0,4,3,75.0
Above,-0.618,1400,0.0,18,17,94.44
Below,-0.618,1400,0.236,14,5,35.71
Below,-0.618,1400,0.382,16,4,25.0
Below,-0.618,1400,0.5,16,1,6.25
Below,-0.618,1400,0.618,16,0,0.0
Below,-0.618,1400,0.786,17,0,0.0
Below,-0.618,1400,1.0,18,1,5.56
Below,-0.618,1400,-0.236,1,1,100.0
Below,-0.618,1400,-0.382,1,1,100.0
Below,-0.618,1400,-0.5,0,0,0.0
Below,-0.618,1400,-0.618,0,0,0.0
Below,-0.618,1400,-0.786,22,9,40.91
Below,-0.618,1400,-1.0,22,2,9.09
Below,-0.618,1400,0.0,11,11,100.0
Above,-0.618,1500,0.236,8,0,0.0
Above,-0.618,1500,0.382,8,0,0.0
Above,-0.618,1500,0.5,8,0,0.0
Above,-0.618,1500,0.618,8,0,0.0
Above,-0.618,1500,0.786,8,0,0.0
Above,-0.618,1500,1.0,8,0,0.0
Above,-0.618,1500,-0.236,8,8,100.0
Above,-0.618,1500,-0.382,8,8,100.0
Above,-0.618,1500,-0.5,8,8,100.0
Above,-0.618,1500,-0.618,2,2,100.0
Above,-0.618,1500,-0.786,2,2,100.0
Above,-0.618,1500,-1.0,2,2,100.0
Above,-0.618,1500,0.0,8,8,100.0
Below,-0.618,1500,0.236,4,4,100.0
Below,-0.618,1500,0.382,4,4,100.0
Below,-0.618,1500,0.5,4,4,100.0
Below,-0.618,1500,0.618,4,3,75.0
Below,-0.618,1500,0.786,4,2,50.0
Below,-0.618,1500,1.0,4,2,50.0
Below,-0.618,1500,-0.236,4,4,100.0
Below,-0.618,1500,-0.382,4,4,100.0
Below,-0.618,1500,-0.5,4,4,100.0
Below,-0.618,1500,-0.618,4,4,100.0
Below,-0.618,1500,-0.786,5,1,20.0
Below,-0.618,1500,-1.0,5,0,0.0
Below,-0.618,1500,0.0,4,4,100.0
Above,-0.618,2000,0.236,6,0,0.0
Above,-0.618,2000,0.382,6,0,0.0
Above,-0.618,2000,0.5,6,0,0.0
Above,-0.618,2000,0.618,6,0,0.0
Above,-0.618,2000,0.786,6,0,0.0
Above,-0.618,2000,1.0,6,0,0.0
Above,-0.618,2000,-0.236,6,1,16.67
Above,-0.618,2000,-0.382,6,2,33.33
Above,-0.618,2000,-0.5,6,2,33.33
Above,-0.618,2000,-0.618,6,6,100.0
Above,-0.618,2000,-0.786,6,2,33.33
Above,-0.618,2000,-1.0,6,0,0.0
Above,-0.618,2000,0.0,6,0,0.0
Below,-0.618,2000,0.236,9,0,0.0
Below,-0.618,2000,0.382,9,0,0.0
Below,-0.618,2000,0.5,9,0,0.0
Below,-0.618,2000,0.618,9,0,0.0
Below,-0.618,2000,0.786,9,0,0.0
Below,-0.618,2000,1.0,9,0,0.0
Below,-0.618,2000,-0.236,9,1,11.11
Below,-0.618,2000,-0.382,9,6,66.67
Below,-0.618,2000,-0.5,9,8,88.89
Below,-0.618,2000,-0.618,9,9,100.0
Below,-0.618,2000,-0.786,9,1,11.11
Below,-0.618,2000,-1.0,9,0,0.0
Below,-0.618,2000,0.0,9,0,0.0
Above,-0.618,3000,0.236,7,0,0.0
Above,-0.618,3000,0.382,7,0,0.0
Above,-0.618,3000,0.5,7,0,0.0
Above,-0.618,3000,0.618,7,0,0.0
Above,-0.618,3000,0.786,7,0,0.0
Above,-0.618,3000,1.0,7,0,0.0
Above,-0.618,3000,-0.236,6,0,0.0
Above,-0.618,3000,-0.382,6,0,0.0
Above,-0.618,3000,-0.5,5,2,40.0
Above,-0.618,3000,-0.618,7,7,100.0
Above,-0.618,3000,-0.786,7,5,71.43
Above,-0.618,3000,-1.0,7,2,28.57
Above,-0.618,3000,0.0,6,0,0.0
Below,-0.618,3000,0.236,8,0,0.0
Below,-0.618,3000,0.382,8,0,0.0
Below,-0.618,3000,0.5,8,0,0.0
Below,-0.618,3000,0.618,8,0,0.0
Below,-0.618,3000,0.786,8,0,0.0
Below,-0.618,3000,1.0,8,0,0.0
Below,-0.618,3000,-0.236,8,1,12.5
Below,-0.618,3000,-0.382,8,1,12.5
Below,-0.618,3000,-0.5,7,3,42.86
Below,-0.618,3000,-0.618,8,8,100.0
Below,-0.618,3000,-0.786,7,2,28.57
Below,-0.618,3000,-1.0,8,2,25.0
Below,-0.618,3000,0.0,8,0,0.0
Above,-0.618,4000,0.236,9,0,0.0
Above,-0.618,4000,0.382,9,0,0.0
Above,-0.618,4000,0.5,9,0,0.0
Above,-0.618,4000,0.618,9,0,0.0
Above,-0.618,4000,0.786,9,0,0.0
Above,-0.618,4000,1.0,9,0,0.0
Above,-0.618,4000,-0.236,9,2,22.22
Above,-0.618,4000,-0.382,9,2,22.22
Above,-0.618,4000,-0.5,8,4,50.0
Above,-0.618,4000,-0.618,9,9,100.0
Above,-0.618,4000,-0.786,9,5,55.56
Above,-0.618,4000,-1.0,9,2,22.22
Above,-0.618,4000,0.0,9,0,0.0
Below,-0.618,4000,0.236,5,0,0.0
Below,-0.618,4000,0.382,5,0,0.0
Below,-0.618,4000,0.5,5,0,0.0
Below,-0.618,4000,0.618,5,0,0.0
Below,-0.618,4000,0.786,5,0,0.0
Below,-0.618,4000,1.0,5,0,0.0
Below,-0.618,4000,-0.236,5,1,20.0
Below,-0.618,4000,-0.382,5,2,40.0
Below,-0.618,4000,-0.5,5,4,80.0
Below,-0.618,4000,-0.618,5,5,100.0
Below,-0.618,4000,-0.786,5,2,40.0
Below,-0.618,4000,-1.0,5,1,20.0
Below,-0.618,4000,0.0,5,0,0.0
Above,-0.618,5000,0.236,5,0,0.0
Above,-0.618,5000,0.382,5,0,0.0
Above,-0.618,5000,0.5,5,0,0.0
Above,-0.618,5000,0.618,5,0,0.0
Above,-0.618,5000,0.786,5,0,0.0
Above,-0.618,5000,1.0,5,0,0.0
Above,-0.618,5000,-0.236,5,0,0.0
Above,-0.618,5000,-0.382,5,0,0.0
Above,-0.618,5000,-0.5,3,0,0.0
Above,-0.618,5000,-0.618,5,5,100.0
Above,-0.618,5000,-0.786,5,3,60.0
Above,-0.618,5000,-1.0,5,3,60.0
Above,-0.618,5000,0.0,5,0,0.0
Below,-0.618,5000,0.236,2,0,0.0
Below,-0.618,5000,0.382,2,0,0.0
Below,-0.618,5000,0.5,2,0,0.0
Below,-0.618,5000,0.618,2,0,0.0
Below,-0.618,5000,0.786,2,0,0.0
Below,-0.618,5000,1.0,2,0,0.0
Below,-0.618,5000,-0.236,2,0,0.0
Below,-0.618,5000,-0.382,2,0,0.0
Below,-0.618,5000,-0.5,2,2,100.0
Below,-0.618,5000,-0.618,2,2,100.0
Below,-0.618,5000,-0.786,2,0,0.0
Below,-0.618,5000,-1.0,2,0,0.0
Below,-0.618,5000,0.0,2,0,0.0
Above,-0.618,OPEN,0.236,2269,280,12.34
Above,-0.618,OPEN,0.382,2538,237,9.34
Above,-0.618,OPEN,0.5,2727,221,8.1
Above,-0.618,OPEN,0.618,2865,177,6.18
Above,-0.618,OPEN,0.786,2998,127,4.24
Above,-0.618,OPEN,1.0,3125,84,2.69
Above,-0.618,OPEN,-0.236,1050,320,30.48
Above,-0.618,OPEN,-0.382,683,287,42.02
Above,-0.618,OPEN,-0.5,375,203,54.13
Above,-0.618,OPEN,-0.618,3228,490,15.18
Above,-0.618,OPEN,-0.786,3235,241,7.45
Above,-0.618,OPEN,-1.0,3274,69,2.11
Above,-0.618,OPEN,0.0,1681,360,21.42
Below,-0.618,OPEN,0.236,843,8,0.95
Below,-0.618,OPEN,0.382,848,3,0.35
Below,-0.618,OPEN,0.5,849,3,0.35
Below,-0.618,OPEN,0.618,849,2,0.24
Below,-0.618,OPEN,0.786,850,2,0.24
Below,-0.618,OPEN,1.0,850,0,0.0
Below,-0.618,OPEN,-0.236,778,80,10.28
Below,-0.618,OPEN,-0.382,737,151,20.49
Below,-0.618,OPEN,-0.5,742,252,33.96
Below,-0.618,OPEN,-0.618,748,370,49.47
Below,-0.618,OPEN,-0.786,423,146,34.52
Below,-0.618,OPEN,-1.0,671,146,21.76
Below,-0.618,OPEN,0.0,825,21,2.55
Above,-0.5,0900,0.236,132,4,3.03
Above,-0.5,0900,0.382,132,1,0.76
Above,-0.5,0900,0.5,132,1,0.76
Above,-0.5,0900,0.618,132,1,0.76
Above,-0.5,0900,0.786,132,1,0.76
Above,-0.5,0900,1.0,132,0,0.0
Above,-0.5,0900,-0.236,131,73,55.73
Above,-0.5,0900,-0.382,127,105,82.68
Above,-0.5,0900,-0.5,49,47,95.92
Above,-0.5,0900,-0.618,47,26,55.32
Above,-0.5,0900,-0.786,57,7,12.28
Above,-0.5,0900,-1.0,96,2,2.08
Above,-0.5,0900,0.0,131,18,13.74
Below,-0.5,0900,0.236,90,1,1.11
Below,-0.5,0900,0.382,94,2,2.13
Below,-0.5,0900,0.5,94,0,0.0
Below,-0.5,0900,0.618,95,0,0.0
Below,-0.5,0900,0.786,96,0,0.0
Below,-0.5,0900,1.0,96,0,0.0
Below,-0.5,0900,-0.236,40,12,30.0
Below,-0.5,0900,-0.382,32,23,71.88
Below,-0.5,0900,-0.5,34,34,100.0
Below,-0.5,0900,-0.618,96,52,54.17
Below,-0.5,0900,-0.786,97,23,23.71
Below,-0.5,0900,-1.0,98,4,4.08
Below,-0.5,0900,0.0,56,5,8.93
Above,-0.5,1000,0.236,90,1,1.11
Above,-0.5,1000,0.382,90,0,0.0
Above,-0.5,1000,0.5,90,0,0.0
Above,-0.5,1000,0.618,90,0,0.0
Above,-0.5,1000,0.786,90,0,0.0
Above,-0.5,1000,1.0,90,0,0.0
Above,-0.5,1000,-0.236,90,50,55.56
Above,-0.5,1000,-0.382,88,75,85.23
Above,-0.5,1000,-0.5,15,15,100.0
Above,-0.5,1000,-0.618,15,13,86.67
Above,-0.5,1000,-0.786,17,7,41.18
Above,-0.5,1000,-1.0,41,3,7.32
Above,-0.5,1000,0.0,90,9,10.0
Below,-0.5,1000,0.236,84,7,8.33
Below,-0.5,1000,0.382,100,2,2.0
Below,-0.5,1000,0.5,108,1,0.93
Below,-0.5,1000,0.618,110,0,0.0
Below,-0.5,1000,0.786,113,0,0.0
Below,-0.5,1000,1.0,114,0,0.0
Below,-0.5,1000,-0.236,16,4,25.0
Below,-0.5,1000,-0.382,15,10,66.67
Below,-0.5,1000,-0.5,15,15,100.0
Below,-0.5,1000,-0.618,113,53,46.9
Below,-0.5,1000,-0.786,114,20,17.54
Below,-0.5,1000,-1.0,114,4,3.51
Below,-0.5,1000,0.0,41,7,17.07
Above,-0.5,1100,0.236,40,0,0.0
Above,-0.5,1100,0.382,40,0,0.0
Above,-0.5,1100,0.5,40,0,0.0
Above,-0.5,1100,0.618,40,0,0.0
Above,-0.5,1100,0.786,40,0,0.0
Above,-0.5,1100,1.0,40,0,0.0
Above,-0.5,1100,-0.236,40,18,45.0
Above,-0.5,1100,-0.382,40,31,77.5
Above,-0.5,1100,-0.5,0,0,0.0
Above,-0.5,1100,-0.618,0,0,0.0
Above,-0.5,1100,-0.786,1,1,100.0
Above,-0.5,1100,-1.0,18,7,38.89
Above,-0.5,1100,0.0,40,4,10.0
Below,-0.5,1100,0.236,29,7,24.14
Below,-0.5,1100,0.382,36,5,13.89
Below,-0.5,1100,0.5,48,2,4.17
Below,-0.5,1100,0.618,53,0,0.0
Below,-0.5,1100,0.786,55,0,0.0
Below,-0.5,1100,1.0,56,0,0.0
Below,-0.5,1100,-0.236,1,1,100.0
Below,-0.5,1100,-0.382,0,0,0.0
Below,-0.5,1100,-0.5,0,0,0.0
Below,-0.5,1100,-0.618,56,26,46.43
Below,-0.5,1100,-0.786,56,7,12.5
Below,-0.5,1100,-1.0,56,0,0.0
Below,-0.5,1100,0.0,12,4,33.33
Above,-0.5,1200,0.236,27,0,0.0
Above,-0.5,1200,0.382,27,0,0.0
Above,-0.5,1200,0.5,27,0,0.0
Above,-0.5,1200,0.618,27,0,0.0
Above,-0.5,1200,0.786,27,0,0.0
Above,-0.5,1200,1.0,27,0,0.0
Above,-0.5,1200,-0.236,27,14,51.85
Above,-0.5,1200,-0.382,27,23,85.19
Above,-0.5,1200,-0.5,0,0,0.0
Above,-0.5,1200,-0.618,0,0,0.0
Above,-0.5,1200,-0.786,2,2,100.0
Above,-0.5,1200,-1.0,9,5,55.56
Above,-0.5,1200,0.0,27,2,7.41
Below,-0.5,1200,0.236,15,7,46.67
Below,-0.5,1200,0.382,21,2,9.52
Below,-0.5,1200,0.5,27,2,7.41
Below,-0.5,1200,0.618,30,2,6.67
Below,-0.5,1200,0.786,35,0,0.0
Below,-0.5,1200,1.0,37,0,0.0
Below,-0.5,1200,-0.236,0,0,0.0
Below,-0.5,1200,-0.382,0,0,0.0
Below,-0.5,1200,-0.5,0,0,0.0
Below,-0.5,1200,-0.618,39,20,51.28
Below,-0.5,1200,-0.786,39,6,15.38
Below,-0.5,1200,-1.0,39,2,5.13
Below,-0.5,1200,0.0,3,2,66.67
Above,-0.5,1300,0.236,20,2,10.0
Above,-0.5,1300,0.382,20,1,5.0
Above,-0.5,1300,0.5,20,0,0.0
Above,-0.5,1300,0.618,20,0,0.0
Above,-0.5,1300,0.786,20,0,0.0
Above,-0.5,1300,1.0,20,0,0.0
Above,-0.5,1300,-0.236,20,17,85.0
Above,-0.5,1300,-0.382,20,20,100.0
Above,-0.5,1300,-0.5,0,0,0.0
Above,-0.5,1300,-0.618,0,0,0.0
Above,-0.5,1300,-0.786,1,1,100.0
Above,-0.5,1300,-1.0,5,2,40.0
Above,-0.5,1300,0.0,20,9,45.0
Below,-0.5,1300,0.236,7,4,57.14
Below,-0.5,1300,0.382,9,2,22.22
Below,-0.5,1300,0.5,15,3,20.0
Below,-0.5,1300,0.618,18,0,0.0
Below,-0.5,1300,0.786,21,0,0.0
Below,-0.5,1300,1.0,24,1,4.17
Below,-0.5,1300,-0.236,0,0,0.0
Below,-0.5,1300,-0.382,0,0,0.0
Below,-0.5,1300,-0.5,0,0,0.0
Below,-0.5,1300,-0.618,26,12,46.15
Below,-0.5,1300,-0.786,26,7,26.92
Below,-0.5,1300,-1.0,26,2,7.69
Below,-0.5,1300,0.0,4,4,100.0
Above,-0.5,1400,0.236,33,6,18.18
Above,-0.5,1400,0.382,33,0,0.0
Above,-0.5,1400,0.5,33,0,0.0
Above,-0.5,1400,0.618,33,0,0.0
Above,-0.5,1400,0.786,33,0,0.0
Above,-0.5,1400,1.0,33,0,0.0
Above,-0.5,1400,-0.236,33,33,100.0
Above,-0.5,1400,-0.382,33,33,100.0
Above,-0.5,1400,-0.5,0,0,0.0
Above,-0.5,1400,-0.618,0,0,0.0
Above,-0.5,1400,-0.786,2,1,50.0
Above,-0.5,1400,-1.0,12,7,58.33
Above,-0.5,1400,0.0,33,31,93.94
Below,-0.5,1400,0.236,16,7,43.75
Below,-0.5,1400,0.382,25,10,40.0
Below,-0.5,1400,0.5,26,6,23.08
Below,-0.5,1400,0.618,26,1,3.85
Below,-0.5,1400,0.786,31,3,9.68
Below,-0.5,1400,1.0,33,2,6.06
Below,-0.5,1400,-0.236,1,1,100.0
Below,-0.5,1400,-0.382,1,1,100.0
Below,-0.5,1400,-0.5,1,1,100.0
Below,-0.5,1400,-0.618,41,14,34.15
Below,-0.5,1400,-0.786,41,7,17.07
Below,-0.5,1400,-1.0,41,2,4.88
Below,-0.5,1400,0.0,9,9,100.0
Above,-0.5,1500,0.236,14,0,0.0
Above,-0.5,1500,0.382,14,0,0.0
Above,-0.5,1500,0.5,14,0,0.0
Above,-0.5,1500,0.618,14,0,0.0
Above,-0.5,1500,0.786,14,0,0.0
Above,-0.5,1500,1.0,14,0,0.0
Above,-0.5,1500,-0.236,14,14,100.0
Above,-0.5,1500,-0.382,14,14,100.0
Above,-0.5,1500,-0.5,8,7,87.5
Above,-0.5,1500,-0.618,8,7,87.5
Above,-0.5,1500,-0.786,8,7,87.5
Above,-0.5,1500,-1.0,9,8,88.89
Above,-0.5,1500,0.0,14,14,100.0
Below,-0.5,1500,0.236,10,7,70.0
Below,-0.5,1500,0.382,14,8,57.14
Below,-0.5,1500,0.5,16,10,62.5
Below,-0.5,1500,0.618,17,9,52.94
Below,-0.5,1500,0.786,17,3,17.65
Below,-0.5,1500,1.0,17,3,17.65
Below,-0.5,1500,-0.236,9,9,100.0
Below,-0.5,1500,-0.382,8,8,100.0
Below,-0.5,1500,-0.5,8,8,100.0
Below,-0.5,1500,-0.618,18,5,27.78
Below,-0.5,1500,-0.786,18,1,5.56
Below,-0.5,1500,-1.0,18,0,0.0
Below,-0.5,1500,0.0,10,10,100.0
Above,-0.5,2000,0.236,16,0,0.0
Above,-0.5,2000,0.382,16,0,0.0
Above,-0.5,2000,0.5,16,0,0.0
Above,-0.5,2000,0.618,16,0,0.0
Above,-0.5,2000,0.786,16,0,0.0
Above,-0.5,2000,1.0,16,0,0.0
Above,-0.5,2000,-0.236,16,0,0.0
Above,-0.5,2000,-0.382,14,7,50.0
Above,-0.5,2000,-0.5,16,16,100.0
Above,-0.5,2000,-0.618,13,6,46.15
Above,-0.5,2000,-0.786,16,4,25.0
Above,-0.5,2000,-1.0,16,2,12.5
Above,-0.5,2000,0.0,16,0,0.0
Below,-0.5,2000,0.236,11,0,0.0
Below,-0.5,2000,0.382,11,0,0.0
Below,-0.5,2000,0.5,11,0,0.0
Below,-0.5,2000,0.618,11,0,0.0
Below,-0.5,2000,0.786,11,0,0.0
Below,-0.5,2000,1.0,11,0,0.0
Below,-0.5,2000,-0.236,11,5,45.45
Below,-0.5,2000,-0.382,11,10,90.91
Below,-0.5,2000,-0.5,11,11,100.0
Below,-0.5,2000,-0.618,9,2,22.22
Below,-0.5,2000,-0.786,11,0,0.0
Below,-0.5,2000,-1.0,11,0,0.0
Below,-0.5,2000,0.0,11,0,0.0
Above,-0.5,3000,0.236,7,0,0.0
Above,-0.5,3000,0.382,7,0,0.0
Above,-0.5,3000,0.5,7,0,0.0
Above,-0.5,3000,0.618,7,0,0.0
Above,-0.5,3000,0.786,7,0,0.0
Above,-0.5,3000,1.0,7,0,0.0
Above,-0.5,3000,-0.236,7,0,0.0
Above,-0.5,3000,-0.382,7,3,42.86
Above,-0.5,3000,-0.5,7,7,100.0
Above,-0.5,3000,-0.618,6,2,33.33
Above,-0.5,3000,-0.786,7,1,14.29
Above,-0.5,3000,-1.0,7,1,14.29
Above,-0.5,3000,0.0,7,0,0.0
Below,-0.5,3000,0.236,7,0,0.0
Below,-0.5,3000,0.382,7,0,0.0
Below,-0.5,3000,0.5,7,0,0.0
Below,-0.5,3000,0.618,7,0,0.0
Below,-0.5,3000,0.786,7,0,0.0
Below,-0.5,3000,1.0,7,0,0.0
Below,-0.5,3000,-0.236,7,0,0.0
Below,-0.5,3000,-0.382,7,4,57.14
Below,-0.5,3000,-0.5,7,7,100.0
Below,-0.5,3000,-0.618,7,2,28.57
Below,-0.5,3000,-0.786,7,0,0.0
Below,-0.5,3000,-1.0,7,0,0.0
Below,-0.5,3000,0.0,7,0,0.0
Above,-0.5,4000,0.236,3,0,0.0
Above,-0.5,4000,0.382,3,0,0.0
Above,-0.5,4000,0.5,3,0,0.0
Above,-0.5,4000,0.618,3,0,0.0
Above,-0.5,4000,0.786,3,0,0.0
Above,-0.5,4000,1.0,3,0,0.0
Above,-0.5,4000,-0.236,3,0,0.0
Above,-0.5,4000,-0.382,1,0,0.0
Above,-0.5,4000,-0.5,3,3,100.0
Above,-0.5,4000,-0.618,3,3,100.0
Above,-0.5,4000,-0.786,2,0,0.0
Above,-0.5,4000,-1.0,3,0,0.0
Above,-0.5,4000,0.0,3,0,0.0
Below,-0.5,4000,0.236,4,0,0.0
Below,-0.5,4000,0.382,4,0,0.0
Below,-0.5,4000,0.5,4,0,0.0
Below,-0.5,4000,0.618,4,0,0.0
Below,-0.5,4000,0.786,4,0,0.0
Below,-0.5,4000,1.0,4,0,0.0
Below,-0.5,4000,-0.236,4,0,0.0
Below,-0.5,4000,-0.382,3,2,66.67
Below,-0.5,4000,-0.5,4,4,100.0
Below,-0.5,4000,-0.618,4,3,75.0
Below,-0.5,4000,-0.786,4,0,0.0
Below,-0.5,4000,-1.0,4,0,0.0
Below,-0.5,4000,0.0,4,0,0.0
Above,-0.5,5000,0.236,9,0,0.0
Above,-0.5,5000,0.382,9,0,0.0
Above,-0.5,5000,0.5,9,0,0.0
Above,-0.5,5000,0.618,9,0,0.0
Above,-0.5,5000,0.786,9,0,0.0
Above,-0.5,5000,1.0,9,0,0.0
Above,-0.5,5000,-0.236,9,2,22.22
Above,-0.5,5000,-0.382,8,2,25.0
Above,-0.5,5000,-0.5,9,9,100.0
Above,-0.5,5000,-0.618,9,8,88.89
Above,-0.5,5000,-0.786,9,4,44.44
Above,-0.5,5000,-1.0,9,2,22.22
Above,-0.5,5000,0.0,9,0,0.0
Below,-0.5,5000,0.236,3,0,0.0
Below,-0.5,5000,0.382,3,0,0.0
Below,-0.5,5000,0.5,3,0,0.0
Below,-0.5,5000,0.618,3,0,0.0
Below,-0.5,5000,0.786,3,0,0.0
Below,-0.5,5000,1.0,3,0,0.0
Below,-0.5,5000,-0.236,3,0,0.0
Below,-0.5,5000,-0.382,2,2,100.0
Below,-0.5,5000,-0.5,3,3,100.0
Below,-0.5,5000,-0.618,2,1,50.0
Below,-0.5,5000,-0.786,3,0,0.0
Below,-0.5,5000,-1.0,3,0,0.0
Below,-0.5,5000,0.0,3,0,0.0
Above,-0.5,OPEN,0.236,2108,278,13.19
Above,-0.5,OPEN,0.382,2378,236,9.92
Above,-0.5,OPEN,0.5,2567,220,8.57
Above,-0.5,OPEN,0.618,2705,176,6.51
Above,-0.5,OPEN,0.786,2838,125,4.4
Above,-0.5,OPEN,1.0,2965,84,2.83
Above,-0.5,OPEN,-0.236,869,308,35.44
Above,-0.5,OPEN,-0.382,434,234,53.92
Above,-0.5,OPEN,-0.5,3047,588,19.3
Above,-0.5,OPEN,-0.618,3051,345,11.31
Above,-0.5,OPEN,-0.786,3071,127,4.14
Above,-0.5,OPEN,-1.0,3136,36,1.15
Above,-0.5,OPEN,0.0,1517,360,23.73
Below,-0.5,OPEN,0.236,1112,13,1.17
Below,-0.5,OPEN,0.382,1121,6,0.54
Below,-0.5,OPEN,0.5,1124,4,0.36
Below,-0.5,OPEN,0.618,1127,3,0.27
Below,-0.5,OPEN,0.786,1128,3,0.27
Below,-0.5,OPEN,1.0,1129,0,0.0
Below,-0.5,OPEN,-0.236,993,153,15.41
Below,-0.5,OPEN,-0.382,992,315,31.75
Below,-0.5,OPEN,-0.5,992,470,47.38
Below,-0.5,OPEN,-0.618,428,183,42.76
Below,-0.5,OPEN,-0.786,732,187,25.55
Below,-0.5,OPEN,-1.0,954,157,16.46
Below,-0.5,OPEN,0.0,1075,46,4.28
Above,-0.382,0900,0.236,157,4,2.55
Above,-0.382,0900,0.382,157,2,1.27
Above,-0.382,0900,0.5,157,1,0.64
Above,-0.382,0900,0.618,157,1,0.64
Above,-0.382,0900,0.786,157,0,0.0
Above,-0.382,0900,1.0,157,0,0.0
Above,-0.382,0900,-0.236,152,112,73.68
Above,-0.382,0900,-0.382,44,43,97.73
Above,-0.382,0900,-0.5,43,23,53.49
Above,-0.382,0900,-0.618,55,12,21.82
Above,-0.382,0900,-0.786,79,7,8.86
Above,-0.382,0900,-1.0,134,3,2.24
Above,-0.382,0900,0.0,156,41,26.28
Below,-0.382,0900,0.236,100,1,1.0
Below,-0.382,0900,0.382,108,1,0.93
Below,-0.382,0900,0.5,115,0,0.0
Below,-0.382,0900,0.618,119,0,0.0
Below,-0.382,0900,0.786,122,0,0.0
Below,-0.382,0900,1.0,123,0,0.0
Below,-0.382,0900,-0.236,29,14,48.28
Below,-0.382,0900,-0.382,30,30,100.0
Below,-0.382,0900,-0.5,120,63,52.5
Below,-0.382,0900,-0.618,125,29,23.2
Below,-0.382,0900,-0.786,125,15,12.0
Below,-0.382,0900,-1.0,125,1,0.8
Below,-0.382,0900,0.0,57,9,15.79
Above,-0.382,1000,0.236,136,4,2.94
Above,-0.382,1000,0.382,136,1,0.74
Above,-0.382,1000,0.5,136,0,0.0
Above,-0.382,1000,0.618,136,0,0.0
Above,-0.382,1000,0.786,136,0,0.0
Above,-0.382,1000,1.0,136,0,0.0
Above,-0.382,1000,-0.236,134,99,73.88
Above,-0.382,1000,-0.382,20,20,100.0
Above,-0.382,1000,-0.5,19,15,78.95
Above,-0.382,1000,-0.618,20,5,25.0
Above,-0.382,1000,-0.786,42,3,7.14
Above,-0.382,1000,-1.0,93,1,1.08
Above,-0.382,1000,0.0,136,24,17.65
Below,-0.382,1000,0.236,97,11,11.34
Below,-0.382,1000,0.382,123,7,5.69
Below,-0.382,1000,0.5,136,2,1.47
Below,-0.382,1000,0.618,140,0,0.0
Below,-0.382,1000,0.786,142,0,0.0
Below,-0.382,1000,1.0,144,0,0.0
Below,-0.382,1000,-0.236,17,12,70.59
Below,-0.382,1000,-0.382,18,18,100.0
Below,-0.382,1000,-0.5,140,72,51.43
Below,-0.382,1000,-0.618,141,36,25.53
Below,-0.382,1000,-0.786,144,11,7.64
Below,-0.382,1000,-1.0,144,3,2.08
Below,-0.382,1000,0.0,35,11,31.43
Above,-0.382,1100,0.236,65,0,0.0
Above,-0.382,1100,0.382,65,0,0.0
Above,-0.382,1100,0.5,65,0,0.0
Above,-0.382,1100,0.618,65,0,0.0
Above,-0.382,1100,0.786,65,0,0.0
Above,-0.382,1100,1.0,65,0,0.0
Above,-0.382,1100,-0.236,65,44,67.69
Above,-0.382,1100,-0.382,0,0,0.0
Above,-0.382,1100,-0.5,0,0,0.0
Above,-0.382,1100,-0.618,1,1,100.0
Above,-0.382,1100,-0.786,13,7,53.85
Above,-0.382,1100,-1.0,30,8,26.67
Above,-0.382,1100,0.0,65,10,15.38
Below,-0.382,1100,0.236,30,8,26.67
Below,-0.382,1100,0.382,42,3,7.14
Below,-0.382,1100,0.5,57,4,7.02
Below,-0.382,1100,0.618,64,2,3.12
Below,-0.382,1100,0.786,71,1,1.41
Below,-0.382,1100,1.0,73,0,0.0
Below,-0.382,1100,-0.236,0,0,0.0
Below,-0.382,1100,-0.382,0,0,0.0
Below,-0.382,1100,-0.5,77,36,46.75
Below,-0.382,1100,-0.618,77,14,18.18
Below,-0.382,1100,-0.786,77,6,7.79
Below,-0.382,1100,-1.0,77,1,1.3
Below,-0.382,1100,0.0,8,6,75.0
Above,-0.382,1200,0.236,35,1,2.86
Above,-0.382,1200,0.382,35,0,0.0
Above,-0.382,1200,0.5,35,0,0.0
Above,-0.382,1200,0.618,35,0,0.0
Above,-0.382,1200,0.786,35,0,0.0
Above,-0.382,1200,1.0,35,0,0.0
Above,-0.382,1200,-0.236,35,31,88.57
Above,-0.382,1200,-0.382,0,0,0.0
Above,-0.382,1200,-0.5,0,0,0.0
Above,-0.382,1200,-0.618,0,0,0.0
Above,-0.382,1200,-0.786,7,6,85.71
Above,-0.382,1200,-1.0,19,7,36.84
Above,-0.382,1200,0.0,35,7,20.0
Below,-0.382,1200,0.236,20,5,25.0
Below,-0.382,1200,0.382,34,7,20.59
Below,-0.382,1200,0.5,44,6,13.64
Below,-0.382,1200,0.618,47,2,4.26
Below,-0.382,1200,0.786,56,0,0.0
Below,-0.382,1200,1.0,59,1,1.69
Below,-0.382,1200,-0.236,0,0,0.0
Below,-0.382,1200,-0.382,0,0,0.0
Below,-0.382,1200,-0.5,61,31,50.82
Below,-0.382,1200,-0.618,61,16,26.23
Below,-0.382,1200,-0.786,61,4,6.56
Below,-0.382,1200,-1.0,61,1,1.64
Below,-0.382,1200,0.0,6,6,100.0
Above,-0.382,1300,0.236,33,1,3.03
Above,-0.382,1300,0.382,33,1,3.03
Above,-0.382,1300,0.5,33,0,0.0
Above,-0.382,1300,0.618,33,0,0.0
Above,-0.382,1300,0.786,33,0,0.0
Above,-0.382,1300,1.0,33,0,0.0
Above,-0.382,1300,-0.236,33,32,96.97
Above,-0.382,1300,-0.382,0,0,0.0
Above,-0.382,1300,-0.5,0,0,0.0
Above,-0.382,1300,-0.618,0,0,0.0
Above,-0.382,1300,-0.786,6,5,83.33
Above,-0.382,1300,-1.0,15,8,53.33
Above,-0.382,1300,0.0,33,13,39.39
Below,-0.382,1300,0.236,25,13,52.0
Below,-0.382,1300,0.382,30,5,16.67
Below,-0.382,1300,0.5,34,6,17.65
Below,-0.382,1300,0.618,40,4,10.0
Below,-0.382,1300,0.786,47,5,10.64
Below,-0.382,1300,1.0,51,3,5.88
Below,-0.382,1300,-0.236,0,0,0.0
Below,-0.382,1300,-0.382,0,0,0.0
Below,-0.382,1300,-0.5,54,22,40.74
Below,-0.382,1300,-0.618,54,10,18.52
Below,-0.382,1300,-0.786,54,3,5.56
Below,-0.382,1300,-1.0,54,1,1.85
Below,-0.382,1300,0.0,7,6,85.71
Above,-0.382,1400,0.236,47,8,17.02
Above,-0.382,1400,0.382,47,0,0.0
Above,-0.382,1400,0.5,47,0,0.0
Above,-0.382,1400,0.618,47,0,0.0
Above,-0.382,1400,0.786,47,0,0.0
Above,-0.382,1400,1.0,47,0,0.0
Above,-0.382,1400,-0.236,47,47,100.0
Above,-0.382,1400,-0.382,0,0,0.0
Above,-0.382,1400,-0.5,0,0,0.0
Above,-0.382,1400,-0.618,1,1,100.0
Above,-0.382,1400,-0.786,10,8,80.0
Above,-0.382,1400,-1.0,23,9,39.13
Above,-0.382,1400,0.0,47,44,93.62
Below,-0.382,1400,0.236,21,9,42.86
Below,-0.382,1400,0.382,27,5,18.52
Below,-0.382,1400,0.5,37,11,29.73
Below,-0.382,1400,0.618,41,10,24.39
Below,-0.382,1400,0.786,48,5,10.42
Below,-0.382,1400,1.0,50,2,4.0
Below,-0.382,1400,-0.236,0,0,0.0
Below,-0.382,1400,-0.382,0,0,0.0
Below,-0.382,1400,-0.5,60,28,46.67
Below,-0.382,1400,-0.618,60,9,15.0
Below,-0.382,1400,-0.786,60,6,10.0
Below,-0.382,1400,-1.0,60,2,3.33
Below,-0.382,1400,0.0,10,10,100.0
Above,-0.382,1500,0.236,27,2,7.41
Above,-0.382,1500,0.382,27,0,0.0
Above,-0.382,1500,0.5,27,0,0.0
Above,-0.382,1500,0.618,27,0,0.0
Above,-0.382,1500,0.786,27,0,0.0
Above,-0.382,1500,1.0,27,0,0.0
Above,-0.382,1500,-0.236,27,27,100.0
Above,-0.382,1500,-0.382,19,18,94.74
Above,-0.382,1500,-0.5,19,18,94.74
Above,-0.382,1500,-0.618,19,18,94.74
Above,-0.382,1500,-0.786,20,19,95.0
Above,-0.382,1500,-1.0,23,21,91.3
Above,-0.382,1500,0.0,27,27,100.0
Below,-0.382,1500,0.236,22,20,90.91
Below,-0.382,1500,0.382,26,21,80.77
Below,-0.382,1500,0.5,29,20,68.97
Below,-0.382,1500,0.618,30,17,56.67
Below,-0.382,1500,0.786,32,12,37.5
Below,-0.382,1500,1.0,33,7,21.21
Below,-0.382,1500,-0.236,21,21,100.0
Below,-0.382,1500,-0.382,21,21,100.0
Below,-0.382,1500,-0.5,33,7,21.21
Below,-0.382,1500,-0.618,33,3,9.09
Below,-0.382,1500,-0.786,33,0,0.0
Below,-0.382,1500,-1.0,33,0,0.0
Below,-0.382,1500,0.0,22,22,100.0
Above,-0.382,2000,0.236,14,0,0.0
Above,-0.382,2000,0.382,14,0,0.0
Above,-0.382,2000,0.5,14,0,0.0
Above,-0.382,2000,0.618,14,0,0.0
Above,-0.382,2000,0.786,14,0,0.0
Above,-0.382,2000,1.0,14,0,0.0
Above,-0.382,2000,-0.236,12,3,25.0
Above,-0.382,2000,-0.382,14,14,100.0
Above,-0.382,2000,-0.5,12,8,66.67
Above,-0.382,2000,-0.618,13,5,38.46
Above,-0.382,2000,-0.786,14,3,21.43
Above,-0.382,2000,-1.0,14,0,0.0
Above,-0.382,2000,0.0,14,1,7.14
Below,-0.382,2000,0.236,17,0,0.0
Below,-0.382,2000,0.382,17,0,0.0
Below,-0.382,2000,0.5,17,0,0.0
Below,-0.382,2000,0.618,17,0,0.0
Below,-0.382,2000,0.786,17,0,0.0
Below,-0.382,2000,1.0,17,0,0.0
Below,-0.382,2000,-0.236,16,11,68.75
Below,-0.382,2000,-0.382,17,17,100.0
Below,-0.382,2000,-0.5,17,6,35.29
Below,-0.382,2000,-0.618,17,0,0.0
Below,-0.382,2000,-0.786,17,0,0.0
Below,-0.382,2000,-1.0,17,0,0.0
Below,-0.382,2000,0.0,17,2,11.76
Above,-0.382,3000,0.236,7,0,0.0
Above,-0.382,3000,0.382,7,0,0.0
Above,-0.382,3000,0.5,7,0,0.0
Above,-0.382,3000,0.618,7,0,0.0
Above,-0.382,3000,0.786,7,0,0.0
Above,-0.382,3000,1.0,7,0,0.0
Above,-0.382,3000,-0.236,4,1,25.0
Above,-0.382,3000,-0.382,7,7,100.0
Above,-0.382,3000,-0.5,6,5,83.33
Above,-0.382,3000,-0.618,7,2,28.57
Above,-0.382,3000,-0.786,7,0,0.0
Above,-0.382,3000,-1.0,7,0,0.0
Above,-0.382,3000,0.0,7,1,14.29
Below,-0.382,3000,0.236,8,0,0.0
Below,-0.382,3000,0.382,8,0,0.0
Below,-0.382,3000,0.5,8,0,0.0
Below,-0.382,3000,0.618,8,0,0.0
Below,-0.382,3000,0.786,8,0,0.0
Below,-0.382,3000,1.0,8,0,0.0
Below,-0.382,3000,-0.236,8,4,50.0
Below,-0.382,3000,-0.382,8,8,100.0
Below,-0.382,3000,-0.5,6,3,50.0
Below,-0.382,3000,-0.618,7,0,0.0
Below,-0.382,3000,-0.786,8,0,0.0
Below,-0.382,3000,-1.0,8,0,0.0
Below,-0.382,3000,0.0,8,0,0.0
Above,-0.382,4000,0.236,5,1,20.0
Above,-0.382,4000,0.382,5,1,20.0
Above,-0.382,4000,0.5,5,0,0.0
Above,-0.382,4000,0.618,5,0,0.0
Above,-0.382,4000,0.786,5,0,0.0
Above,-0.382,4000,1.0,5,0,0.0
Above,-0.382,4000,-0.236,5,1,20.0
Above,-0.382,4000,-0.382,5,5,100.0
Above,-0.382,4000,-0.5,5,3,60.0
Above,-0.382,4000,-0.618,4,1,25.0
Above,-0.382,4000,-0.786,4,1,25.0
Above,-0.382,4000,-1.0,5,0,0.0
Above,-0.382,4000,0.0,5,1,20.0
Below,-0.382,4000,0.236,2,0,0.0
Below,-0.382,4000,0.382,2,0,0.0
Below,-0.382,4000,0.5,2,0,0.0
Below,-0.382,4000,0.618,2,0,0.0
Below,-0.382,4000,0.786,2,0,0.0
Below,-0.382,4000,1.0,2,0,0.0
Below,-0.382,4000,-0.236,2,2,100.0
Below,-0.382,4000,-0.382,2,2,100.0
Below,-0.382,4000,-0.5,1,0,0.0
Below,-0.382,4000,-0.618,2,0,0.0
Below,-0.382,4000,-0.786,2,0,0.0
Below,-0.382,4000,-1.0,2,0,0.0
Below,-0.382,4000,0.0,2,0,0.0
Above,-0.382,5000,0.236,11,0,0.0
Above,-0.382,5000,0.382,11,0,0.0
Above,-0.382,5000,0.5,11,0,0.0
Above,-0.382,5000,0.618,11,0,0.0
Above,-0.382,5000,0.786,11,0,0.0
Above,-0.382,5000,1.0,11,0,0.0
Above,-0.382,5000,-0.236,11,2,18.18
Above,-0.382,5000,-0.382,11,11,100.0
Above,-0.382,5000,-0.5,11,10,90.91
Above,-0.382,5000,-0.618,11,5,45.45
Above,-0.382,5000,-0.786,11,2,18.18
Above,-0.382,5000,-1.0,11,0,0.0
Above,-0.382,5000,0.0,11,1,9.09
Below,-0.382,5000,0.236,6,0,0.0
Below,-0.382,5000,0.382,6,0,0.0
Below,-0.382,5000,0.5,6,0,0.0
Below,-0.382,5000,0.618,6,0,0.0
Below,-0.382,5000,0.786,6,0,0.0
Below,-0.382,5000,1.0,6,0,0.0
Below,-0.382,5000,-0.236,5,5,100.0
Below,-0.382,5000,-0.382,6,6,100.0
Below,-0.382,5000,-0.5,6,0,0.0
Below,-0.382,5000,-0.618,6,0,0.0
Below,-0.382,5000,-0.786,6,0,0.0
Below,-0.382,5000,-1.0,6,0,0.0
Below,-0.382,5000,0.0,6,1,16.67
Above,-0.382,OPEN,0.236,1958,278,14.2
Above,-0.382,OPEN,0.382,2230,234,10.49
Above,-0.382,OPEN,0.5,2419,217,8.97
Above,-0.382,OPEN,0.618,2557,174,6.8
Above,-0.382,OPEN,0.786,2690,125,4.65
Above,-0.382,OPEN,1.0,2817,84,2.98
Above,-0.382,OPEN,-0.236,629,281,44.67
Above,-0.382,OPEN,-0.382,2886,672,23.28
Above,-0.382,OPEN,-0.5,2866,437,15.25
Above,-0.382,OPEN,-0.618,2876,210,7.3
Above,-0.382,OPEN,-0.786,2951,66,2.24
Above,-0.382,OPEN,-1.0,3002,19,0.63
Above,-0.382,OPEN,0.0,1360,355,26.1
Below,-0.382,OPEN,0.236,1375,23,1.67
Below,-0.382,OPEN,0.382,1390,10,0.72
Below,-0.382,OPEN,0.5,1396,7,0.5
Below,-0.382,OPEN,0.618,1398,4,0.29
Below,-0.382,OPEN,0.786,1399,3,0.21
Below,-0.382,OPEN,1.0,1400,0,0.0
Below,-0.382,OPEN,-0.236,1273,307,24.12
Below,-0.382,OPEN,-0.382,1277,564,44.17
Below,-0.382,OPEN,-0.5,467,225,48.18
Below,-0.382,OPEN,-0.618,772,257,33.29
Below,-0.382,OPEN,-0.786,1022,199,19.47
Below,-0.382,OPEN,-1.0,1228,160,13.03
Below,-0.382,OPEN,0.0,1320,93,7.05
Above,-0.236,0900,0.236,188,13,6.91
Above,-0.236,0900,0.382,188,2,1.06
Above,-0.236,0900,0.5,188,0,0.0
Above,-0.236,0900,0.618,188,0,0.0
Above,-0.236,0900,0.786,188,0,0.0
Above,-0.236,0900,1.0,188,0,0.0
Above,-0.236,0900,-0.236,49,48,97.96
Above,-0.236,0900,-0.382,49,25,51.02
Above,-0.236,0900,-0.5,58,6,10.34
Above,-0.236,0900,-0.618,95,6,6.32
Above,-0.236,0900,-0.786,145,4,2.76
Above,-0.236,0900,-1.0,177,1,0.56
Above,-0.236,0900,0.0,187,72,38.5
Below,-0.236,0900,0.236,79,4,5.06
Below,-0.236,0900,0.382,100,3,3.0
Below,-0.236,0900,0.5,110,2,1.82
Below,-0.236,0900,0.618,116,1,0.86
Below,-0.236,0900,0.786,120,0,0.0
Below,-0.236,0900,1.0,124,0,0.0
Below,-0.236,0900,-0.236,41,41,100.0
Below,-0.236,0900,-0.382,123,65,52.85
Below,-0.236,0900,-0.5,126,36,28.57
Below,-0.236,0900,-0.618,127,19,14.96
Below,-0.236,0900,-0.786,127,9,7.09
Below,-0.236,0900,-1.0,127,1,0.79
Below,-0.236,0900,0.0,44,4,9.09
Above,-0.236,1000,0.236,179,9,5.03
Above,-0.236,1000,0.382,179,2,1.12
Above,-0.236,1000,0.5,179,1,0.56
Above,-0.236,1000,0.618,179,0,0.0
Above,-0.236,1000,0.786,179,0,0.0
Above,-0.236,1000,1.0,179,0,0.0
Above,-0.236,1000,-0.236,14,14,100.0
Above,-0.236,1000,-0.382,14,8,57.14
Above,-0.236,1000,-0.5,18,7,38.89
Above,-0.236,1000,-0.618,42,7,16.67
Above,-0.236,1000,-0.786,93,3,3.23
Above,-0.236,1000,-1.0,149,3,2.01
Above,-0.236,1000,0.0,178,63,35.39
Below,-0.236,1000,0.236,79,12,15.19
Below,-0.236,1000,0.382,118,12,10.17
Below,-0.236,1000,0.5,147,6,4.08
Below,-0.236,1000,0.618,158,1,0.63
Below,-0.236,1000,0.786,167,1,0.6
Below,-0.236,1000,1.0,173,0,0.0
Below,-0.236,1000,-0.236,13,13,100.0
Below,-0.236,1000,-0.382,174,83,47.7
Below,-0.236,1000,-0.5,174,40,22.99
Below,-0.236,1000,-0.618,174,20,11.49
Below,-0.236,1000,-0.786,174,5,2.87
Below,-0.236,1000,-1.0,174,1,0.57
Below,-0.236,1000,0.0,14,3,21.43
Above,-0.236,1100,0.236,117,4,3.42
Above,-0.236,1100,0.382,117,0,0.0
Above,-0.236,1100,0.5,117,0,0.0
Above,-0.236,1100,0.618,117,0,0.0
Above,-0.236,1100,0.786,117,0,0.0
Above,-0.236,1100,1.0,117,0,0.0
Above,-0.236,1100,-0.236,0,0,0.0
Above,-0.236,1100,-0.382,0,0,0.0
Above,-0.236,1100,-0.5,3,3,100.0
Above,-0.236,1100,-0.618,19,8,42.11
Above,-0.236,1100,-0.786,50,8,16.0
Above,-0.236,1100,-1.0,84,5,5.95
Above,-0.236,1100,0.0,117,45,38.46
Below,-0.236,1100,0.236,19,7,36.84
Below,-0.236,1100,0.382,44,6,13.64
Below,-0.236,1100,0.5,59,9,15.25
Below,-0.236,1100,0.618,68,2,2.94
Below,-0.236,1100,0.786,84,0,0.0
Below,-0.236,1100,1.0,95,2,2.11
Below,-0.236,1100,-0.236,0,0,0.0
Below,-0.236,1100,-0.382,101,51,50.5
Below,-0.236,1100,-0.5,101,24,23.76
Below,-0.236,1100,-0.618,101,13,12.87
Below,-0.236,1100,-0.786,101,4,3.96
Below,-0.236,1100,-1.0,101,1,0.99
Below,-0.236,1100,0.0,0,0,0.0
Above,-0.236,1200,0.236,62,3,4.84
Above,-0.236,1200,0.382,62,0,0.0
Above,-0.236,1200,0.5,62,0,0.0
Above,-0.236,1200,0.618,62,0,0.0
Above,-0.236,1200,0.786,62,0,0.0
Above,-0.236,1200,1.0,62,0,0.0
Above,-0.236,1200,-0.236,0,0,0.0
Above,-0.236,1200,-0.382,0,0,0.0
Above,-0.236,1200,-0.5,1,1,100.0
Above,-0.236,1200,-0.618,6,5,83.33
Above,-0.236,1200,-0.786,25,10,40.0
Above,-0.236,1200,-1.0,44,6,13.64
Above,-0.236,1200,0.0,62,19,30.65
Below,-0.236,1200,0.236,16,5,31.25
Below,-0.236,1200,0.382,30,5,16.67
Below,-0.236,1200,0.5,39,5,12.82
Below,-0.236,1200,0.618,50,6,12.0
Below,-0.236,1200,0.786,59,3,5.08
Below,-0.236,1200,1.0,62,2,3.23
Below,-0.236,1200,-0.236,1,1,100.0
Below,-0.236,1200,-0.382,70,33,47.14
Below,-0.236,1200,-0.5,70,18,25.71
Below,-0.236,1200,-0.618,70,8,11.43
Below,-0.236,1200,-0.786,70,2,2.86
Below,-0.236,1200,-1.0,70,0,0.0
Below,-0.236,1200,0.0,1,1,100.0
Above,-0.236,1300,0.236,51,2,3.92
Above,-0.236,1300,0.382,51,1,1.96
Above,-0.236,1300,0.5,51,0,0.0
Above,-0.236,1300,0.618,51,0,0.0
Above,-0.236,1300,0.786,51,0,0.0
Above,-0.236,1300,1.0,51,0,0.0
Above,-0.236,1300,-0.236,0,0,0.0
Above,-0.236,1300,-0.382,0,0,0.0
Above,-0.236,1300,-0.5,0,0,0.0
Above,-0.236,1300,-0.618,6,6,100.0
Above,-0.236,1300,-0.786,17,8,47.06
Above,-0.236,1300,-1.0,37,10,27.03
Above,-0.236,1300,0.0,51,20,39.22
Below,-0.236,1300,0.236,13,9,69.23
Below,-0.236,1300,0.382,26,4,15.38
Below,-0.236,1300,0.5,35,5,14.29
Below,-0.236,1300,0.618,44,6,13.64
Below,-0.236,1300,0.786,53,8,15.09
Below,-0.236,1300,1.0,59,3,5.08
Below,-0.236,1300,-0.236,0,0,0.0
Below,-0.236,1300,-0.382,65,30,46.15
Below,-0.236,1300,-0.5,65,12,18.46
Below,-0.236,1300,-0.618,65,5,7.69
Below,-0.236,1300,-0.786,65,2,3.08
Below,-0.236,1300,-1.0,65,1,1.54
Below,-0.236,1300,0.0,0,0,0.0
Above,-0.236,1400,0.236,95,10,10.53
Above,-0.236,1400,0.382,95,1,1.05
Above,-0.236,1400,0.5,95,1,1.05
Above,-0.236,1400,0.618,95,0,0.0
Above,-0.236,1400,0.786,95,0,0.0
Above,-0.236,1400,1.0,95,0,0.0
Above,-0.236,1400,-0.236,0,0,0.0
Above,-0.236,1400,-0.382,0,0,0.0
Above,-0.236,1400,-0.5,5,5,100.0
Above,-0.236,1400,-0.618,18,15,83.33
Above,-0.236,1400,-0.786,41,21,51.22
Above,-0.236,1400,-1.0,68,17,25.0
Above,-0.236,1400,0.0,95,85,89.47
Below,-0.236,1400,0.236,27,19,70.37
Below,-0.236,1400,0.382,40,15,37.5
Below,-0.236,1400,0.5,52,13,25.0
Below,-0.236,1400,0.618,62,13,20.97
Below,-0.236,1400,0.786,80,6,7.5
Below,-0.236,1400,1.0,88,4,4.55
Below,-0.236,1400,-0.236,1,1,100.0
Below,-0.236,1400,-0.382,97,34,35.05
Below,-0.236,1400,-0.5,97,17,17.53
Below,-0.236,1400,-0.618,97,7,7.22
Below,-0.236,1400,-0.786,97,4,4.12
Below,-0.236,1400,-1.0,97,2,2.06
Below,-0.236,1400,0.0,6,6,100.0
Above,-0.236,1500,0.236,82,2,2.44
Above,-0.236,1500,0.382,82,0,0.0
Above,-0.236,1500,0.5,82,0,0.0
Above,-0.236,1500,0.618,82,0,0.0
Above,-0.236,1500,0.786,82,0,0.0
Above,-0.236,1500,1.0,82,0,0.0
Above,-0.236,1500,-0.236,45,44,97.78
Above,-0.236,1500,-0.382,46,45,97.83
Above,-0.236,1500,-0.5,48,47,97.92
Above,-0.236,1500,-0.618,52,49,94.23
Above,-0.236,1500,-0.786,59,50,84.75
Above,-0.236,1500,-1.0,71,42,59.15
Above,-0.236,1500,0.0,82,82,100.0
Below,-0.236,1500,0.236,68,64,94.12
Below,-0.236,1500,0.382,76,60,78.95
Below,-0.236,1500,0.5,81,51,62.96
Below,-0.236,1500,0.618,87,41,47.13
Below,-0.236,1500,0.786,91,29,31.87
Below,-0.236,1500,1.0,95,16,16.84
Below,-0.236,1500,-0.236,62,62,100.0
Below,-0.236,1500,-0.382,102,18,17.65
Below,-0.236,1500,-0.5,102,4,3.92
Below,-0.236,1500,-0.618,102,2,1.96
Below,-0.236,1500,-0.786,102,0,0.0
Below,-0.236,1500,-1.0,102,0,0.0
Below,-0.236,1500,0.0,62,62,100.0
Above,-0.236,2000,0.236,11,0,0.0
Above,-0.236,2000,0.382,11,0,0.0
Above,-0.236,2000,0.5,11,0,0.0
Above,-0.236,2000,0.618,11,0,0.0
Above,-0.236,2000,0.786,11,0,0.0
Above,-0.236,2000,1.0,11,0,0.0
Above,-0.236,2000,-0.236,11,11,100.0
Above,-0.236,2000,-0.382,10,4,40.0
Above,-0.236,2000,-0.5,11,1,9.09
Above,-0.236,2000,-0.618,11,0,0.0
Above,-0.236,2000,-0.786,11,0,0.0
Above,-0.236,2000,-1.0,11,0,0.0
Above,-0.236,2000,0.0,11,1,9.09
Below,-0.236,2000,0.236,14,0,0.0
Below,-0.236,2000,0.382,15,0,0.0
Below,-0.236,2000,0.5,15,0,0.0
Below,-0.236,2000,0.618,15,0,0.0
Below,-0.236,2000,0.786,15,0,0.0
Below,-0.236,2000,1.0,15,0,0.0
Below,-0.236,2000,-0.236,15,15,100.0
Below,-0.236,2000,-0.382,15,7,46.67
Below,-0.236,2000,-0.5,15,3,20.0
Below,-0.236,2000,-0.618,15,0,0.0
Below,-0.236,2000,-0.786,15,0,0.0
Below,-0.236,2000,-1.0,15,0,0.0
Below,-0.236,2000,0.0,14,0,0.0
Above,-0.236,3000,0.236,13,0,0.0
Above,-0.236,3000,0.382,13,0,0.0
Above,-0.236,3000,0.5,13,0,0.0
Above,-0.236,3000,0.618,13,0,0.0
Above,-0.236,3000,0.786,13,0,0.0
Above,-0.236,3000,1.0,13,0,0.0
Above,-0.236,3000,-0.236,13,13,100.0
Above,-0.236,3000,-0.382,13,6,46.15
Above,-0.236,3000,-0.5,13,3,23.08
Above,-0.236,3000,-0.618,13,1,7.69
Above,-0.236,3000,-0.786,13,0,0.0
Above,-0.236,3000,-1.0,13,0,0.0
Above,-0.236,3000,0.0,13,3,23.08
Below,-0.236,3000,0.236,12,0,0.0
Below,-0.236,3000,0.382,12,0,0.0
Below,-0.236,3000,0.5,12,0,0.0
Below,-0.236,3000,0.618,12,0,0.0
Below,-0.236,3000,0.786,12,0,0.0
Below,-0.236,3000,1.0,12,0,0.0
Below,-0.236,3000,-0.236,12,12,100.0
Below,-0.236,3000,-0.382,11,4,36.36
Below,-0.236,3000,-0.5,11,0,0.0
Below,-0.236,3000,-0.618,12,0,0.0
Below,-0.236,3000,-0.786,12,0,0.0
Below,-0.236,3000,-1.0,12,0,0.0
Below,-0.236,3000,0.0,11,3,27.27
Above,-0.236,4000,0.236,8,0,0.0
Above,-0.236,4000,0.382,8,0,0.0
Above,-0.236,4000,0.5,8,0,0.0
Above,-0.236,4000,0.618,8,0,0.0
Above,-0.236,4000,0.786,8,0,0.0
Above,-0.236,4000,1.0,8,0,0.0
Above,-0.236,4000,-0.236,8,8,100.0
Above,-0.236,4000,-0.382,7,6,85.71
Above,-0.236,4000,-0.5,8,1,12.5
Above,-0.236,4000,-0.618,8,0,0.0
Above,-0.236,4000,-0.786,8,0,0.0
Above,-0.236,4000,-1.0,8,0,0.0
Above,-0.236,4000,0.0,7,0,0.0
Below,-0.236,4000,0.236,8,0,0.0
Below,-0.236,4000,0.382,8,0,0.0
Below,-0.236,4000,0.5,8,0,0.0
Below,-0.236,4000,0.618,8,0,0.0
Below,-0.236,4000,0.786,8,0,0.0
Below,-0.236,4000,1.0,8,0,0.0
Below,-0.236,4000,-0.236,8,8,100.0
Below,-0.236,4000,-0.382,7,3,42.86
Below,-0.236,4000,-0.5,8,1,12.5
Below,-0.236,4000,-0.618,8,0,0.0
Below,-0.236,4000,-0.786,8,0,0.0
Below,-0.236,4000,-1.0,8,0,0.0
Below,-0.236,4000,0.0,8,2,25.0
Above,-0.236,5000,0.236,6,0,0.0
Above,-0.236,5000,0.382,6,0,0.0
Above,-0.236,5000,0.5,6,0,0.0
Above,-0.236,5000,0.618,6,0,0.0
Above,-0.236,5000,0.786,6,0,0.0
Above,-0.236,5000,1.0,6,0,0.0
Above,-0.236,5000,-0.236,6,6,100.0
Above,-0.236,5000,-0.382,6,6,100.0
Above,-0.236,5000,-0.5,6,4,66.67
Above,-0.236,5000,-0.618,6,3,50.0
Above,-0.236,5000,-0.786,6,1,16.67
Above,-0.236,5000,-1.0,6,0,0.0
Above,-0.236,5000,0.0,6,0,0.0
Below,-0.236,5000,0.236,8,1,12.5
Below,-0.236,5000,0.382,8,0,0.0
Below,-0.236,5000,0.5,8,0,0.0
Below,-0.236,5000,0.618,8,0,0.0
Below,-0.236,5000,0.786,8,0,0.0
Below,-0.236,5000,1.0,8,0,0.0
Below,-0.236,5000,-0.236,8,8,100.0
Below,-0.236,5000,-0.382,4,0,0.0
Below,-0.236,5000,-0.5,6,0,0.0
Below,-0.236,5000,-0.618,7,0,0.0
Below,-0.236,5000,-0.786,8,0,0.0
Below,-0.236,5000,-1.0,8,0,0.0
Below,-0.236,5000,0.0,8,3,37.5
Above,-0.236,OPEN,0.236,1669,281,16.84
Above,-0.236,OPEN,0.382,1943,236,12.15
Above,-0.236,OPEN,0.5,2133,220,10.31
Above,-0.236,OPEN,0.618,2272,177,7.79
Above,-0.236,OPEN,0.786,2405,126,5.24
Above,-0.236,OPEN,1.0,2532,84,3.32
Above,-0.236,OPEN,-0.236,2587,724,27.99
Above,-0.236,OPEN,-0.382,2563,398,15.53
Above,-0.236,OPEN,-0.5,2574,214,8.31
Above,-0.236,OPEN,-0.618,2643,87,3.29
Above,-0.236,OPEN,-0.786,2706,29,1.07
Above,-0.236,OPEN,-1.0,2730,6,0.22
Above,-0.236,OPEN,0.0,1025,344,33.56
Below,-0.236,OPEN,0.236,1747,42,2.4
Below,-0.236,OPEN,0.382,1777,18,1.01
Below,-0.236,OPEN,0.5,1792,10,0.56
Below,-0.236,OPEN,0.618,1803,8,0.44
Below,-0.236,OPEN,0.786,1806,3,0.17
Below,-0.236,OPEN,1.0,1807,0,0.0
Below,-0.236,OPEN,-0.236,1646,623,37.85
Below,-0.236,OPEN,-0.382,658,282,42.86
Below,-0.236,OPEN,-0.5,969,306,31.58
Below,-0.236,OPEN,-0.618,1218,266,21.84
Below,-0.236,OPEN,-0.786,1444,198,13.71
Below,-0.236,OPEN,-1.0,1640,158,9.63
Below,-0.236,OPEN,0.0,1638,218,13.31
Above,0.0,0900,0.236,184,44,23.91
Above,0.0,0900,0.382,184,15,8.15
Above,0.0,0900,0.5,184,5,2.72
Above,0.0,0900,0.618,184,2,1.09
Above,0.0,0900,0.786,184,1,0.54
Above,0.0,0900,1.0,184,0,0.0
Above,0.0,0900,-0.236,57,17,29.82
Above,0.0,0900,-0.382,95,15,15.79
Above,0.0,0900,-0.5,131,7,5.34
Above,0.0,0900,-0.618,157,5,3.18
Above,0.0,0900,-0.786,173,3,1.73
Above,0.0,0900,-1.0,180,0,0.0
Above,0.0,0900,0.0,55,55,100.0
Below,0.0,0900,0.236,43,7,16.28
Below,0.0,0900,0.382,75,3,4.0
Below,0.0,0900,0.5,104,4,3.85
Below,0.0,0900,0.618,134,3,2.24
Below,0.0,0900,0.786,145,2,1.38
Below,0.0,0900,1.0,156,0,0.0
Below,0.0,0900,-0.236,158,53,33.54
Below,0.0,0900,-0.382,159,20,12.58
Below,0.0,0900,-0.5,159,14,8.81
Below,0.0,0900,-0.618,159,8,5.03
Below,0.0,0900,-0.786,159,4,2.52
Below,0.0,0900,-1.0,159,2,1.26
Below,0.0,0900,0.0,42,42,100.0
Above,0.0,1000,0.236,191,38,19.9
Above,0.0,1000,0.382,191,8,4.19
Above,0.0,1000,0.5,191,2,1.05
Above,0.0,1000,0.618,191,1,0.52
Above,0.0,1000,0.786,191,0,0.0
Above,0.0,1000,1.0,191,0,0.0
Above,0.0,1000,-0.236,23,4,17.39
Above,0.0,1000,-0.382,56,7,12.5
Above,0.0,1000,-0.5,91,3,3.3
Above,0.0,1000,-0.618,133,3,2.26
Above,0.0,1000,-0.786,165,2,1.21
Above,0.0,1000,-1.0,182,1,0.55
Above,0.0,1000,0.0,16,16,100.0
Below,0.0,1000,0.236,18,1,5.56
Below,0.0,1000,0.382,35,2,5.71
Below,0.0,1000,0.5,77,8,10.39
Below,0.0,1000,0.618,101,4,3.96
Below,0.0,1000,0.786,137,1,0.73
Below,0.0,1000,1.0,157,1,0.64
Below,0.0,1000,-0.236,168,52,30.95
Below,0.0,1000,-0.382,168,24,14.29
Below,0.0,1000,-0.5,168,7,4.17
Below,0.0,1000,-0.618,168,2,1.19
Below,0.0,1000,-0.786,168,1,0.6
Below,0.0,1000,-1.0,168,0,0.0
Below,0.0,1000,0.0,15,15,100.0
Above,0.0,1100,0.236,135,22,16.3
Above,0.0,1100,0.382,135,4,2.96
Above,0.0,1100,0.5,135,1,0.74
Above,0.0,1100,0.618,135,1,0.74
Above,0.0,1100,0.786,135,1,0.74
Above,0.0,1100,1.0,135,0,0.0
Above,0.0,1100,-0.236,4,0,0.0
Above,0.0,1100,-0.382,29,8,27.59
Above,0.0,1100,-0.5,51,6,11.76
Above,0.0,1100,-0.618,81,5,6.17
Above,0.0,1100,-0.786,110,4,3.64
Above,0.0,1100,-1.0,128,1,0.78
Above,0.0,1100,0.0,0,0,0.0
Below,0.0,1100,0.236,6,1,16.67
Below,0.0,1100,0.382,16,3,18.75
Below,0.0,1100,0.5,35,9,25.71
Below,0.0,1100,0.618,51,8,15.69
Below,0.0,1100,0.786,71,3,4.23
Below,0.0,1100,1.0,86,3,3.49
Below,0.0,1100,-0.236,103,46,44.66
Below,0.0,1100,-0.382,103,21,20.39
Below,0.0,1100,-0.5,103,10,9.71
Below,0.0,1100,-0.618,103,6,5.83
Below,0.0,1100,-0.786,103,3,2.91
Below,0.0,1100,-1.0,103,1,0.97
Below,0.0,1100,0.0,3,3,100.0
Above,0.0,1200,0.236,96,14,14.58
Above,0.0,1200,0.382,96,2,2.08
Above,0.0,1200,0.5,96,0,0.0
Above,0.0,1200,0.618,96,0,0.0
Above,0.0,1200,0.786,96,0,0.0
Above,0.0,1200,1.0,96,0,0.0
Above,0.0,1200,-0.236,3,2,66.67
Above,0.0,1200,-0.382,12,6,50.0
Above,0.0,1200,-0.5,31,13,41.94
Above,0.0,1200,-0.618,49,10,20.41
Above,0.0,1200,-0.786,71,4,5.63
Above,0.0,1200,-1.0,83,1,1.2
Above,0.0,1200,0.0,0,0,0.0
Below,0.0,1200,0.236,3,2,66.67
Below,0.0,1200,0.382,11,4,36.36
Below,0.0,1200,0.5,19,6,31.58
Below,0.0,1200,0.618,28,8,28.57
Below,0.0,1200,0.786,43,6,13.95
Below,0.0,1200,1.0,55,4,7.27
Below,0.0,1200,-0.236,66,21,31.82
Below,0.0,1200,-0.382,66,10,15.15
Below,0.0,1200,-0.5,66,6,9.09
Below,0.0,1200,-0.618,66,4,6.06
Below,0.0,1200,-0.786,66,2,3.03
Below,0.0,1200,-1.0,66,1,1.52
Below,0.0,1200,0.0,0,0,0.0
Above,0.0,1300,0.236,83,12,14.46
Above,0.0,1300,0.382,83,2,2.41
Above,0.0,1300,0.5,83,0,0.0
Above,0.0,1300,0.618,83,0,0.0
Above,0.0,1300,0.786,83,0,0.0
Above,0.0,1300,1.0,83,0,0.0
Above,0.0,1300,-0.236,3,2,66.67
Above,0.0,1300,-0.382,14,10,71.43
Above,0.0,1300,-0.5,22,11,50.0
Above,0.0,1300,-0.618,41,12,29.27
Above,0.0,1300,-0.786,60,10,16.67
Above,0.0,1300,-1.0,71,2,2.82
Above,0.0,1300,0.0,1,1,100.0
Below,0.0,1300,0.236,2,2,100.0
Below,0.0,1300,0.382,11,9,81.82
Below,0.0,1300,0.5,21,10,47.62
Below,0.0,1300,0.618,38,18,47.37
Below,0.0,1300,0.786,53,9,16.98
Below,0.0,1300,1.0,68,3,4.41
Below,0.0,1300,-0.236,84,39,46.43
Below,0.0,1300,-0.382,84,16,19.05
Below,0.0,1300,-0.5,84,4,4.76
Below,0.0,1300,-0.618,84,1,1.19
Below,0.0,1300,-0.786,84,1,1.19
Below,0.0,1300,-1.0,84,0,0.0
Below,0.0,1300,0.0,0,0,0.0
Above,0.0,1400,0.236,159,27,16.98
Above,0.0,1400,0.382,159,3,1.89
Above,0.0,1400,0.5,159,1,0.63
Above,0.0,1400,0.618,159,0,0.0
Above,0.0,1400,0.786,159,0,0.0
Above,0.0,1400,1.0,159,0,0.0
Above,0.0,1400,-0.236,5,4,80.0
Above,0.0,1400,-0.382,25,21,84.0
Above,0.0,1400,-0.5,48,26,54.17
Above,0.0,1400,-0.618,79,33,41.77
Above,0.0,1400,-0.786,114,31,27.19
Above,0.0,1400,-1.0,141,13,9.22
Above,0.0,1400,0.0,2,2,100.0
Below,0.0,1400,0.236,3,3,100.0
Below,0.0,1400,0.382,10,9,90.0
Below,0.0,1400,0.5,27,17,62.96
Below,0.0,1400,0.618,39,16,41.03
Below,0.0,1400,0.786,58,11,18.97
Below,0.0,1400,1.0,76,8,10.53
Below,0.0,1400,-0.236,99,36,36.36
Below,0.0,1400,-0.382,99,17,17.17
Below,0.0,1400,-0.5,99,8,8.08
Below,0.0,1400,-0.618,99,5,5.05
Below,0.0,1400,-0.786,99,3,3.03
Below,0.0,1400,-1.0,99,2,2.02
Below,0.0,1400,0.0,0,0,0.0
Above,0.0,1500,0.236,290,13,4.48
Above,0.0,1500,0.382,290,2,0.69
Above,0.0,1500,0.5,290,0,0.0
Above,0.0,1500,0.618,290,0,0.0
Above,0.0,1500,0.786,290,0,0.0
Above,0.0,1500,1.0,290,0,0.0
Above,0.0,1500,-0.236,232,229,98.71
Above,0.0,1500,-0.382,239,214,89.54
Above,0.0,1500,-0.5,249,194,77.91
Above,0.0,1500,-0.618,259,160,61.78
Above,0.0,1500,-0.786,273,116,42.49
Above,0.0,1500,-1.0,283,71,25.09
Above,0.0,1500,0.0,230,230,100.0
Below,0.0,1500,0.236,172,172,100.0
Below,0.0,1500,0.382,178,171,96.07
Below,0.0,1500,0.5,182,163,89.56
Below,0.0,1500,0.618,188,144,76.6
Below,0.0,1500,0.786,203,108,53.2
Below,0.0,1500,1.0,212,73,34.43
Below,0.0,1500,-0.236,226,32,14.16
Below,0.0,1500,-0.382,226,8,3.54
Below,0.0,1500,-0.5,226,3,1.33
Below,0.0,1500,-0.618,226,2,0.88
Below,0.0,1500,-0.786,226,1,0.44
Below,0.0,1500,-1.0,226,1,0.44
Below,0.0,1500,0.0,170,170,100.0
Above,0.0,2000,0.236,18,1,5.56
Above,0.0,2000,0.382,20,0,0.0
Above,0.0,2000,0.5,20,0,0.0
Above,0.0,2000,0.618,20,0,0.0
Above,0.0,2000,0.786,20,0,0.0
Above,0.0,2000,1.0,20,0,0.0
Above,0.0,2000,-0.236,20,4,20.0
Above,0.0,2000,-0.382,20,1,5.0
Above,0.0,2000,-0.5,20,0,0.0
Above,0.0,2000,-0.618,20,0,0.0
Above,0.0,2000,-0.786,20,0,0.0
Above,0.0,2000,-1.0,20,0,0.0
Above,0.0,2000,0.0,20,20,100.0
Below,0.0,2000,0.236,15,4,26.67
Below,0.0,2000,0.382,15,0,0.0
Below,0.0,2000,0.5,15,0,0.0
Below,0.0,2000,0.618,15,0,0.0
Below,0.0,2000,0.786,15,0,0.0
Below,0.0,2000,1.0,15,0,0.0
Below,0.0,2000,-0.236,14,3,21.43
Below,0.0,2000,-0.382,15,0,0.0
Below,0.0,2000,-0.5,15,0,0.0
Below,0.0,2000,-0.618,15,0,0.0
Below,0.0,2000,-0.786,15,0,0.0
Below,0.0,2000,-1.0,15,0,0.0
Below,0.0,2000,0.0,15,15,100.0
Above,0.0,3000,0.236,19,3,15.79
Above,0.0,3000,0.382,19,2,10.53
Above,0.0,3000,0.5,19,0,0.0
Above,0.0,3000,0.618,19,0,0.0
Above,0.0,3000,0.786,19,0,0.0
Above,0.0,3000,1.0,19,0,0.0
Above,0.0,3000,-0.236,18,6,33.33
Above,0.0,3000,-0.382,18,5,27.78
Above,0.0,3000,-0.5,18,3,16.67
Above,0.0,3000,-0.618,18,0,0.0
Above,0.0,3000,-0.786,18,0,0.0
Above,0.0,3000,-1.0,19,0,0.0
Above,0.0,3000,0.0,19,19,100.0
Below,0.0,3000,0.236,11,2,18.18
Below,0.0,3000,0.382,11,0,0.0
Below,0.0,3000,0.5,11,0,0.0
Below,0.0,3000,0.618,11,0,0.0
Below,0.0,3000,0.786,11,0,0.0
Below,0.0,3000,1.0,11,0,0.0
Below,0.0,3000,-0.236,11,2,18.18
Below,0.0,3000,-0.382,11,0,0.0
Below,0.0,3000,-0.5,11,0,0.0
Below,0.0,3000,-0.618,11,0,0.0
Below,0.0,3000,-0.786,11,0,0.0
Below,0.0,3000,-1.0,11,0,0.0
Below,0.0,3000,0.0,11,11,100.0
Above,0.0,4000,0.236,6,2,33.33
Above,0.0,4000,0.382,6,2,33.33
Above,0.0,4000,0.5,6,0,0.0
Above,0.0,4000,0.618,6,0,0.0
Above,0.0,4000,0.786,6,0,0.0
Above,0.0,4000,1.0,6,0,0.0
Above,0.0,4000,-0.236,5,1,20.0
Above,0.0,4000,-0.382,6,0,0.0
Above,0.0,4000,-0.5,6,0,0.0
Above,0.0,4000,-0.618,6,0,0.0
Above,0.0,4000,-0.786,6,0,0.0
Above,0.0,4000,-1.0,6,0,0.0
Above,0.0,4000,0.0,6,6,100.0
Below,0.0,4000,0.236,10,5,50.0
Below,0.0,4000,0.382,10,2,20.0
Below,0.0,4000,0.5,10,0,0.0
Below,0.0,4000,0.618,10,0,0.0
Below,0.0,4000,0.786,10,0,0.0
Below,0.0,4000,1.0,10,0,0.0
Below,0.0,4000,-0.236,10,1,10.0
Below,0.0,4000,-0.382,10,1,10.0
Below,0.0,4000,-0.5,10,1,10.0
Below,0.0,4000,-0.618,10,1,10.0
Below,0.0,4000,-0.786,10,1,10.0
Below,0.0,4000,-1.0,10,0,0.0
Below,0.0,4000,0.0,10,10,100.0
Above,0.0,5000,0.236,10,0,0.0
Above,0.0,5000,0.382,11,0,0.0
Above,0.0,5000,0.5,11,0,0.0
Above,0.0,5000,0.618,11,0,0.0
Above,0.0,5000,0.786,11,0,0.0
Above,0.0,5000,1.0,11,0,0.0
Above,0.0,5000,-0.236,11,3,27.27
Above,0.0,5000,-0.382,11,0,0.0
Above,0.0,5000,-0.5,11,0,0.0
Above,0.0,5000,-0.618,11,0,0.0
Above,0.0,5000,-0.786,11,0,0.0
Above,0.0,5000,-1.0,11,0,0.0
Above,0.0,5000,0.0,11,11,100.0
Below,0.0,5000,0.236,8,5,62.5
Below,0.0,5000,0.382,8,1,12.5
Below,0.0,5000,0.5,8,1,12.5
Below,0.0,5000,0.618,8,0,0.0
Below,0.0,5000,0.786,8,0,0.0
Below,0.0,5000,1.0,8,0,0.0
Below,0.0,5000,-0.236,8,0,0.0
Below,0.0,5000,-0.382,8,0,0.0
Below,0.0,5000,-0.5,8,0,0.0
Below,0.0,5000,-0.618,8,0,0.0
Below,0.0,5000,-0.786,8,0,0.0
Below,0.0,5000,-1.0,8,0,0.0
Below,0.0,5000,0.0,8,8,100.0
Above,0.0,OPEN,0.236,1025,256,24.98
Above,0.0,OPEN,0.382,1330,225,16.92
Above,0.0,OPEN,0.5,1523,214,14.05
Above,0.0,OPEN,0.618,1662,173,10.41
Above,0.0,OPEN,0.786,1795,124,6.91
Above,0.0,OPEN,1.0,1922,83,4.32
Above,0.0,OPEN,-0.236,1966,237,12.05
Above,0.0,OPEN,-0.382,2039,87,4.27
Above,0.0,OPEN,-0.5,2087,39,1.87
Above,0.0,OPEN,-0.618,2113,16,0.76
Above,0.0,OPEN,-0.786,2124,7,0.33
Above,0.0,OPEN,-1.0,2129,1,0.05
Above,0.0,OPEN,0.0,1916,716,37.37
Below,0.0,OPEN,0.236,2316,187,8.07
Below,0.0,OPEN,0.382,2371,79,3.33
Below,0.0,OPEN,0.5,2414,42,1.74
Below,0.0,OPEN,0.618,2428,23,0.95
Below,0.0,OPEN,0.786,2448,10,0.41
Below,0.0,OPEN,1.0,2455,3,0.12
Below,0.0,OPEN,-0.236,1043,352,33.75
Below,0.0,OPEN,-0.382,1408,341,24.22
Below,0.0,OPEN,-0.5,1659,327,19.71
Below,0.0,OPEN,-0.618,1888,271,14.35
Below,0.0,OPEN,-0.786,2100,197,9.38
Below,0.0,OPEN,-1.0,2292,157,6.85
Below,0.0,OPEN,0.0,2252,677,30.06
Above,0.236,0900,0.236,37,37,100.0
Above,0.236,0900,0.382,116,43,37.07
Above,0.236,0900,0.5,116,17,14.66
Above,0.236,0900,0.618,116,4,3.45
Above,0.236,0900,0.786,116,1,0.86
Above,0.236,0900,1.0,116,0,0.0
Above,0.236,0900,-0.236,89,10,11.24
Above,0.236,0900,-0.382,103,7,6.8
Above,0.236,0900,-0.5,111,6,5.41
Above,0.236,0900,-0.618,113,3,2.65
Above,0.236,0900,-0.786,113,2,1.77
Above,0.236,0900,-1.0,115,0,0.0
Above,0.236,0900,0.0,39,11,28.21
Below,0.236,0900,0.236,39,39,100.0
Below,0.236,0900,0.382,35,18,51.43
Below,0.236,0900,0.5,45,14,31.11
Below,0.236,0900,0.618,62,9,14.52
Below,0.236,0900,0.786,88,4,4.55
Below,0.236,0900,1.0,113,0,0.0
Below,0.236,0900,-0.236,122,18,14.75
Below,0.236,0900,-0.382,122,5,4.1
Below,0.236,0900,-0.5,122,2,1.64
Below,0.236,0900,-0.618,122,0,0.0
Below,0.236,0900,-0.786,122,0,0.0
Below,0.236,0900,-1.0,122,0,0.0
Below,0.236,0900,0.0,121,60,49.59
Above,0.236,1000,0.236,17,17,100.0
Above,0.236,1000,0.382,148,50,33.78
Above,0.236,1000,0.5,150,16,10.67
Above,0.236,1000,0.618,150,2,1.33
Above,0.236,1000,0.786,150,0,0.0
Above,0.236,1000,1.0,150,0,0.0
Above,0.236,1000,-0.236,68,8,11.76
Above,0.236,1000,-0.382,102,6,5.88
Above,0.236,1000,-0.5,124,6,4.84
Above,0.236,1000,-0.618,138,2,1.45
Above,0.236,1000,-0.786,145,0,0.0
Above,0.236,1000,-1.0,146,0,0.0
Above,0.236,1000,0.0,19,6,31.58
Below,0.236,1000,0.236,13,13,100.0
Below,0.236,1000,0.382,12,6,50.0
Below,0.236,1000,0.5,16,5,31.25
Below,0.236,1000,0.618,29,5,17.24
Below,0.236,1000,0.786,65,8,12.31
Below,0.236,1000,1.0,96,2,2.08
Below,0.236,1000,-0.236,129,28,21.71
Below,0.236,1000,-0.382,129,11,8.53
Below,0.236,1000,-0.5,129,3,2.33
Below,0.236,1000,-0.618,129,2,1.55
Below,0.236,1000,-0.786,129,1,0.78
Below,0.236,1000,-1.0,129,0,0.0
Below,0.236,1000,0.0,129,67,51.94
Above,0.236,1100,0.236,0,0,0.0
Above,0.236,1100,0.382,63,19,30.16
Above,0.236,1100,0.5,63,5,7.94
Above,0.236,1100,0.618,63,1,1.59
Above,0.236,1100,0.786,63,1,1.59
Above,0.236,1100,1.0,63,0,0.0
Above,0.236,1100,-0.236,16,3,18.75
Above,0.236,1100,-0.382,34,3,8.82
Above,0.236,1100,-0.5,46,3,6.52
Above,0.236,1100,-0.618,53,0,0.0
Above,0.236,1100,-0.786,56,0,0.0
Above,0.236,1100,-1.0,61,1,1.64
Above,0.236,1100,0.0,1,1,100.0
Below,0.236,1100,0.236,1,1,100.0
Below,0.236,1100,0.382,1,0,0.0
Below,0.236,1100,0.5,1,0,0.0
Below,0.236,1100,0.618,3,1,33.33
Below,0.236,1100,0.786,20,4,20.0
Below,0.236,1100,1.0,35,5,14.29
Below,0.236,1100,-0.236,61,12,19.67
Below,0.236,1100,-0.382,61,4,6.56
Below,0.236,1100,-0.5,61,2,3.28
Below,0.236,1100,-0.618,61,2,3.28
Below,0.236,1100,-0.786,61,0,0.0
Below,0.236,1100,-1.0,61,0,0.0
Below,0.236,1100,0.0,61,33,54.1
Above,0.236,1200,0.236,0,0,0.0
Above,0.236,1200,0.382,57,16,28.07
Above,0.236,1200,0.5,57,2,3.51
Above,0.236,1200,0.618,57,0,0.0
Above,0.236,1200,0.786,57,0,0.0
Above,0.236,1200,1.0,57,0,0.0
Above,0.236,1200,-0.236,15,5,33.33
Above,0.236,1200,-0.382,27,6,22.22
Above,0.236,1200,-0.5,35,6,17.14
Above,0.236,1200,-0.618,46,6,13.04
Above,0.236,1200,-0.786,55,2,3.64
Above,0.236,1200,-1.0,55,0,0.0
Above,0.236,1200,0.0,1,1,100.0
Below,0.236,1200,0.236,0,0,0.0
Below,0.236,1200,0.382,0,0,0.0
Below,0.236,1200,0.5,1,1,100.0
Below,0.236,1200,0.618,4,3,75.0
Below,0.236,1200,0.786,17,7,41.18
Below,0.236,1200,1.0,36,2,5.56
Below,0.236,1200,-0.236,58,9,15.52
Below,0.236,1200,-0.382,58,6,10.34
Below,0.236,1200,-0.5,58,4,6.9
Below,0.236,1200,-0.618,58,2,3.45
Below,0.236,1200,-0.786,58,1,1.72
Below,0.236,1200,-1.0,58,1,1.72
Below,0.236,1200,0.0,58,31,53.45
Above,0.236,1300,0.236,0,0,0.0
Above,0.236,1300,0.382,49,9,18.37
Above,0.236,1300,0.5,49,0,0.0
Above,0.236,1300,0.618,49,0,0.0
Above,0.236,1300,0.786,49,0,0.0
Above,0.236,1300,1.0,49,0,0.0
Above,0.236,1300,-0.236,11,9,81.82
Above,0.236,1300,-0.382,22,7,31.82
Above,0.236,1300,-0.5,31,9,29.03
Above,0.236,1300,-0.618,39,8,20.51
Above,0.236,1300,-0.786,46,4,8.7
Above,0.236,1300,-1.0,49,1,2.04
Above,0.236,1300,0.0,1,1,100.0
Below,0.236,1300,0.236,0,0,0.0
Below,0.236,1300,0.382,0,0,0.0
Below,0.236,1300,0.5,2,2,100.0
Below,0.236,1300,0.618,7,6,85.71
Below,0.236,1300,0.786,18,8,44.44
Below,0.236,1300,1.0,31,3,9.68
Below,0.236,1300,-0.236,52,14,26.92
Below,0.236,1300,-0.382,52,4,7.69
Below,0.236,1300,-0.5,52,1,1.92
Below,0.236,1300,-0.618,52,1,1.92
Below,0.236,1300,-0.786,52,0,0.0
Below,0.236,1300,-1.0,52,0,0.0
Below,0.236,1300,0.0,52,34,65.38
Above,0.236,1400,0.236,0,0,0.0
Above,0.236,1400,0.382,50,11,22.0
Above,0.236,1400,0.5,50,4,8.0
Above,0.236,1400,0.618,50,1,2.0
Above,0.236,1400,0.786,50,0,0.0
Above,0.236,1400,1.0,50,0,0.0
Above,0.236,1400,-0.236,14,7,50.0
Above,0.236,1400,-0.382,24,8,33.33
Above,0.236,1400,-0.5,27,6,22.22
Above,0.236,1400,-0.618,35,7,20.0
Above,0.236,1400,-0.786,40,5,12.5
Above,0.236,1400,-1.0,45,3,6.67
Above,0.236,1400,0.0,1,1,100.0
Below,0.236,1400,0.236,0,0,0.0
Below,0.236,1400,0.382,0,0,0.0
Below,0.236,1400,0.5,3,3,100.0
Below,0.236,1400,0.618,7,6,85.71
Below,0.236,1400,0.786,16,9,56.25
Below,0.236,1400,1.0,39,12,30.77
Below,0.236,1400,-0.236,79,19,24.05
Below,0.236,1400,-0.382,79,10,12.66
Below,0.236,1400,-0.5,79,6,7.59
Below,0.236,1400,-0.618,79,4,5.06
Below,0.236,1400,-0.786,79,2,2.53
Below,0.236,1400,-1.0,79,1,1.27
Below,0.236,1400,0.0,79,75,94.94
Above,0.236,1500,0.236,52,52,100.0
Above,0.236,1500,0.382,83,6,7.23
Above,0.236,1500,0.5,83,0,0.0
Above,0.236,1500,0.618,83,0,0.0
Above,0.236,1500,0.786,83,0,0.0
Above,0.236,1500,1.0,83,0,0.0
Above,0.236,1500,-0.236,54,50,92.59
Above,0.236,1500,-0.382,60,49,81.67
Above,0.236,1500,-0.5,63,40,63.49
Above,0.236,1500,-0.618,68,27,39.71
Above,0.236,1500,-0.786,71,20,28.17
Above,0.236,1500,-1.0,79,9,11.39
Above,0.236,1500,0.0,52,52,100.0
Below,0.236,1500,0.236,85,85,100.0
Below,0.236,1500,0.382,85,85,100.0
Below,0.236,1500,0.5,87,87,100.0
Below,0.236,1500,0.618,95,92,96.84
Below,0.236,1500,0.786,98,84,85.71
Below,0.236,1500,1.0,101,68,67.33
Below,0.236,1500,-0.236,117,15,12.82
Below,0.236,1500,-0.382,117,2,1.71
Below,0.236,1500,-0.5,117,1,0.85
Below,0.236,1500,-0.618,117,1,0.85
Below,0.236,1500,-0.786,117,0,0.0
Below,0.236,1500,-1.0,117,0,0.0
Below,0.236,1500,0.0,117,117,100.0
Above,0.236,2000,0.236,10,10,100.0
Above,0.236,2000,0.382,9,3,33.33
Above,0.236,2000,0.5,10,1,10.0
Above,0.236,2000,0.618,10,0,0.0
Above,0.236,2000,0.786,10,0,0.0
Above,0.236,2000,1.0,10,0,0.0
Above,0.236,2000,-0.236,10,1,10.0
Above,0.236,2000,-0.382,10,0,0.0
Above,0.236,2000,-0.5,10,0,0.0
Above,0.236,2000,-0.618,10,0,0.0
Above,0.236,2000,-0.786,10,0,0.0
Above,0.236,2000,-1.0,10,0,0.0
Above,0.236,2000,0.0,10,4,40.0
Below,0.236,2000,0.236,14,14,100.0
Below,0.236,2000,0.382,13,7,53.85
Below,0.236,2000,0.5,13,4,30.77
Below,0.236,2000,0.618,14,3,21.43
Below,0.236,2000,0.786,14,2,14.29
Below,0.236,2000,1.0,14,1,7.14
Below,0.236,2000,-0.236,14,0,0.0
Below,0.236,2000,-0.382,14,0,0.0
Below,0.236,2000,-0.5,14,0,0.0
Below,0.236,2000,-0.618,14,0,0.0
Below,0.236,2000,-0.786,14,0,0.0
Below,0.236,2000,-1.0,14,0,0.0
Below,0.236,2000,0.0,13,1,7.69
Above,0.236,3000,0.236,8,8,100.0
Above,0.236,3000,0.382,7,1,14.29
Above,0.236,3000,0.5,8,1,12.5
Above,0.236,3000,0.618,8,0,0.0
Above,0.236,3000,0.786,8,0,0.0
Above,0.236,3000,1.0,8,0,0.0
Above,0.236,3000,-0.236,8,1,12.5
Above,0.236,3000,-0.382,8,1,12.5
Above,0.236,3000,-0.5,8,0,0.0
Above,0.236,3000,-0.618,8,0,0.0
Above,0.236,3000,-0.786,8,0,0.0
Above,0.236,3000,-1.0,8,0,0.0
Above,0.236,3000,0.0,8,4,50.0
Below,0.236,3000,0.236,13,13,100.0
Below,0.236,3000,0.382,12,5,41.67
Below,0.236,3000,0.5,13,3,23.08
Below,0.236,3000,0.618,13,1,7.69
Below,0.236,3000,0.786,13,1,7.69
Below,0.236,3000,1.0,13,1,7.69
Below,0.236,3000,-0.236,13,0,0.0
Below,0.236,3000,-0.382,13,0,0.0
Below,0.236,3000,-0.5,13,0,0.0
Below,0.236,3000,-0.618,13,0,0.0
Below,0.236,3000,-0.786,13,0,0.0
Below,0.236,3000,-1.0,13,0,0.0
Below,0.236,3000,0.0,13,3,23.08
Above,0.236,4000,0.236,9,9,100.0
Above,0.236,4000,0.382,9,1,11.11
Above,0.236,4000,0.5,9,0,0.0
Above,0.236,4000,0.618,9,0,0.0
Above,0.236,4000,0.786,9,0,0.0
Above,0.236,4000,1.0,9,0,0.0
Above,0.236,4000,-0.236,9,0,0.0
Above,0.236,4000,-0.382,9,0,0.0
Above,0.236,4000,-0.5,9,0,0.0
Above,0.236,4000,-0.618,9,0,0.0
Above,0.236,4000,-0.786,9,0,0.0
Above,0.236,4000,-1.0,9,0,0.0
Above,0.236,4000,0.0,8,1,12.5
Below,0.236,4000,0.236,8,8,100.0
Below,0.236,4000,0.382,8,1,12.5
Below,0.236,4000,0.5,8,1,12.5
Below,0.236,4000,0.618,8,0,0.0
Below,0.236,4000,0.786,8,0,0.0
Below,0.236,4000,1.0,8,0,0.0
Below,0.236,4000,-0.236,8,0,0.0
Below,0.236,4000,-0.382,8,0,0.0
Below,0.236,4000,-0.5,8,0,0.0
Below,0.236,4000,-0.618,8,0,0.0
Below,0.236,4000,-0.786,8,0,0.0
Below,0.236,4000,-1.0,8,0,0.0
Below,0.236,4000,0.0,8,0,0.0
Above,0.236,5000,0.236,5,5,100.0
Above,0.236,5000,0.382,5,1,20.0
Above,0.236,5000,0.5,5,0,0.0
Above,0.236,5000,0.618,5,0,0.0
Above,0.236,5000,0.786,5,0,0.0
Above,0.236,5000,1.0,5,0,0.0
Above,0.236,5000,-0.236,5,0,0.0
Above,0.236,5000,-0.382,5,0,0.0
Above,0.236,5000,-0.5,5,0,0.0
Above,0.236,5000,-0.618,5,0,0.0
Above,0.236,5000,-0.786,5,0,0.0
Above,0.236,5000,-1.0,5,0,0.0
Above,0.236,5000,0.0,5,2,40.0
Below,0.236,5000,0.236,12,12,100.0
Below,0.236,5000,0.382,12,3,25.0
Below,0.236,5000,0.5,12,1,8.33
Below,0.236,5000,0.618,12,0,0.0
Below,0.236,5000,0.786,12,0,0.0
Below,0.236,5000,1.0,12,0,0.0
Below,0.236,5000,-0.236,12,1,8.33
Below,0.236,5000,-0.382,12,0,0.0
Below,0.236,5000,-0.5,12,0,0.0
Below,0.236,5000,-0.618,12,0,0.0
Below,0.236,5000,-0.786,12,0,0.0
Below,0.236,5000,-1.0,12,0,0.0
Below,0.236,5000,0.0,11,2,18.18
Above,0.236,OPEN,0.236,1294,509,39.34
Above,0.236,OPEN,0.382,558,191,34.23
Above,0.236,OPEN,0.5,819,207,25.27
Above,0.236,OPEN,0.618,976,176,18.03
Above,0.236,OPEN,0.786,1114,126,11.31
Above,0.236,OPEN,1.0,1243,83,6.68
Above,0.236,OPEN,-0.236,1398,40,2.86
Above,0.236,OPEN,-0.382,1432,15,1.05
Above,0.236,OPEN,-0.5,1445,6,0.42
Above,0.236,OPEN,-0.618,1451,4,0.28
Above,0.236,OPEN,-0.786,1453,1,0.07
Above,0.236,OPEN,-1.0,1454,0,0.0
Above,0.236,OPEN,0.0,1285,194,15.1
Below,0.236,OPEN,0.236,2755,497,18.04
Below,0.236,OPEN,0.382,2754,249,9.04
Below,0.236,OPEN,0.5,2769,119,4.3
Below,0.236,OPEN,0.618,2802,46,1.64
Below,0.236,OPEN,0.786,2849,20,0.7
Below,0.236,OPEN,1.0,2871,9,0.31
Below,0.236,OPEN,-0.236,1518,371,24.44
Below,0.236,OPEN,-0.382,1848,343,18.56
Below,0.236,OPEN,-0.5,2088,332,15.9
Below,0.236,OPEN,-0.618,2315,274,11.84
Below,0.236,OPEN,-0.786,2524,199,7.88
Below,0.236,OPEN,-1.0,2716,158,5.82
Below,0.236,OPEN,0.0,793,340,42.88
Above,0.382,0900,0.236,34,20,58.82
Above,0.382,0900,0.382,38,38,100.0
Above,0.382,0900,0.5,95,42,44.21
Above,0.382,0900,0.618,95,18,18.95
Above,0.382,0900,0.786,96,4,4.17
Above,0.382,0900,1.0,96,1,1.04
Above,0.382,0900,-0.236,83,9,10.84
Above,0.382,0900,-0.382,90,4,4.44
Above,0.382,0900,-0.5,93,3,3.23
Above,0.382,0900,-0.618,93,2,2.15
Above,0.382,0900,-0.786,93,0,0.0
Above,0.382,0900,-1.0,95,0,0.0
Above,0.382,0900,0.0,52,10,19.23
Below,0.382,0900,0.236,110,69,62.73
Below,0.382,0900,0.382,41,41,100.0
Below,0.382,0900,0.5,39,23,58.97
Below,0.382,0900,0.618,42,12,28.57
Below,0.382,0900,0.786,61,6,9.84
Below,0.382,0900,1.0,93,2,2.15
Below,0.382,0900,-0.236,112,13,11.61
Below,0.382,0900,-0.382,112,2,1.79
Below,0.382,0900,-0.5,112,1,0.89
Below,0.382,0900,-0.618,112,0,0.0
Below,0.382,0900,-0.786,112,0,0.0
Below,0.382,0900,-1.0,112,0,0.0
Below,0.382,0900,0.0,112,30,26.79
Above,0.382,1000,0.236,9,3,33.33
Above,0.382,1000,0.382,10,10,100.0
Above,0.382,1000,0.5,91,32,35.16
Above,0.382,1000,0.618,91,8,8.79
Above,0.382,1000,0.786,91,1,1.1
Above,0.382,1000,1.0,91,0,0.0
Above,0.382,1000,-0.236,60,5,8.33
Above,0.382,1000,-0.382,78,4,5.13
Above,0.382,1000,-0.5,84,4,4.76
Above,0.382,1000,-0.618,89,2,2.25
Above,0.382,1000,-0.786,91,0,0.0
Above,0.382,1000,-1.0,91,0,0.0
Above,0.382,1000,0.0,25,5,20.0
Below,0.382,1000,0.236,103,73,70.87
Below,0.382,1000,0.382,17,17,100.0
Below,0.382,1000,0.5,15,9,60.0
Below,0.382,1000,0.618,16,3,18.75
Below,0.382,1000,0.786,31,5,16.13
Below,0.382,1000,1.0,62,3,4.84
Below,0.382,1000,-0.236,104,16,15.38
Below,0.382,1000,-0.382,104,5,4.81
Below,0.382,1000,-0.5,104,1,0.96
Below,0.382,1000,-0.618,104,1,0.96
Below,0.382,1000,-0.786,104,1,0.96
Below,0.382,1000,-1.0,104,0,0.0
Below,0.382,1000,0.0,104,37,35.58
Above,0.382,1100,0.236,0,0,0.0
Above,0.382,1100,0.382,0,0,0.0
Above,0.382,1100,0.5,39,14,35.9
Above,0.382,1100,0.618,39,1,2.56
Above,0.382,1100,0.786,39,0,0.0
Above,0.382,1100,1.0,39,0,0.0
Above,0.382,1100,-0.236,19,3,15.79
Above,0.382,1100,-0.382,28,2,7.14
Above,0.382,1100,-0.5,31,0,0.0
Above,0.382,1100,-0.618,33,0,0.0
Above,0.382,1100,-0.786,35,0,0.0
Above,0.382,1100,-1.0,38,1,2.63
Above,0.382,1100,0.0,2,1,50.0
Below,0.382,1100,0.236,54,43,79.63
Below,0.382,1100,0.382,0,0,0.0
Below,0.382,1100,0.5,0,0,0.0
Below,0.382,1100,0.618,0,0,0.0
Below,0.382,1100,0.786,8,5,62.5
Below,0.382,1100,1.0,21,3,14.29
Below,0.382,1100,-0.236,54,6,11.11
Below,0.382,1100,-0.382,54,2,3.7
Below,0.382,1100,-0.5,54,1,1.85
Below,0.382,1100,-0.618,54,1,1.85
Below,0.382,1100,-0.786,54,0,0.0
Below,0.382,1100,-1.0,54,0,0.0
Below,0.382,1100,0.0,54,18,33.33
Above,0.382,1200,0.236,0,0,0.0
Above,0.382,1200,0.382,0,0,0.0
Above,0.382,1200,0.5,29,8,27.59
Above,0.382,1200,0.618,29,2,6.9
Above,0.382,1200,0.786,29,1,3.45
Above,0.382,1200,1.0,29,0,0.0
Above,0.382,1200,-0.236,11,6,54.55
Above,0.382,1200,-0.382,21,5,23.81
Above,0.382,1200,-0.5,23,3,13.04
Above,0.382,1200,-0.618,25,1,4.0
Above,0.382,1200,-0.786,26,0,0.0
Above,0.382,1200,-1.0,28,0,0.0
Above,0.382,1200,0.0,3,3,100.0
Below,0.382,1200,0.236,48,38,79.17
Below,0.382,1200,0.382,0,0,0.0
Below,0.382,1200,0.5,0,0,0.0
Below,0.382,1200,0.618,1,1,100.0
Below,0.382,1200,0.786,2,2,100.0
Below,0.382,1200,1.0,13,1,7.69
Below,0.382,1200,-0.236,48,5,10.42
Below,0.382,1200,-0.382,48,3,6.25
Below,0.382,1200,-0.5,48,1,2.08
Below,0.382,1200,-0.618,48,1,2.08
Below,0.382,1200,-0.786,48,0,0.0
Below,0.382,1200,-1.0,48,0,0.0
Below,0.382,1200,0.0,48,18,37.5
Above,0.382,1300,0.236,0,0,0.0
Above,0.382,1300,0.382,0,0,0.0
Above,0.382,1300,0.5,27,7,25.93
Above,0.382,1300,0.618,27,2,7.41
Above,0.382,1300,0.786,27,1,3.7
Above,0.382,1300,1.0,27,0,0.0
Above,0.382,1300,-0.236,12,3,25.0
Above,0.382,1300,-0.382,19,3,15.79
Above,0.382,1300,-0.5,21,1,4.76
Above,0.382,1300,-0.618,24,2,8.33
Above,0.382,1300,-0.786,26,0,0.0
Above,0.382,1300,-1.0,26,0,0.0
Above,0.382,1300,0.0,5,5,100.0
Below,0.382,1300,0.236,32,29,90.62
Below,0.382,1300,0.382,0,0,0.0
Below,0.382,1300,0.5,0,0,0.0
Below,0.382,1300,0.618,0,0,0.0
Below,0.382,1300,0.786,3,2,66.67
Below,0.382,1300,1.0,10,1,10.0
Below,0.382,1300,-0.236,32,4,12.5
Below,0.382,1300,-0.382,32,2,6.25
Below,0.382,1300,-0.5,32,1,3.12
Below,0.382,1300,-0.618,32,1,3.12
Below,0.382,1300,-0.786,32,0,0.0
Below,0.382,1300,-1.0,32,0,0.0
Below,0.382,1300,0.0,32,17,53.12
Above,0.382,1400,0.236,0,0,0.0
Above,0.382,1400,0.382,0,0,0.0
Above,0.382,1400,0.5,29,6,20.69
Above,0.382,1400,0.618,29,2,6.9
Above,0.382,1400,0.786,29,0,0.0
Above,0.382,1400,1.0,29,0,0.0
Above,0.382,1400,-0.236,16,6,37.5
Above,0.382,1400,-0.382,19,1,5.26
Above,0.382,1400,-0.5,22,4,18.18
Above,0.382,1400,-0.618,24,3,12.5
Above,0.382,1400,-0.786,26,1,3.85
Above,0.382,1400,-1.0,27,1,3.7
Above,0.382,1400,0.0,6,6,100.0
Below,0.382,1400,0.236,52,52,100.0
Below,0.382,1400,0.382,0,0,0.0
Below,0.382,1400,0.5,0,0,0.0
Below,0.382,1400,0.618,1,1,100.0
Below,0.382,1400,0.786,4,4,100.0
Below,0.382,1400,1.0,17,11,64.71
Below,0.382,1400,-0.236,52,15,28.85
Below,0.382,1400,-0.382,52,8,15.38
Below,0.382,1400,-0.5,52,5,9.62
Below,0.382,1400,-0.618,52,3,5.77
Below,0.382,1400,-0.786,52,2,3.85
Below,0.382,1400,-1.0,52,1,1.92
Below,0.382,1400,0.0,52,48,92.31
Above,0.382,1500,0.236,15,15,100.0
Above,0.382,1500,0.382,15,15,100.0
Above,0.382,1500,0.5,30,5,16.67
Above,0.382,1500,0.618,30,0,0.0
Above,0.382,1500,0.786,30,0,0.0
Above,0.382,1500,1.0,30,0,0.0
Above,0.382,1500,-0.236,23,17,73.91
Above,0.382,1500,-0.382,23,14,60.87
Above,0.382,1500,-0.5,24,11,45.83
Above,0.382,1500,-0.618,26,8,30.77
Above,0.382,1500,-0.786,28,5,17.86
Above,0.382,1500,-1.0,28,2,7.14
Above,0.382,1500,0.0,16,16,100.0
Below,0.382,1500,0.236,57,57,100.0
Below,0.382,1500,0.382,39,39,100.0
Below,0.382,1500,0.5,39,39,100.0
Below,0.382,1500,0.618,39,39,100.0
Below,0.382,1500,0.786,41,40,97.56
Below,0.382,1500,1.0,43,38,88.37
Below,0.382,1500,-0.236,57,5,8.77
Below,0.382,1500,-0.382,57,2,3.51
Below,0.382,1500,-0.5,57,1,1.75
Below,0.382,1500,-0.618,57,1,1.75
Below,0.382,1500,-0.786,57,0,0.0
Below,0.382,1500,-1.0,57,0,0.0
Below,0.382,1500,0.0,57,57,100.0
Above,0.382,2000,0.236,4,0,0.0
Above,0.382,2000,0.382,4,4,100.0
Above,0.382,2000,0.5,4,1,25.0
Above,0.382,2000,0.618,4,1,25.0
Above,0.382,2000,0.786,4,1,25.0
Above,0.382,2000,1.0,4,1,25.0
Above,0.382,2000,-0.236,4,0,0.0
Above,0.382,2000,-0.382,4,0,0.0
Above,0.382,2000,-0.5,4,0,0.0
Above,0.382,2000,-0.618,4,0,0.0
Above,0.382,2000,-0.786,4,0,0.0
Above,0.382,2000,-1.0,4,0,0.0
Above,0.382,2000,0.0,4,0,0.0
Below,0.382,2000,0.236,2,1,50.0
Below,0.382,2000,0.382,3,3,100.0
Below,0.382,2000,0.5,3,2,66.67
Below,0.382,2000,0.618,3,1,33.33
Below,0.382,2000,0.786,3,1,33.33
Below,0.382,2000,1.0,3,0,0.0
Below,0.382,2000,-0.236,3,0,0.0
Below,0.382,2000,-0.382,3,0,0.0
Below,0.382,2000,-0.5,3,0,0.0
Below,0.382,2000,-0.618,3,0,0.0
Below,0.382,2000,-0.786,3,0,0.0
Below,0.382,2000,-1.0,3,0,0.0
Below,0.382,2000,0.0,3,0,0.0
Above,0.382,3000,0.236,5,3,60.0
Above,0.382,3000,0.382,5,5,100.0
Above,0.382,3000,0.5,4,3,75.0
Above,0.382,3000,0.618,5,2,40.0
Above,0.382,3000,0.786,5,1,20.0
Above,0.382,3000,1.0,5,0,0.0
Above,0.382,3000,-0.236,5,0,0.0
Above,0.382,3000,-0.382,5,0,0.0
Above,0.382,3000,-0.5,5,0,0.0
Above,0.382,3000,-0.618,5,0,0.0
Above,0.382,3000,-0.786,5,0,0.0
Above,0.382,3000,-1.0,5,0,0.0
Above,0.382,3000,0.0,5,2,40.0
Below,0.382,3000,0.236,5,1,20.0
Below,0.382,3000,0.382,5,5,100.0
Below,0.382,3000,0.5,5,4,80.0
Below,0.382,3000,0.618,5,2,40.0
Below,0.382,3000,0.786,5,0,0.0
Below,0.382,3000,1.0,5,0,0.0
Below,0.382,3000,-0.236,5,0,0.0
Below,0.382,3000,-0.382,5,0,0.0
Below,0.382,3000,-0.5,5,0,0.0
Below,0.382,3000,-0.618,5,0,0.0
Below,0.382,3000,-0.786,5,0,0.0
Below,0.382,3000,-1.0,5,0,0.0
Below,0.382,3000,0.0,5,0,0.0
Above,0.382,4000,0.236,6,3,50.0
Above,0.382,4000,0.382,6,6,100.0
Above,0.382,4000,0.5,5,4,80.0
Above,0.382,4000,0.618,6,0,0.0
Above,0.382,4000,0.786,6,0,0.0
Above,0.382,4000,1.0,6,0,0.0
Above,0.382,4000,-0.236,6,0,0.0
Above,0.382,4000,-0.382,6,0,0.0
Above,0.382,4000,-0.5,6,0,0.0
Above,0.382,4000,-0.618,6,0,0.0
Above,0.382,4000,-0.786,6,0,0.0
Above,0.382,4000,-1.0,6,0,0.0
Above,0.382,4000,0.0,5,0,0.0
Below,0.382,4000,0.236,4,1,25.0
Below,0.382,4000,0.382,6,6,100.0
Below,0.382,4000,0.5,6,5,83.33
Below,0.382,4000,0.618,6,4,66.67
Below,0.382,4000,0.786,6,1,16.67
Below,0.382,4000,1.0,6,0,0.0
Below,0.382,4000,-0.236,6,0,0.0
Below,0.382,4000,-0.382,6,0,0.0
Below,0.382,4000,-0.5,6,0,0.0
Below,0.382,4000,-0.618,6,0,0.0
Below,0.382,4000,-0.786,6,0,0.0
Below,0.382,4000,-1.0,6,0,0.0
Below,0.382,4000,0.0,6,0,0.0
Above,0.382,5000,0.236,6,4,66.67
Above,0.382,5000,0.382,6,6,100.0
Above,0.382,5000,0.5,6,2,33.33
Above,0.382,5000,0.618,6,1,16.67
Above,0.382,5000,0.786,6,0,0.0
Above,0.382,5000,1.0,6,0,0.0
Above,0.382,5000,-0.236,6,0,0.0
Above,0.382,5000,-0.382,6,0,0.0
Above,0.382,5000,-0.5,6,0,0.0
Above,0.382,5000,-0.618,6,0,0.0
Above,0.382,5000,-0.786,6,0,0.0
Above,0.382,5000,-1.0,6,0,0.0
Above,0.382,5000,0.0,6,0,0.0
Below,0.382,5000,0.236,3,0,0.0
Below,0.382,5000,0.382,5,5,100.0
Below,0.382,5000,0.5,4,3,75.0
Below,0.382,5000,0.618,5,1,20.0
Below,0.382,5000,0.786,5,0,0.0
Below,0.382,5000,1.0,5,0,0.0
Below,0.382,5000,-0.236,5,0,0.0
Below,0.382,5000,-0.382,5,0,0.0
Below,0.382,5000,-0.5,5,0,0.0
Below,0.382,5000,-0.618,5,0,0.0
Below,0.382,5000,-0.786,5,0,0.0
Below,0.382,5000,-1.0,5,0,0.0
Below,0.382,5000,0.0,5,0,0.0
Above,0.382,OPEN,0.236,985,248,25.18
Above,0.382,OPEN,0.382,994,433,43.56
Above,0.382,OPEN,0.5,399,164,41.1
Above,0.382,OPEN,0.618,609,165,27.09
Above,0.382,OPEN,0.786,765,124,16.21
Above,0.382,OPEN,1.0,898,85,9.47
Above,0.382,OPEN,-0.236,1096,15,1.37
Above,0.382,OPEN,-0.382,1104,6,0.54
Above,0.382,OPEN,-0.5,1106,3,0.27
Above,0.382,OPEN,-0.618,1109,2,0.18
Above,0.382,OPEN,-0.786,1109,0,0.0
Above,0.382,OPEN,-1.0,1109,0,0.0
Above,0.382,OPEN,0.0,1021,58,5.68
Below,0.382,OPEN,0.236,413,211,51.09
Below,0.382,OPEN,0.382,2986,431,14.43
Below,0.382,OPEN,0.5,2989,259,8.67
Below,0.382,OPEN,0.618,2980,117,3.93
Below,0.382,OPEN,0.786,3027,41,1.35
Below,0.382,OPEN,1.0,3066,14,0.46
Below,0.382,OPEN,-0.236,1720,369,21.45
Below,0.382,OPEN,-0.382,2047,340,16.61
Below,0.382,OPEN,-0.5,2287,330,14.43
Below,0.382,OPEN,-0.618,2512,273,10.87
Below,0.382,OPEN,-0.786,2720,199,7.32
Below,0.382,OPEN,-1.0,2912,158,5.43
Below,0.382,OPEN,0.0,1027,350,34.08
Above,0.5,0900,0.236,29,11,37.93
Above,0.5,0900,0.382,24,17,70.83
Above,0.5,0900,0.5,26,26,100.0
Above,0.5,0900,0.618,71,36,50.7
Above,0.5,0900,0.786,70,13,18.57
Above,0.5,0900,1.0,71,4,5.63
Above,0.5,0900,-0.236,68,6,8.82
Above,0.5,0900,-0.382,70,3,4.29
Above,0.5,0900,-0.5,71,2,2.82
Above,0.5,0900,-0.618,71,0,0.0
Above,0.5,0900,-0.786,71,0,0.0
Above,0.5,0900,-1.0,71,0,0.0
Above,0.5,0900,0.0,51,9,17.65
Below,0.5,0900,0.236,72,40,55.56
Below,0.5,0900,0.382,70,60,85.71
Below,0.5,0900,0.5,17,17,100.0
Below,0.5,0900,0.618,16,10,62.5
Below,0.5,0900,0.786,20,2,10.0
Below,0.5,0900,1.0,49,0,0.0
Below,0.5,0900,-0.236,72,9,12.5
Below,0.5,0900,-0.382,72,1,1.39
Below,0.5,0900,-0.5,72,0,0.0
Below,0.5,0900,-0.618,72,0,0.0
Below,0.5,0900,-0.786,72,0,0.0
Below,0.5,0900,-1.0,72,0,0.0
Below,0.5,0900,0.0,72,21,29.17
Above,0.5,1000,0.236,12,3,25.0
Above,0.5,1000,0.382,10,7,70.0
Above,0.5,1000,0.5,10,10,100.0
Above,0.5,1000,0.618,61,24,39.34
Above,0.5,1000,0.786,62,9,14.52
Above,0.5,1000,1.0,62,3,4.84
Above,0.5,1000,-0.236,53,0,0.0
Above,0.5,1000,-0.382,56,1,1.79
Above,0.5,1000,-0.5,60,1,1.67
Above,0.5,1000,-0.618,61,1,1.64
Above,0.5,1000,-0.786,61,0,0.0
Above,0.5,1000,-1.0,61,0,0.0
Above,0.5,1000,0.0,31,3,9.68
Below,0.5,1000,0.236,79,44,55.7
Below,0.5,1000,0.382,79,64,81.01
Below,0.5,1000,0.5,5,4,80.0
Below,0.5,1000,0.618,4,1,25.0
Below,0.5,1000,0.786,5,1,20.0
Below,0.5,1000,1.0,25,2,8.0
Below,0.5,1000,-0.236,79,12,15.19
Below,0.5,1000,-0.382,79,5,6.33
Below,0.5,1000,-0.5,79,2,2.53
Below,0.5,1000,-0.618,79,2,2.53
Below,0.5,1000,-0.786,79,1,1.27
Below,0.5,1000,-1.0,79,0,0.0
Below,0.5,1000,0.0,79,25,31.65
Above,0.5,1100,0.236,2,2,100.0
Above,0.5,1100,0.382,0,0,0.0
Above,0.5,1100,0.5,0,0,0.0
Above,0.5,1100,0.618,31,7,22.58
Above,0.5,1100,0.786,31,0,0.0
Above,0.5,1100,1.0,31,0,0.0
Above,0.5,1100,-0.236,21,4,19.05
Above,0.5,1100,-0.382,24,0,0.0
Above,0.5,1100,-0.5,28,0,0.0
Above,0.5,1100,-0.618,29,0,0.0
Above,0.5,1100,-0.786,30,0,0.0
Above,0.5,1100,-1.0,30,0,0.0
Above,0.5,1100,0.0,12,3,25.0
Below,0.5,1100,0.236,53,33,62.26
Below,0.5,1100,0.382,53,47,88.68
Below,0.5,1100,0.5,0,0,0.0
Below,0.5,1100,0.618,0,0,0.0
Below,0.5,1100,0.786,0,0,0.0
Below,0.5,1100,1.0,12,4,33.33
Below,0.5,1100,-0.236,53,4,7.55
Below,0.5,1100,-0.382,53,1,1.89
Below,0.5,1100,-0.5,53,0,0.0
Below,0.5,1100,-0.618,53,0,0.0
Below,0.5,1100,-0.786,53,0,0.0
Below,0.5,1100,-1.0,53,0,0.0
Below,0.5,1100,0.0,53,11,20.75
Above,0.5,1200,0.236,1,1,100.0
Above,0.5,1200,0.382,0,0,0.0
Above,0.5,1200,0.5,0,0,0.0
Above,0.5,1200,0.618,15,6,40.0
Above,0.5,1200,0.786,15,1,6.67
Above,0.5,1200,1.0,15,0,0.0
Above,0.5,1200,-0.236,7,2,28.57
Above,0.5,1200,-0.382,10,1,10.0
Above,0.5,1200,-0.5,11,0,0.0
Above,0.5,1200,-0.618,11,0,0.0
Above,0.5,1200,-0.786,13,0,0.0
Above,0.5,1200,-1.0,15,1,6.67
Above,0.5,1200,0.0,4,3,75.0
Below,0.5,1200,0.236,20,12,60.0
Below,0.5,1200,0.382,20,17,85.0
Below,0.5,1200,0.5,0,0,0.0
Below,0.5,1200,0.618,0,0,0.0
Below,0.5,1200,0.786,0,0,0.0
Below,0.5,1200,1.0,1,0,0.0
Below,0.5,1200,-0.236,20,1,5.0
Below,0.5,1200,-0.382,20,1,5.0
Below,0.5,1200,-0.5,20,0,0.0
Below,0.5,1200,-0.618,20,0,0.0
Below,0.5,1200,-0.786,20,0,0.0
Below,0.5,1200,-1.0,20,0,0.0
Below,0.5,1200,0.0,20,3,15.0
Above,0.5,1300,0.236,1,1,100.0
Above,0.5,1300,0.382,0,0,0.0
Above,0.5,1300,0.5,0,0,0.0
Above,0.5,1300,0.618,18,4,22.22
Above,0.5,1300,0.786,18,0,0.0
Above,0.5,1300,1.0,18,0,0.0
Above,0.5,1300,-0.236,13,3,23.08
Above,0.5,1300,-0.382,16,1,6.25
Above,0.5,1300,-0.5,17,1,5.88
Above,0.5,1300,-0.618,17,0,0.0
Above,0.5,1300,-0.786,17,0,0.0
Above,0.5,1300,-1.0,17,0,0.0
Above,0.5,1300,0.0,6,6,100.0
Below,0.5,1300,0.236,33,29,87.88
Below,0.5,1300,0.382,33,33,100.0
Below,0.5,1300,0.5,0,0,0.0
Below,0.5,1300,0.618,0,0,0.0
Below,0.5,1300,0.786,0,0,0.0
Below,0.5,1300,1.0,5,2,40.0
Below,0.5,1300,-0.236,33,3,9.09
Below,0.5,1300,-0.382,33,0,0.0
Below,0.5,1300,-0.5,33,0,0.0
Below,0.5,1300,-0.618,33,0,0.0
Below,0.5,1300,-0.786,33,0,0.0
Below,0.5,1300,-1.0,33,0,0.0
Below,0.5,1300,0.0,33,16,48.48
Above,0.5,1400,0.236,1,1,100.0
Above,0.5,1400,0.382,0,0,0.0
Above,0.5,1400,0.5,0,0,0.0
Above,0.5,1400,0.618,17,7,41.18
Above,0.5,1400,0.786,17,1,5.88
Above,0.5,1400,1.0,17,0,0.0
Above,0.5,1400,-0.236,14,5,35.71
Above,0.5,1400,-0.382,14,1,7.14
Above,0.5,1400,-0.5,14,0,0.0
Above,0.5,1400,-0.618,15,0,0.0
Above,0.5,1400,-0.786,15,0,0.0
Above,0.5,1400,-1.0,17,0,0.0
Above,0.5,1400,0.0,6,6,100.0
Below,0.5,1400,0.236,39,39,100.0
Below,0.5,1400,0.382,39,39,100.0
Below,0.5,1400,0.5,0,0,0.0
Below,0.5,1400,0.618,0,0,0.0
Below,0.5,1400,0.786,0,0,0.0
Below,0.5,1400,1.0,8,5,62.5
Below,0.5,1400,-0.236,39,9,23.08
Below,0.5,1400,-0.382,39,4,10.26
Below,0.5,1400,-0.5,39,2,5.13
Below,0.5,1400,-0.618,39,1,2.56
Below,0.5,1400,-0.786,39,1,2.56
Below,0.5,1400,-1.0,39,1,2.56
Below,0.5,1400,0.0,39,34,87.18
Above,0.5,1500,0.236,4,4,100.0
Above,0.5,1500,0.382,4,4,100.0
Above,0.5,1500,0.5,4,4,100.0
Above,0.5,1500,0.618,8,0,0.0
Above,0.5,1500,0.786,8,0,0.0
Above,0.5,1500,1.0,8,0,0.0
Above,0.5,1500,-0.236,6,5,83.33
Above,0.5,1500,-0.382,6,4,66.67
Above,0.5,1500,-0.5,6,3,50.0
Above,0.5,1500,-0.618,7,4,57.14
Above,0.5,1500,-0.786,7,1,14.29
Above,0.5,1500,-1.0,7,0,0.0
Above,0.5,1500,0.0,5,5,100.0
Below,0.5,1500,0.236,30,30,100.0
Below,0.5,1500,0.382,30,30,100.0
Below,0.5,1500,0.5,13,13,100.0
Below,0.5,1500,0.618,13,13,100.0
Below,0.5,1500,0.786,16,15,93.75
Below,0.5,1500,1.0,16,13,81.25
Below,0.5,1500,-0.236,30,3,10.0
Below,0.5,1500,-0.382,30,1,3.33
Below,0.5,1500,-0.5,30,1,3.33
Below,0.5,1500,-0.618,30,1,3.33
Below,0.5,1500,-0.786,30,0,0.0
Below,0.5,1500,-1.0,30,0,0.0
Below,0.5,1500,0.0,30,30,100.0
Above,0.5,2000,0.236,5,1,20.0
Above,0.5,2000,0.382,5,5,100.0
Above,0.5,2000,0.5,5,5,100.0
Above,0.5,2000,0.618,5,1,20.0
Above,0.5,2000,0.786,5,0,0.0
Above,0.5,2000,1.0,5,0,0.0
Above,0.5,2000,-0.236,5,0,0.0
Above,0.5,2000,-0.382,5,0,0.0
Above,0.5,2000,-0.5,5,0,0.0
Above,0.5,2000,-0.618,5,0,0.0
Above,0.5,2000,-0.786,5,0,0.0
Above,0.5,2000,-1.0,5,0,0.0
Above,0.5,2000,0.0,5,0,0.0
Below,0.5,2000,0.236,7,0,0.0
Below,0.5,2000,0.382,6,1,16.67
Below,0.5,2000,0.5,8,8,100.0
Below,0.5,2000,0.618,8,6,75.0
Below,0.5,2000,0.786,8,2,25.0
Below,0.5,2000,1.0,8,0,0.0
Below,0.5,2000,-0.236,8,0,0.0
Below,0.5,2000,-0.382,8,0,0.0
Below,0.5,2000,-0.5,8,0,0.0
Below,0.5,2000,-0.618,8,0,0.0
Below,0.5,2000,-0.786,8,0,0.0
Below,0.5,2000,-1.0,8,0,0.0
Below,0.5,2000,0.0,8,0,0.0
Above,0.5,3000,0.236,5,2,40.0
Above,0.5,3000,0.382,6,5,83.33
Above,0.5,3000,0.5,6,6,100.0
Above,0.5,3000,0.618,5,3,60.0
Above,0.5,3000,0.786,5,0,0.0
Above,0.5,3000,1.0,6,0,0.0
Above,0.5,3000,-0.236,6,0,0.0
Above,0.5,3000,-0.382,6,0,0.0
Above,0.5,3000,-0.5,6,0,0.0
Above,0.5,3000,-0.618,6,0,0.0
Above,0.5,3000,-0.786,6,0,0.0
Above,0.5,3000,-1.0,6,0,0.0
Above,0.5,3000,0.0,6,1,16.67
Below,0.5,3000,0.236,8,0,0.0
Below,0.5,3000,0.382,8,4,50.0
Below,0.5,3000,0.5,8,8,100.0
Below,0.5,3000,0.618,7,4,57.14
Below,0.5,3000,0.786,8,0,0.0
Below,0.5,3000,1.0,8,0,0.0
Below,0.5,3000,-0.236,8,0,0.0
Below,0.5,3000,-0.382,8,0,0.0
Below,0.5,3000,-0.5,8,0,0.0
Below,0.5,3000,-0.618,8,0,0.0
Below,0.5,3000,-0.786,8,0,0.0
Below,0.5,3000,-1.0,8,0,0.0
Below,0.5,3000,0.0,8,0,0.0
Above,0.5,4000,0.236,2,0,0.0
Above,0.5,4000,0.382,1,1,100.0
Above,0.5,4000,0.5,2,2,100.0
Above,0.5,4000,0.618,2,2,100.0
Above,0.5,4000,0.786,2,1,50.0
Above,0.5,4000,1.0,2,0,0.0
Above,0.5,4000,-0.236,2,0,0.0
Above,0.5,4000,-0.382,2,0,0.0
Above,0.5,4000,-0.5,2,0,0.0
Above,0.5,4000,-0.618,2,0,0.0
Above,0.5,4000,-0.786,2,0,0.0
Above,0.5,4000,-1.0,2,0,0.0
Above,0.5,4000,0.0,2,0,0.0
Below,0.5,4000,0.236,3,0,0.0
Below,0.5,4000,0.382,3,0,0.0
Below,0.5,4000,0.5,5,5,100.0
Below,0.5,4000,0.618,5,4,80.0
Below,0.5,4000,0.786,5,1,20.0
Below,0.5,4000,1.0,5,1,20.0
Below,0.5,4000,-0.236,5,0,0.0
Below,0.5,4000,-0.382,5,0,0.0
Below,0.5,4000,-0.5,5,0,0.0
Below,0.5,4000,-0.618,5,0,0.0
Below,0.5,4000,-0.786,5,0,0.0
Below,0.5,4000,-1.0,5,0,0.0
Below,0.5,4000,0.0,4,0,0.0
Above,0.5,5000,0.236,6,1,16.67
Above,0.5,5000,0.382,5,4,80.0
Above,0.5,5000,0.5,6,6,100.0
Above,0.5,5000,0.618,5,1,20.0
Above,0.5,5000,0.786,6,0,0.0
Above,0.5,5000,1.0,6,0,0.0
Above,0.5,5000,-0.236,6,0,0.0
Above,0.5,5000,-0.382,6,0,0.0
Above,0.5,5000,-0.5,6,0,0.0
Above,0.5,5000,-0.618,6,0,0.0
Above,0.5,5000,-0.786,6,0,0.0
Above,0.5,5000,-1.0,6,0,0.0
Above,0.5,5000,0.0,6,0,0.0
Below,0.5,5000,0.236,4,1,25.0
Below,0.5,5000,0.382,4,3,75.0
Below,0.5,5000,0.5,4,4,100.0
Below,0.5,5000,0.618,4,2,50.0
Below,0.5,5000,0.786,4,1,25.0
Below,0.5,5000,1.0,4,0,0.0
Below,0.5,5000,-0.236,4,0,0.0
Below,0.5,5000,-0.382,4,0,0.0
Below,0.5,5000,-0.5,4,0,0.0
Below,0.5,5000,-0.618,4,0,0.0
Below,0.5,5000,-0.786,4,0,0.0
Below,0.5,5000,-1.0,4,0,0.0
Below,0.5,5000,0.0,4,0,0.0
Above,0.5,OPEN,0.236,778,99,12.72
Above,0.5,OPEN,0.382,774,225,29.07
Above,0.5,OPEN,0.5,784,339,43.24
Above,0.5,OPEN,0.618,318,129,40.57
Above,0.5,OPEN,0.786,517,114,22.05
Above,0.5,OPEN,1.0,658,82,12.46
Above,0.5,OPEN,-0.236,865,2,0.23
Above,0.5,OPEN,-0.382,866,1,0.12
Above,0.5,OPEN,-0.5,867,0,0.0
Above,0.5,OPEN,-0.618,869,0,0.0
Above,0.5,OPEN,-0.786,869,0,0.0
Above,0.5,OPEN,-1.0,869,0,0.0
Above,0.5,OPEN,0.0,830,22,2.65
Below,0.5,OPEN,0.236,615,249,40.49
Below,0.5,OPEN,0.382,288,173,60.07
Below,0.5,OPEN,0.5,3141,383,12.19
Below,0.5,OPEN,0.618,3139,219,6.98
Below,0.5,OPEN,0.786,3148,90,2.86
Below,0.5,OPEN,1.0,3188,27,0.85
Below,0.5,OPEN,-0.236,1856,368,19.83
Below,0.5,OPEN,-0.382,2180,339,15.55
Below,0.5,OPEN,-0.5,2419,329,13.6
Below,0.5,OPEN,-0.618,2644,272,10.29
Below,0.5,OPEN,-0.786,2852,198,6.94
Below,0.5,OPEN,-1.0,3044,158,5.19
Below,0.5,OPEN,0.0,1171,351,29.97
Above,0.618,0900,0.236,26,7,26.92
Above,0.618,0900,0.382,16,3,18.75
Above,0.618,0900,0.5,17,9,52.94
Above,0.618,0900,0.618,17,17,100.0
Above,0.618,0900,0.786,57,22,38.6
Above,0.618,0900,1.0,58,5,8.62
Above,0.618,0900,-0.236,56,2,3.57
Above,0.618,0900,-0.382,57,0,0.0
Above,0.618,0900,-0.5,58,0,0.0
Above,0.618,0900,-0.618,58,0,0.0
Above,0.618,0900,-0.786,58,0,0.0
Above,0.618,0900,-1.0,58,0,0.0
Above,0.618,0900,0.0,47,9,19.15
Below,0.618,0900,0.236,61,29,47.54
Below,0.618,0900,0.382,61,36,59.02
Below,0.618,0900,0.5,60,47,78.33
Below,0.618,0900,0.618,16,16,100.0
Below,0.618,0900,0.786,16,5,31.25
Below,0.618,0900,1.0,24,1,4.17
Below,0.618,0900,-0.236,61,7,11.48
Below,0.618,0900,-0.382,61,2,3.28
Below,0.618,0900,-0.5,61,0,0.0
Below,0.618,0900,-0.618,61,0,0.0
Below,0.618,0900,-0.786,61,0,0.0
Below,0.618,0900,-1.0,61,0,0.0
Below,0.618,0900,0.0,61,20,32.79
Above,0.618,1000,0.236,11,3,27.27
Above,0.618,1000,0.382,4,0,0.0
Above,0.618,1000,0.5,4,2,50.0
Above,0.618,1000,0.618,4,4,100.0
Above,0.618,1000,0.786,44,12,27.27
Above,0.618,1000,1.0,44,4,9.09
Above,0.618,1000,-0.236,40,1,2.5
Above,0.618,1000,-0.382,43,1,2.33
Above,0.618,1000,-0.5,43,1,2.33
Above,0.618,1000,-0.618,43,1,2.33
Above,0.618,1000,-0.786,43,0,0.0
Above,0.618,1000,-1.0,43,0,0.0
Above,0.618,1000,0.0,27,4,14.81
Below,0.618,1000,0.236,62,22,35.48
Below,0.618,1000,0.382,62,38,61.29
Below,0.618,1000,0.5,61,51,83.61
Below,0.618,1000,0.618,5,5,100.0
Below,0.618,1000,0.786,5,4,80.0
Below,0.618,1000,1.0,11,1,9.09
Below,0.618,1000,-0.236,62,3,4.84
Below,0.618,1000,-0.382,62,1,1.61
Below,0.618,1000,-0.5,62,1,1.61
Below,0.618,1000,-0.618,62,1,1.61
Below,0.618,1000,-0.786,62,1,1.61
Below,0.618,1000,-1.0,62,0,0.0
Below,0.618,1000,0.0,62,6,9.68
Above,0.618,1100,0.236,4,2,50.0
Above,0.618,1100,0.382,2,0,0.0
Above,0.618,1100,0.5,0,0,0.0
Above,0.618,1100,0.618,0,0,0.0
Above,0.618,1100,0.786,18,1,5.56
Above,0.618,1100,1.0,18,0,0.0
Above,0.618,1100,-0.236,16,1,6.25
Above,0.618,1100,-0.382,16,0,0.0
Above,0.618,1100,-0.5,17,0,0.0
Above,0.618,1100,-0.618,18,0,0.0
Above,0.618,1100,-0.786,18,0,0.0
Above,0.618,1100,-1.0,18,0,0.0
Above,0.618,1100,0.0,13,1,7.69
Below,0.618,1100,0.236,41,23,56.1
Below,0.618,1100,0.382,41,30,73.17
Below,0.618,1100,0.5,41,36,87.8
Below,0.618,1100,0.618,0,0,0.0
Below,0.618,1100,0.786,0,0,0.0
Below,0.618,1100,1.0,2,1,50.0
Below,0.618,1100,-0.236,41,3,7.32
Below,0.618,1100,-0.382,41,1,2.44
Below,0.618,1100,-0.5,41,0,0.0
Below,0.618,1100,-0.618,41,0,0.0
Below,0.618,1100,-0.786,41,0,0.0
Below,0.618,1100,-1.0,41,0,0.0
Below,0.618,1100,0.0,41,6,14.63
Above,0.618,1200,0.236,2,2,100.0
Above,0.618,1200,0.382,0,0,0.0
Above,0.618,1200,0.5,0,0,0.0
Above,0.618,1200,0.618,0,0,0.0
Above,0.618,1200,0.786,9,3,33.33
Above,0.618,1200,1.0,9,0,0.0
Above,0.618,1200,-0.236,8,1,12.5
Above,0.618,1200,-0.382,8,0,0.0
Above,0.618,1200,-0.5,8,0,0.0
Above,0.618,1200,-0.618,8,0,0.0
Above,0.618,1200,-0.786,9,0,0.0
Above,0.618,1200,-1.0,9,0,0.0
Above,0.618,1200,0.0,4,1,25.0
Below,0.618,1200,0.236,18,11,61.11
Below,0.618,1200,0.382,18,15,83.33
Below,0.618,1200,0.5,18,16,88.89
Below,0.618,1200,0.618,0,0,0.0
Below,0.618,1200,0.786,0,0,0.0
Below,0.618,1200,1.0,1,1,100.0
Below,0.618,1200,-0.236,18,1,5.56
Below,0.618,1200,-0.382,18,0,0.0
Below,0.618,1200,-0.5,18,0,0.0
Below,0.618,1200,-0.618,18,0,0.0
Below,0.618,1200,-0.786,18,0,0.0
Below,0.618,1200,-1.0,18,0,0.0
Below,0.618,1200,0.0,18,2,11.11
Above,0.618,1300,0.236,1,1,100.0
Above,0.618,1300,0.382,0,0,0.0
Above,0.618,1300,0.5,0,0,0.0
Above,0.618,1300,0.618,0,0,0.0
Above,0.618,1300,0.786,12,1,8.33
Above,0.618,1300,1.0,12,0,0.0
Above,0.618,1300,-0.236,9,2,22.22
Above,0.618,1300,-0.382,11,1,9.09
Above,0.618,1300,-0.5,11,1,9.09
Above,0.618,1300,-0.618,11,0,0.0
Above,0.618,1300,-0.786,12,0,0.0
Above,0.618,1300,-1.0,12,0,0.0
Above,0.618,1300,0.0,5,3,60.0
Below,0.618,1300,0.236,20,14,70.0
Below,0.618,1300,0.382,20,17,85.0
Below,0.618,1300,0.5,20,19,95.0
Below,0.618,1300,0.618,0,0,0.0
Below,0.618,1300,0.786,0,0,0.0
Below,0.618,1300,1.0,1,0,0.0
Below,0.618,1300,-0.236,20,4,20.0
Below,0.618,1300,-0.382,20,0,0.0
Below,0.618,1300,-0.5,20,0,0.0
Below,0.618,1300,-0.618,20,0,0.0
Below,0.618,1300,-0.786,20,0,0.0
Below,0.618,1300,-1.0,20,0,0.0
Below,0.618,1300,0.0,20,9,45.0
Above,0.618,1400,0.236,2,2,100.0
Above,0.618,1400,0.382,0,0,0.0
Above,0.618,1400,0.5,0,0,0.0
Above,0.618,1400,0.618,0,0,0.0
Above,0.618,1400,0.786,17,6,35.29
Above,0.618,1400,1.0,17,1,5.88
Above,0.618,1400,-0.236,13,4,30.77
Above,0.618,1400,-0.382,15,2,13.33
Above,0.618,1400,-0.5,16,1,6.25
Above,0.618,1400,-0.618,16,0,0.0
Above,0.618,1400,-0.786,16,0,0.0
Above,0.618,1400,-1.0,17,0,0.0
Above,0.618,1400,0.0,8,6,75.0
Below,0.618,1400,0.236,30,30,100.0
Below,0.618,1400,0.382,30,30,100.0
Below,0.618,1400,0.5,30,30,100.0
Below,0.618,1400,0.618,0,0,0.0
Below,0.618,1400,0.786,0,0,0.0
Below,0.618,1400,1.0,4,4,100.0
Below,0.618,1400,-0.236,30,5,16.67
Below,0.618,1400,-0.382,30,2,6.67
Below,0.618,1400,-0.5,30,2,6.67
Below,0.618,1400,-0.618,30,1,3.33
Below,0.618,1400,-0.786,30,1,3.33
Below,0.618,1400,-1.0,30,1,3.33
Below,0.618,1400,0.0,30,27,90.0
Above,0.618,1500,0.236,2,2,100.0
Above,0.618,1500,0.382,2,2,100.0
Above,0.618,1500,0.5,2,2,100.0
Above,0.618,1500,0.618,2,2,100.0
Above,0.618,1500,0.786,3,0,0.0
Above,0.618,1500,1.0,3,0,0.0
Above,0.618,1500,-0.236,3,2,66.67
Above,0.618,1500,-0.382,3,2,66.67
Above,0.618,1500,-0.5,3,1,33.33
Above,0.618,1500,-0.618,3,1,33.33
Above,0.618,1500,-0.786,3,0,0.0
Above,0.618,1500,-1.0,3,0,0.0
Above,0.618,1500,0.0,3,3,100.0
Below,0.618,1500,0.236,17,17,100.0
Below,0.618,1500,0.382,17,17,100.0
Below,0.618,1500,0.5,17,17,100.0
Below,0.618,1500,0.618,10,10,100.0
Below,0.618,1500,0.786,10,10,100.0
Below,0.618,1500,1.0,10,10,100.0
Below,0.618,1500,-0.236,17,2,11.76
Below,0.618,1500,-0.382,17,1,5.88
Below,0.618,1500,-0.5,17,1,5.88
Below,0.618,1500,-0.618,17,1,5.88
Below,0.618,1500,-0.786,17,0,0.0
Below,0.618,1500,-1.0,17,0,0.0
Below,0.618,1500,0.0,17,17,100.0
Above,0.618,2000,0.236,4,1,25.0
Above,0.618,2000,0.382,4,2,50.0
Above,0.618,2000,0.5,3,2,66.67
Above,0.618,2000,0.618,4,4,100.0
Above,0.618,2000,0.786,3,2,66.67
Above,0.618,2000,1.0,4,2,50.0
Above,0.618,2000,-0.236,4,0,0.0
Above,0.618,2000,-0.382,4,0,0.0
Above,0.618,2000,-0.5,4,0,0.0
Above,0.618,2000,-0.618,4,0,0.0
Above,0.618,2000,-0.786,4,0,0.0
Above,0.618,2000,-1.0,4,0,0.0
Above,0.618,2000,0.0,4,0,0.0
Below,0.618,2000,0.236,1,0,0.0
Below,0.618,2000,0.382,1,1,100.0
Below,0.618,2000,0.5,2,1,50.0
Below,0.618,2000,0.618,2,2,100.0
Below,0.618,2000,0.786,2,1,50.0
Below,0.618,2000,1.0,2,1,50.0
Below,0.618,2000,-0.236,2,0,0.0
Below,0.618,2000,-0.382,2,0,0.0
Below,0.618,2000,-0.5,2,0,0.0
Below,0.618,2000,-0.618,2,0,0.0
Below,0.618,2000,-0.786,2,0,0.0
Below,0.618,2000,-1.0,2,0,0.0
Below,0.618,2000,0.0,1,0,0.0
Above,0.618,3000,0.236,8,0,0.0
Above,0.618,3000,0.382,8,1,12.5
Above,0.618,3000,0.5,8,6,75.0
Above,0.618,3000,0.618,8,8,100.0
Above,0.618,3000,0.786,8,0,0.0
Above,0.618,3000,1.0,8,0,0.0
Above,0.618,3000,-0.236,8,0,0.0
Above,0.618,3000,-0.382,8,0,0.0
Above,0.618,3000,-0.5,8,0,0.0
Above,0.618,3000,-0.618,8,0,0.0
Above,0.618,3000,-0.786,8,0,0.0
Above,0.618,3000,-1.0,8,0,0.0
Above,0.618,3000,0.0,8,0,0.0
Below,0.618,3000,0.236,6,0,0.0
Below,0.618,3000,0.382,5,0,0.0
Below,0.618,3000,0.5,4,0,0.0
Below,0.618,3000,0.618,6,6,100.0
Below,0.618,3000,0.786,5,2,40.0
Below,0.618,3000,1.0,6,1,16.67
Below,0.618,3000,-0.236,6,0,0.0
Below,0.618,3000,-0.382,6,0,0.0
Below,0.618,3000,-0.5,6,0,0.0
Below,0.618,3000,-0.618,6,0,0.0
Below,0.618,3000,-0.786,6,0,0.0
Below,0.618,3000,-1.0,6,0,0.0
Below,0.618,3000,0.0,6,0,0.0
Above,0.618,4000,0.236,3,0,0.0
Above,0.618,4000,0.382,3,2,66.67
Above,0.618,4000,0.5,3,3,100.0
Above,0.618,4000,0.618,3,3,100.0
Above,0.618,4000,0.786,3,1,33.33
Above,0.618,4000,1.0,3,1,33.33
Above,0.618,4000,-0.236,3,0,0.0
Above,0.618,4000,-0.382,3,0,0.0
Above,0.618,4000,-0.5,3,0,0.0
Above,0.618,4000,-0.618,3,0,0.0
Above,0.618,4000,-0.786,3,0,0.0
Above,0.618,4000,-1.0,3,0,0.0
Above,0.618,4000,0.0,3,0,0.0
Below,0.618,4000,0.236,5,1,20.0
Below,0.618,4000,0.382,5,2,40.0
Below,0.618,4000,0.5,5,4,80.0
Below,0.618,4000,0.618,5,5,100.0
Below,0.618,4000,0.786,3,0,0.0
Below,0.618,4000,1.0,5,0,0.0
Below,0.618,4000,-0.236,5,0,0.0
Below,0.618,4000,-0.382,5,0,0.0
Below,0.618,4000,-0.5,5,0,0.0
Below,0.618,4000,-0.618,5,0,0.0
Below,0.618,4000,-0.786,5,0,0.0
Below,0.618,4000,-1.0,5,0,0.0
Below,0.618,4000,0.0,5,0,0.0
Above,0.618,5000,0.236,3,0,0.0
Above,0.618,5000,0.382,3,1,33.33
Above,0.618,5000,0.5,3,2,66.67
Above,0.618,5000,0.618,3,3,100.0
Above,0.618,5000,0.786,3,0,0.0
Above,0.618,5000,1.0,3,0,0.0
Above,0.618,5000,-0.236,3,0,0.0
Above,0.618,5000,-0.382,3,0,0.0
Above,0.618,5000,-0.5,3,0,0.0
Above,0.618,5000,-0.618,3,0,0.0
Above,0.618,5000,-0.786,3,0,0.0
Above,0.618,5000,-1.0,3,0,0.0
Above,0.618,5000,0.0,3,0,0.0
Below,0.618,5000,0.236,2,0,0.0
Below,0.618,5000,0.382,2,0,0.0
Below,0.618,5000,0.5,2,1,50.0
Below,0.618,5000,0.618,2,2,100.0
Below,0.618,5000,0.786,2,2,100.0
Below,0.618,5000,1.0,2,1,50.0
Below,0.618,5000,-0.236,2,0,0.0
Below,0.618,5000,-0.382,2,0,0.0
Below,0.618,5000,-0.5,2,0,0.0
Below,0.618,5000,-0.618,2,0,0.0
Below,0.618,5000,-0.786,2,0,0.0
Below,0.618,5000,-1.0,2,0,0.0
Below,0.618,5000,0.0,2,0,0.0
Above,0.618,OPEN,0.236,652,51,7.82
Above,0.618,OPEN,0.382,606,107,17.66
Above,0.618,OPEN,0.5,616,201,32.63
Above,0.618,OPEN,0.618,616,276,44.81
Above,0.618,OPEN,0.786,313,98,31.31
Above,0.618,OPEN,1.0,480,78,16.25
Above,0.618,OPEN,-0.236,691,2,0.29
Above,0.618,OPEN,-0.382,691,1,0.14
Above,0.618,OPEN,-0.5,692,1,0.14
Above,0.618,OPEN,-0.618,693,0,0.0
Above,0.618,OPEN,-0.786,693,0,0.0
Above,0.618,OPEN,-1.0,693,0,0.0
Above,0.618,OPEN,0.0,677,10,1.48
Below,0.618,OPEN,0.236,730,257,35.21
Below,0.618,OPEN,0.382,444,214,48.2
Below,0.618,OPEN,0.5,222,135,60.81
Below,0.618,OPEN,0.618,3234,294,9.09
Below,0.618,OPEN,0.786,3234,144,4.45
Below,0.618,OPEN,1.0,3259,43,1.32
Below,0.618,OPEN,-0.236,1945,367,18.87
Below,0.618,OPEN,-0.382,2269,339,14.94
Below,0.618,OPEN,-0.5,2508,328,13.08
Below,0.618,OPEN,-0.618,2733,272,9.95
Below,0.618,OPEN,-0.786,2941,198,6.73
Below,0.618,OPEN,-1.0,3133,158,5.04
Below,0.618,OPEN,0.0,1267,345,27.23
Above,0.786,0900,0.236,32,6,18.75
Above,0.786,0900,0.382,22,7,31.82
Above,0.786,0900,0.5,16,6,37.5
Above,0.786,0900,0.618,9,1,11.11
Above,0.786,0900,0.786,10,10,100.0
Above,0.786,0900,1.0,42,15,35.71
Above,0.786,0900,-0.236,41,1,2.44
Above,0.786,0900,-0.382,41,0,0.0
Above,0.786,0900,-0.5,42,0,0.0
Above,0.786,0900,-0.618,42,0,0.0
Above,0.786,0900,-0.786,42,0,0.0
Above,0.786,0900,-1.0,42,0,0.0
Above,0.786,0900,0.0,38,6,15.79
Below,0.786,0900,0.236,47,17,36.17
Below,0.786,0900,0.382,47,24,51.06
Below,0.786,0900,0.5,47,30,63.83
Below,0.786,0900,0.618,46,35,76.09
Below,0.786,0900,0.786,8,8,100.0
Below,0.786,0900,1.0,9,2,22.22
Below,0.786,0900,-0.236,47,4,8.51
Below,0.786,0900,-0.382,47,0,0.0
Below,0.786,0900,-0.5,47,0,0.0
Below,0.786,0900,-0.618,47,0,0.0
Below,0.786,0900,-0.786,47,0,0.0
Below,0.786,0900,-1.0,47,0,0.0
Below,0.786,0900,0.0,47,11,23.4
Above,0.786,1000,0.236,22,2,9.09
Above,0.786,1000,0.382,11,4,36.36
Above,0.786,1000,0.5,6,2,33.33
Above,0.786,1000,0.618,3,0,0.0
Above,0.786,1000,0.786,5,5,100.0
Above,0.786,1000,1.0,34,6,17.65
Above,0.786,1000,-0.236,34,0,0.0
Above,0.786,1000,-0.382,35,0,0.0
Above,0.786,1000,-0.5,35,0,0.0
Above,0.786,1000,-0.618,35,0,0.0
Above,0.786,1000,-0.786,35,0,0.0
Above,0.786,1000,-1.0,35,0,0.0
Above,0.786,1000,0.0,31,0,0.0
Below,0.786,1000,0.236,47,10,21.28
Below,0.786,1000,0.382,47,19,40.43
Below,0.786,1000,0.5,48,29,60.42
Below,0.786,1000,0.618,48,38,79.17
Below,0.786,1000,0.786,5,5,100.0
Below,0.786,1000,1.0,5,4,80.0
Below,0.786,1000,-0.236,48,1,2.08
Below,0.786,1000,-0.382,48,1,2.08
Below,0.786,1000,-0.5,48,1,2.08
Below,0.786,1000,-0.618,48,1,2.08
Below,0.786,1000,-0.786,48,0,0.0
Below,0.786,1000,-1.0,48,0,0.0
Below,0.786,1000,0.0,47,3,6.38
Above,0.786,1100,0.236,2,0,0.0
Above,0.786,1100,0.382,2,1,50.0
Above,0.786,1100,0.5,0,0,0.0
Above,0.786,1100,0.618,0,0,0.0
Above,0.786,1100,0.786,0,0,0.0
Above,0.786,1100,1.0,7,1,14.29
Above,0.786,1100,-0.236,7,0,0.0
Above,0.786,1100,-0.382,7,0,0.0
Above,0.786,1100,-0.5,7,0,0.0
Above,0.786,1100,-0.618,7,0,0.0
Above,0.786,1100,-0.786,7,0,0.0
Above,0.786,1100,-1.0,7,0,0.0
Above,0.786,1100,0.0,3,1,33.33
Below,0.786,1100,0.236,24,9,37.5
Below,0.786,1100,0.382,24,14,58.33
Below,0.786,1100,0.5,24,18,75.0
Below,0.786,1100,0.618,24,21,87.5
Below,0.786,1100,0.786,0,0,0.0
Below,0.786,1100,1.0,0,0,0.0
Below,0.786,1100,-0.236,24,1,4.17
Below,0.786,1100,-0.382,24,1,4.17
Below,0.786,1100,-0.5,24,0,0.0
Below,0.786,1100,-0.618,24,0,0.0
Below,0.786,1100,-0.786,24,0,0.0
Below,0.786,1100,-1.0,24,0,0.0
Below,0.786,1100,0.0,24,3,12.5
Above,0.786,1200,0.236,3,2,66.67
Above,0.786,1200,0.382,0,0,0.0
Above,0.786,1200,0.5,0,0,0.0
Above,0.786,1200,0.618,0,0,0.0
Above,0.786,1200,0.786,0,0,0.0
Above,0.786,1200,1.0,7,1,14.29
Above,0.786,1200,-0.236,5,0,0.0
Above,0.786,1200,-0.382,5,0,0.0
Above,0.786,1200,-0.5,5,0,0.0
Above,0.786,1200,-0.618,5,0,0.0
Above,0.786,1200,-0.786,7,0,0.0
Above,0.786,1200,-1.0,7,0,0.0
Above,0.786,1200,0.0,4,0,0.0
Below,0.786,1200,0.236,15,7,46.67
Below,0.786,1200,0.382,15,9,60.0
Below,0.786,1200,0.5,15,11,73.33
Below,0.786,1200,0.618,15,14,93.33
Below,0.786,1200,0.786,0,0,0.0
Below,0.786,1200,1.0,0,0,0.0
Below,0.786,1200,-0.236,15,0,0.0
Below,0.786,1200,-0.382,15,0,0.0
Below,0.786,1200,-0.5,15,0,0.0
Below,0.786,1200,-0.618,15,0,0.0
Below,0.786,1200,-0.786,15,0,0.0
Below,0.786,1200,-1.0,15,0,0.0
Below,0.786,1200,0.0,15,1,6.67
Above,0.786,1300,0.236,1,1,100.0
Above,0.786,1300,0.382,1,1,100.0
Above,0.786,1300,0.5,0,0,0.0
Above,0.786,1300,0.618,0,0,0.0
Above,0.786,1300,0.786,0,0,0.0
Above,0.786,1300,1.0,2,0,0.0
Above,0.786,1300,-0.236,2,0,0.0
Above,0.786,1300,-0.382,2,0,0.0
Above,0.786,1300,-0.5,2,0,0.0
Above,0.786,1300,-0.618,2,0,0.0
Above,0.786,1300,-0.786,2,0,0.0
Above,0.786,1300,-1.0,2,0,0.0
Above,0.786,1300,0.0,2,0,0.0
Below,0.786,1300,0.236,10,5,50.0
Below,0.786,1300,0.382,10,6,60.0
Below,0.786,1300,0.5,10,8,80.0
Below,0.786,1300,0.618,10,10,100.0
Below,0.786,1300,0.786,0,0,0.0
Below,0.786,1300,1.0,0,0,0.0
Below,0.786,1300,-0.236,10,1,10.0
Below,0.786,1300,-0.382,10,0,0.0
Below,0.786,1300,-0.5,10,0,0.0
Below,0.786,1300,-0.618,10,0,0.0
Below,0.786,1300,-0.786,10,0,0.0
Below,0.786,1300,-1.0,10,0,0.0
Below,0.786,1300,0.0,10,3,30.0
Above,0.786,1400,0.236,5,5,100.0
Above,0.786,1400,0.382,0,0,0.0
Above,0.786,1400,0.5,0,0,0.0
Above,0.786,1400,0.618,0,0,0.0
Above,0.786,1400,0.786,0,0,0.0
Above,0.786,1400,1.0,11,1,9.09
Above,0.786,1400,-0.236,9,1,11.11
Above,0.786,1400,-0.382,10,1,10.0
Above,0.786,1400,-0.5,11,1,9.09
Above,0.786,1400,-0.618,11,0,0.0
Above,0.786,1400,-0.786,11,0,0.0
Above,0.786,1400,-1.0,11,0,0.0
Above,0.786,1400,0.0,7,6,85.71
Below,0.786,1400,0.236,12,12,100.0
Below,0.786,1400,0.382,12,12,100.0
Below,0.786,1400,0.5,12,12,100.0
Below,0.786,1400,0.618,12,12,100.0
Below,0.786,1400,0.786,0,0,0.0
Below,0.786,1400,1.0,0,0,0.0
Below,0.786,1400,-0.236,12,3,25.0
Below,0.786,1400,-0.382,12,2,16.67
Below,0.786,1400,-0.5,12,2,16.67
Below,0.786,1400,-0.618,12,1,8.33
Below,0.786,1400,-0.786,12,1,8.33
Below,0.786,1400,-1.0,12,1,8.33
Below,0.786,1400,0.0,12,10,83.33
Above,0.786,1500,0.236,0,0,0.0
Above,0.786,1500,0.382,0,0,0.0
Above,0.786,1500,0.5,0,0,0.0
Above,0.786,1500,0.618,0,0,0.0
Above,0.786,1500,0.786,0,0,0.0
Above,0.786,1500,1.0,2,0,0.0
Above,0.786,1500,-0.236,2,1,50.0
Above,0.786,1500,-0.382,2,0,0.0
Above,0.786,1500,-0.5,2,0,0.0
Above,0.786,1500,-0.618,2,0,0.0
Above,0.786,1500,-0.786,2,0,0.0
Above,0.786,1500,-1.0,2,0,0.0
Above,0.786,1500,0.0,2,2,100.0
Below,0.786,1500,0.236,10,10,100.0
Below,0.786,1500,0.382,10,10,100.0
Below,0.786,1500,0.5,10,10,100.0
Below,0.786,1500,0.618,10,10,100.0
Below,0.786,1500,0.786,7,7,100.0
Below,0.786,1500,1.0,7,7,100.0
Below,0.786,1500,-0.236,10,2,20.0
Below,0.786,1500,-0.382,10,1,10.0
Below,0.786,1500,-0.5,10,1,10.0
Below,0.786,1500,-0.618,10,1,10.0
Below,0.786,1500,-0.786,10,0,0.0
Below,0.786,1500,-1.0,10,0,0.0
Below,0.786,1500,0.0,10,10,100.0
Above,0.786,2000,0.236,2,0,0.0
Above,0.786,2000,0.382,2,0,0.0
Above,0.786,2000,0.5,2,0,0.0
Above,0.786,2000,0.618,2,1,50.0
Above,0.786,2000,0.786,2,2,100.0
Above,0.786,2000,1.0,2,0,0.0
Above,0.786,2000,-0.236,2,0,0.0
Above,0.786,2000,-0.382,2,0,0.0
Above,0.786,2000,-0.5,2,0,0.0
Above,0.786,2000,-0.618,2,0,0.0
Above,0.786,2000,-0.786,2,0,0.0
Above,0.786,2000,-1.0,2,0,0.0
Above,0.786,2000,0.0,2,0,0.0
Below,0.786,2000,0.236,2,0,0.0
Below,0.786,2000,0.382,2,0,0.0
Below,0.786,2000,0.5,2,0,0.0
Below,0.786,2000,0.618,2,0,0.0
Below,0.786,2000,0.786,2,2,100.0
Below,0.786,2000,1.0,2,0,0.0
Below,0.786,2000,-0.236,2,0,0.0
Below,0.786,2000,-0.382,2,0,0.0
Below,0.786,2000,-0.5,2,0,0.0
Below,0.786,2000,-0.618,2,0,0.0
Below,0.786,2000,-0.786,2,0,0.0
Below,0.786,2000,-1.0,2,0,0.0
Below,0.786,2000,0.0,2,0,0.0
Above,0.786,3000,0.236,4,0,0.0
Above,0.786,3000,0.382,4,0,0.0
Above,0.786,3000,0.5,4,0,0.0
Above,0.786,3000,0.618,3,1,33.33
Above,0.786,3000,0.786,4,4,100.0
Above,0.786,3000,1.0,4,0,0.0
Above,0.786,3000,-0.236,4,0,0.0
Above,0.786,3000,-0.382,4,0,0.0
Above,0.786,3000,-0.5,4,0,0.0
Above,0.786,3000,-0.618,4,0,0.0
Above,0.786,3000,-0.786,4,0,0.0
Above,0.786,3000,-1.0,4,0,0.0
Above,0.786,3000,0.0,4,0,0.0
Below,0.786,3000,0.236,7,0,0.0
Below,0.786,3000,0.382,7,0,0.0
Below,0.786,3000,0.5,7,1,14.29
Below,0.786,3000,0.618,6,2,33.33
Below,0.786,3000,0.786,7,7,100.0
Below,0.786,3000,1.0,7,1,14.29
Below,0.786,3000,-0.236,7,0,0.0
Below,0.786,3000,-0.382,7,0,0.0
Below,0.786,3000,-0.5,7,0,0.0
Below,0.786,3000,-0.618,7,0,0.0
Below,0.786,3000,-0.786,7,0,0.0
Below,0.786,3000,-1.0,7,0,0.0
Below,0.786,3000,0.0,7,0,0.0
Above,0.786,4000,0.236,1,0,0.0
Above,0.786,4000,0.382,1,0,0.0
Above,0.786,4000,0.5,1,1,100.0
Above,0.786,4000,0.618,1,1,100.0
Above,0.786,4000,0.786,1,1,100.0
Above,0.786,4000,1.0,1,1,100.0
Above,0.786,4000,-0.236,1,0,0.0
Above,0.786,4000,-0.382,1,0,0.0
Above,0.786,4000,-0.5,1,0,0.0
Above,0.786,4000,-0.618,1,0,0.0
Above,0.786,4000,-0.786,1,0,0.0
Above,0.786,4000,-1.0,1,0,0.0
Above,0.786,4000,0.0,1,0,0.0
Below,0.786,4000,0.236,2,0,0.0
Below,0.786,4000,0.382,2,0,0.0
Below,0.786,4000,0.5,2,0,0.0
Below,0.786,4000,0.618,2,0,0.0
Below,0.786,4000,0.786,2,2,100.0
Below,0.786,4000,1.0,2,1,50.0
Below,0.786,4000,-0.236,2,0,0.0
Below,0.786,4000,-0.382,2,0,0.0
Below,0.786,4000,-0.5,2,0,0.0
Below,0.786,4000,-0.618,2,0,0.0
Below,0.786,4000,-0.786,2,0,0.0
Below,0.786,4000,-1.0,2,0,0.0
Below,0.786,4000,0.0,2,0,0.0
Above,0.786,5000,0.236,1,0,0.0
Above,0.786,5000,0.382,1,0,0.0
Above,0.786,5000,0.5,1,0,0.0
Above,0.786,5000,0.618,1,0,0.0
Above,0.786,5000,0.786,1,1,100.0
Above,0.786,5000,1.0,1,0,0.0
Above,0.786,5000,-0.236,1,0,0.0
Above,0.786,5000,-0.382,1,0,0.0
Above,0.786,5000,-0.5,1,0,0.0
Above,0.786,5000,-0.618,1,0,0.0
Above,0.786,5000,-0.786,1,0,0.0
Above,0.786,5000,-1.0,1,0,0.0
Above,0.786,5000,0.0,1,0,0.0
Below,0.786,5000,0.236,4,0,0.0
Below,0.786,5000,0.382,4,0,0.0
Below,0.786,5000,0.5,4,0,0.0
Below,0.786,5000,0.618,4,0,0.0
Below,0.786,5000,0.786,4,4,100.0
Below,0.786,5000,1.0,4,2,50.0
Below,0.786,5000,-0.236,4,0,0.0
Below,0.786,5000,-0.382,4,0,0.0
Below,0.786,5000,-0.5,4,0,0.0
Below,0.786,5000,-0.618,4,0,0.0
Below,0.786,5000,-0.786,4,0,0.0
Below,0.786,5000,-1.0,4,0,0.0
Below,0.786,5000,0.0,4,0,0.0
Above,0.786,OPEN,0.236,471,17,3.61
Above,0.786,OPEN,0.382,455,35,7.69
Above,0.786,OPEN,0.5,433,65,15.01
Above,0.786,OPEN,0.618,428,105,24.53
Above,0.786,OPEN,0.786,437,195,44.62
Above,0.786,OPEN,1.0,265,70,26.42
Above,0.786,OPEN,-0.236,485,1,0.21
Above,0.786,OPEN,-0.382,486,0,0.0
Above,0.786,OPEN,-0.5,487,0,0.0
Above,0.786,OPEN,-0.618,488,0,0.0
Above,0.786,OPEN,-0.786,488,0,0.0
Above,0.786,OPEN,-1.0,488,0,0.0
Above,0.786,OPEN,0.0,478,7,1.46
Below,0.786,OPEN,0.236,832,255,30.65
Below,0.786,OPEN,0.382,564,215,38.12
Below,0.786,OPEN,0.5,368,159,43.21
Below,0.786,OPEN,0.618,194,102,52.58
Below,0.786,OPEN,0.786,3324,206,6.2
Below,0.786,OPEN,1.0,3334,70,2.1
Below,0.786,OPEN,-0.236,2028,367,18.1
Below,0.786,OPEN,-0.382,2352,338,14.37
Below,0.786,OPEN,-0.5,2591,328,12.66
Below,0.786,OPEN,-0.618,2816,272,9.66
Below,0.786,OPEN,-0.786,3024,198,6.55
Below,0.786,OPEN,-1.0,3216,158,4.91
Below,0.786,OPEN,0.0,1354,347,25.63
Above,1.0,0900,0.236,24,4,16.67
Above,1.0,0900,0.382,21,5,23.81
Above,1.0,0900,0.5,16,6,37.5
Above,1.0,0900,0.618,9,1,11.11
Above,1.0,0900,0.786,7,3,42.86
Above,1.0,0900,1.0,8,8,100.0
Above,1.0,0900,-0.236,29,0,0.0
Above,1.0,0900,-0.382,29,0,0.0
Above,1.0,0900,-0.5,29,0,0.0
Above,1.0,0900,-0.618,29,0,0.0
Above,1.0,0900,-0.786,29,0,0.0
Above,1.0,0900,-1.0,29,0,0.0
Above,1.0,0900,0.0,27,2,7.41
Below,1.0,0900,0.236,22,5,22.73
Below,1.0,0900,0.382,22,6,27.27
Below,1.0,0900,0.5,22,10,45.45
Below,1.0,0900,0.618,21,14,66.67
Below,1.0,0900,0.786,21,16,76.19
Below,1.0,0900,1.0,7,7,100.0
Below,1.0,0900,-0.236,22,1,4.55
Below,1.0,0900,-0.382,22,0,0.0
Below,1.0,0900,-0.5,22,0,0.0
Below,1.0,0900,-0.618,22,0,0.0
Below,1.0,0900,-0.786,22,0,0.0
Below,1.0,0900,-1.0,22,0,0.0
Below,1.0,0900,0.0,22,2,9.09
Above,1.0,1000,0.236,14,1,7.14
Above,1.0,1000,0.382,7,0,0.0
Above,1.0,1000,0.5,6,1,16.67
Above,1.0,1000,0.618,4,0,0.0
Above,1.0,1000,0.786,3,0,0.0
Above,1.0,1000,1.0,3,3,100.0
Above,1.0,1000,-0.236,21,0,0.0
Above,1.0,1000,-0.382,21,0,0.0
Above,1.0,1000,-0.5,21,0,0.0
Above,1.0,1000,-0.618,21,0,0.0
Above,1.0,1000,-0.786,21,0,0.0
Above,1.0,1000,-1.0,21,0,0.0
Above,1.0,1000,0.0,18,1,5.56
Below,1.0,1000,0.236,35,6,17.14
Below,1.0,1000,0.382,35,11,31.43
Below,1.0,1000,0.5,36,17,47.22
Below,1.0,1000,0.618,36,22,61.11
Below,1.0,1000,0.786,35,28,80.0
Below,1.0,1000,1.0,3,3,100.0
Below,1.0,1000,-0.236,36,0,0.0
Below,1.0,1000,-0.382,36,0,0.0
Below,1.0,1000,-0.5,36,0,0.0
Below,1.0,1000,-0.618,36,0,0.0
Below,1.0,1000,-0.786,36,0,0.0
Below,1.0,1000,-1.0,36,0,0.0
Below,1.0,1000,0.0,35,1,2.86
Above,1.0,1100,0.236,7,1,14.29
Above,1.0,1100,0.382,6,1,16.67
Above,1.0,1100,0.5,2,1,50.0
Above,1.0,1100,0.618,0,0,0.0
Above,1.0,1100,0.786,0,0,0.0
Above,1.0,1100,1.0,0,0,0.0
Above,1.0,1100,-0.236,9,0,0.0
Above,1.0,1100,-0.382,9,0,0.0
Above,1.0,1100,-0.5,9,0,0.0
Above,1.0,1100,-0.618,9,0,0.0
Above,1.0,1100,-0.786,9,0,0.0
Above,1.0,1100,-1.0,9,0,0.0
Above,1.0,1100,0.0,8,0,0.0
Below,1.0,1100,0.236,11,3,27.27
Below,1.0,1100,0.382,11,6,54.55
Below,1.0,1100,0.5,11,8,72.73
Below,1.0,1100,0.618,11,8,72.73
Below,1.0,1100,0.786,11,9,81.82
Below,1.0,1100,1.0,0,0,0.0
Below,1.0,1100,-0.236,11,0,0.0
Below,1.0,1100,-0.382,11,0,0.0
Below,1.0,1100,-0.5,11,0,0.0
Below,1.0,1100,-0.618,11,0,0.0
Below,1.0,1100,-0.786,11,0,0.0
Below,1.0,1100,-1.0,11,0,0.0
Below,1.0,1100,0.0,11,0,0.0
Above,1.0,1200,0.236,1,0,0.0
Above,1.0,1200,0.382,1,1,100.0
Above,1.0,1200,0.5,1,1,100.0
Above,1.0,1200,0.618,0,0,0.0
Above,1.0,1200,0.786,0,0,0.0
Above,1.0,1200,1.0,0,0,0.0
Above,1.0,1200,-0.236,1,0,0.0
Above,1.0,1200,-0.382,1,0,0.0
Above,1.0,1200,-0.5,1,0,0.0
Above,1.0,1200,-0.618,1,0,0.0
Above,1.0,1200,-0.786,1,0,0.0
Above,1.0,1200,-1.0,1,0,0.0
Above,1.0,1200,0.0,1,0,0.0
Below,1.0,1200,0.236,7,1,14.29
Below,1.0,1200,0.382,7,2,28.57
Below,1.0,1200,0.5,7,2,28.57
Below,1.0,1200,0.618,7,3,42.86
Below,1.0,1200,0.786,7,6,85.71
Below,1.0,1200,1.0,0,0,0.0
Below,1.0,1200,-0.236,7,0,0.0
Below,1.0,1200,-0.382,7,0,0.0
Below,1.0,1200,-0.5,7,0,0.0
Below,1.0,1200,-0.618,7,0,0.0
Below,1.0,1200,-0.786,7,0,0.0
Below,1.0,1200,-1.0,7,0,0.0
Below,1.0,1200,0.0,7,0,0.0
Above,1.0,1300,0.236,1,1,100.0
Above,1.0,1300,0.382,0,0,0.0
Above,1.0,1300,0.5,0,0,0.0
Above,1.0,1300,0.618,0,0,0.0
Above,1.0,1300,0.786,0,0,0.0
Above,1.0,1300,1.0,0,0,0.0
Above,1.0,1300,-0.236,1,0,0.0
Above,1.0,1300,-0.382,1,0,0.0
Above,1.0,1300,-0.5,1,0,0.0
Above,1.0,1300,-0.618,1,0,0.0
Above,1.0,1300,-0.786,1,0,0.0
Above,1.0,1300,-1.0,1,0,0.0
Above,1.0,1300,0.0,1,0,0.0
Below,1.0,1300,0.236,3,3,100.0
Below,1.0,1300,0.382,3,3,100.0
Below,1.0,1300,0.5,3,3,100.0
Below,1.0,1300,0.618,3,3,100.0
Below,1.0,1300,0.786,3,3,100.0
Below,1.0,1300,1.0,0,0,0.0
Below,1.0,1300,-0.236,3,1,33.33
Below,1.0,1300,-0.382,3,1,33.33
Below,1.0,1300,-0.5,3,1,33.33
Below,1.0,1300,-0.618,3,1,33.33
Below,1.0,1300,-0.786,3,1,33.33
Below,1.0,1300,-1.0,3,1,33.33
Below,1.0,1300,0.0,3,2,66.67
Above,1.0,1400,0.236,3,3,100.0
Above,1.0,1400,0.382,2,2,100.0
Above,1.0,1400,0.5,1,1,100.0
Above,1.0,1400,0.618,1,1,100.0
Above,1.0,1400,0.786,0,0,0.0
Above,1.0,1400,1.0,0,0,0.0
Above,1.0,1400,-0.236,3,1,33.33
Above,1.0,1400,-0.382,3,0,0.0
Above,1.0,1400,-0.5,3,0,0.0
Above,1.0,1400,-0.618,3,0,0.0
Above,1.0,1400,-0.786,3,0,0.0
Above,1.0,1400,-1.0,3,0,0.0
Above,1.0,1400,0.0,3,3,100.0
Below,1.0,1400,0.236,7,7,100.0
Below,1.0,1400,0.382,7,7,100.0
Below,1.0,1400,0.5,7,7,100.0
Below,1.0,1400,0.618,7,7,100.0
Below,1.0,1400,0.786,7,7,100.0
Below,1.0,1400,1.0,0,0,0.0
Below,1.0,1400,-0.236,7,2,28.57
Below,1.0,1400,-0.382,7,1,14.29
Below,1.0,1400,-0.5,7,1,14.29
Below,1.0,1400,-0.618,7,0,0.0
Below,1.0,1400,-0.786,7,0,0.0
Below,1.0,1400,-1.0,7,0,0.0
Below,1.0,1400,0.0,7,6,85.71
Above,1.0,1500,0.236,1,1,100.0
Above,1.0,1500,0.382,0,0,0.0
Above,1.0,1500,0.5,0,0,0.0
Above,1.0,1500,0.618,0,0,0.0
Above,1.0,1500,0.786,0,0,0.0
Above,1.0,1500,1.0,0,0,0.0
Above,1.0,1500,-0.236,1,0,0.0
Above,1.0,1500,-0.382,1,0,0.0
Above,1.0,1500,-0.5,1,0,0.0
Above,1.0,1500,-0.618,1,0,0.0
Above,1.0,1500,-0.786,1,0,0.0
Above,1.0,1500,-1.0,1,0,0.0
Above,1.0,1500,0.0,1,1,100.0
Below,1.0,1500,0.236,4,4,100.0
Below,1.0,1500,0.382,4,4,100.0
Below,1.0,1500,0.5,4,4,100.0
Below,1.0,1500,0.618,4,4,100.0
Below,1.0,1500,0.786,4,4,100.0
Below,1.0,1500,1.0,2,2,100.0
Below,1.0,1500,-0.236,4,1,25.0
Below,1.0,1500,-0.382,4,1,25.0
Below,1.0,1500,-0.5,4,1,25.0
Below,1.0,1500,-0.618,4,1,25.0
Below,1.0,1500,-0.786,4,0,0.0
Below,1.0,1500,-1.0,4,0,0.0
Below,1.0,1500,0.0,4,4,100.0
Above,1.0,2000,0.236,2,0,0.0
Above,1.0,2000,0.382,2,0,0.0
Above,1.0,2000,0.5,2,0,0.0
Above,1.0,2000,0.618,2,0,0.0
Above,1.0,2000,0.786,2,0,0.0
Above,1.0,2000,1.0,2,2,100.0
Above,1.0,2000,-0.236,2,0,0.0
Above,1.0,2000,-0.382,2,0,0.0
Above,1.0,2000,-0.5,2,0,0.0
Above,1.0,2000,-0.618,2,0,0.0
Above,1.0,2000,-0.786,2,0,0.0
Above,1.0,2000,-1.0,2,0,0.0
Above,1.0,2000,0.0,2,0,0.0
Below,1.0,2000,0.236,2,0,0.0
Below,1.0,2000,0.382,2,0,0.0
Below,1.0,2000,0.5,2,0,0.0
Below,1.0,2000,0.618,2,0,0.0
Below,1.0,2000,0.786,2,0,0.0
Below,1.0,2000,1.0,2,2,100.0
Below,1.0,2000,-0.236,2,0,0.0
Below,1.0,2000,-0.382,2,0,0.0
Below,1.0,2000,-0.5,2,0,0.0
Below,1.0,2000,-0.618,2,0,0.0
Below,1.0,2000,-0.786,2,0,0.0
Below,1.0,2000,-1.0,2,0,0.0
Below,1.0,2000,0.0,2,0,0.0
Above,1.0,3000,0.236,3,0,0.0
Above,1.0,3000,0.382,3,0,0.0
Above,1.0,3000,0.5,3,0,0.0
Above,1.0,3000,0.618,3,0,0.0
Above,1.0,3000,0.786,3,0,0.0
Above,1.0,3000,1.0,3,3,100.0
Above,1.0,3000,-0.236,3,0,0.0
Above,1.0,3000,-0.382,3,0,0.0
Above,1.0,3000,-0.5,3,0,0.0
Above,1.0,3000,-0.618,3,0,0.0
Above,1.0,3000,-0.786,3,0,0.0
Above,1.0,3000,-1.0,3,0,0.0
Above,1.0,3000,0.0,3,0,0.0
Below,1.0,3000,0.236,1,1,100.0
Below,1.0,3000,0.382,1,1,100.0
Below,1.0,3000,0.5,1,1,100.0
Below,1.0,3000,0.618,1,1,100.0
Below,1.0,3000,0.786,1,1,100.0
Below,1.0,3000,1.0,1,1,100.0
Below,1.0,3000,-0.236,1,0,0.0
Below,1.0,3000,-0.382,1,0,0.0
Below,1.0,3000,-0.5,1,0,0.0
Below,1.0,3000,-0.618,1,0,0.0
Below,1.0,3000,-0.786,1,0,0.0
Below,1.0,3000,-1.0,1,0,0.0
Below,1.0,3000,0.0,1,0,0.0
Above,1.0,4000,0.236,2,0,0.0
Above,1.0,4000,0.382,2,0,0.0
Above,1.0,4000,0.5,2,0,0.0
Above,1.0,4000,0.618,2,0,0.0
Above,1.0,4000,0.786,2,1,50.0
Above,1.0,4000,1.0,2,2,100.0
Above,1.0,4000,-0.236,2,0,0.0
Above,1.0,4000,-0.382,2,0,0.0
Above,1.0,4000,-0.5,2,0,0.0
Above,1.0,4000,-0.618,2,0,0.0
Above,1.0,4000,-0.786,2,0,0.0
Above,1.0,4000,-1.0,2,0,0.0
Above,1.0,4000,0.0,2,0,0.0
Below,1.0,4000,0.236,3,0,0.0
Below,1.0,4000,0.382,3,0,0.0
Below,1.0,4000,0.5,3,0,0.0
Below,1.0,4000,0.618,3,0,0.0
Below,1.0,4000,0.786,3,1,33.33
Below,1.0,4000,1.0,3,3,100.0
Below,1.0,4000,-0.236,3,0,0.0
Below,1.0,4000,-0.382,3,0,0.0
Below,1.0,4000,-0.5,3,0,0.0
Below,1.0,4000,-0.618,3,0,0.0
Below,1.0,4000,-0.786,3,0,0.0
Below,1.0,4000,-1.0,3,0,0.0
Below,1.0,4000,0.0,3,0,0.0
Above,1.0,5000,0.236,1,0,0.0
Above,1.0,5000,0.382,1,0,0.0
Above,1.0,5000,0.5,1,0,0.0
Above,1.0,5000,0.618,1,0,0.0
Above,1.0,5000,0.786,1,0,0.0
Above,1.0,5000,1.0,1,1,100.0
Above,1.0,5000,-0.236,1,0,0.0
Above,1.0,5000,-0.382,1,0,0.0
Above,1.0,5000,-0.5,1,0,0.0
Above,1.0,5000,-0.618,1,0,0.0
Above,1.0,5000,-0.786,1,0,0.0
Above,1.0,5000,-1.0,1,0,0.0
Above,1.0,5000,0.0,1,0,0.0
Below,1.0,5000,0.236,3,0,0.0
Below,1.0,5000,0.382,3,0,0.0
Below,1.0,5000,0.5,3,0,0.0
Below,1.0,5000,0.618,3,0,0.0
Below,1.0,5000,0.786,3,1,33.33
Below,1.0,5000,1.0,3,3,100.0
Below,1.0,5000,-0.236,3,0,0.0
Below,1.0,5000,-0.382,3,0,0.0
Below,1.0,5000,-0.5,3,0,0.0
Below,1.0,5000,-0.618,3,0,0.0
Below,1.0,5000,-0.786,3,0,0.0
Below,1.0,5000,-1.0,3,0,0.0
Below,1.0,5000,0.0,3,0,0.0
Above,1.0,OPEN,0.236,282,3,1.06
Above,1.0,OPEN,0.382,281,3,1.07
Above,1.0,OPEN,0.5,276,5,1.81
Above,1.0,OPEN,0.618,265,14,5.28
Above,1.0,OPEN,0.786,253,47,18.58
Above,1.0,OPEN,1.0,256,112,43.75
Above,1.0,OPEN,-0.236,288,0,0.0
Above,1.0,OPEN,-0.382,289,0,0.0
Above,1.0,OPEN,-0.5,290,0,0.0
Above,1.0,OPEN,-0.618,290,0,0.0
Above,1.0,OPEN,-0.786,290,0,0.0
Above,1.0,OPEN,-1.0,290,0,0.0
Above,1.0,OPEN,0.0,284,2,0.7
Below,1.0,OPEN,0.236,915,248,27.1
Below,1.0,OPEN,0.382,653,208,31.85
Below,1.0,OPEN,0.5,476,155,32.56
Below,1.0,OPEN,0.618,327,107,32.72
Below,1.0,OPEN,0.786,185,77,41.62
Below,1.0,OPEN,1.0,3425,144,4.2
Below,1.0,OPEN,-0.236,2110,367,17.39
Below,1.0,OPEN,-0.382,2434,338,13.89
Below,1.0,OPEN,-0.5,2673,328,12.27
Below,1.0,OPEN,-0.618,2898,272,9.39
Below,1.0,OPEN,-0.786,3106,198,6.37
Below,1.0,OPEN,-1.0,3298,158,4.79
Below,1.0,OPEN,0.0,1436,346,24.09
