Direction,TriggerLevel,TriggerTime,GoalLevel,ActionableTriggers,TotalHits,TotalCompletionRate
Above,-1.0,0900,0.236,32,9,28.12
Above,-1.0,0900,0.382,32,3,9.38
Above,-1.0,0900,0.5,32,2,6.25
Above,-1.0,0900,0.618,32,2,6.25
Above,-1.0,0900,0.786,32,1,3.12
Above,-1.0,0900,1.0,32,0,0.0
Above,-1.0,0900,-0.236,29,28,96.55
Above,-1.0,0900,-0.382,23,23,100.0
Above,-1.0,0900,-0.5,21,21,100.0
Above,-1.0,0900,-0.618,16,16,100.0
Above,-1.0,0900,-0.786,15,14,93.33
Above,-1.0,0900,-1.0,32,30,93.75
Above,-1.0,0900,0.0,31,26,83.87
Below,-1.0,0900,0.236,53,13,24.53
Below,-1.0,0900,0.382,53,6,11.32
Below,-1.0,0900,0.5,53,2,3.77
Below,-1.0,0900,0.618,53,1,1.89
Below,-1.0,0900,0.786,53,1,1.89
Below,-1.0,0900,1.0,53,1,1.89
Below,-1.0,0900,-0.236,51,51,100.0
Below,-1.0,0900,-0.382,49,49,100.0
Below,-1.0,0900,-0.5,46,46,100.0
Below,-1.0,0900,-0.618,40,40,100.0
Below,-1.0,0900,-0.786,38,38,100.0
Below,-1.0,0900,-1.0,49,48,97.96
Below,-1.0,0900,0.0,53,45,84.91
Above,-1.0,1000,0.236,8,0,0.0
Above,-1.0,1000,0.382,8,0,0.0
Above,-1.0,1000,0.5,8,0,0.0
Above,-1.0,1000,0.618,8,0,0.0
Above,-1.0,1000,0.786,8,0,0.0
Above,-1.0,1000,1.0,8,0,0.0
Above,-1.0,1000,-0.236,8,8,100.0
Above,-1.0,1000,-0.382,8,8,100.0
Above,-1.0,1000,-0.5,6,6,100.0
Above,-1.0,1000,-0.618,5,5,100.0
Above,-1.0,1000,-0.786,4,4,100.0
Above,-1.0,1000,-1.0,8,8,100.0
Above,-1.0,1000,0.0,8,4,50.0
Below,-1.0,1000,0.236,25,2,8.0
Below,-1.0,1000,0.382,25,0,0.0
Below,-1.0,1000,0.5,25,0,0.0
Below,-1.0,1000,0.618,25,0,0.0
Below,-1.0,1000,0.786,25,0,0.0
Below,-1.0,1000,1.0,25,0,0.0
Below,-1.0,1000,-0.236,25,24,96.0
Below,-1.0,1000,-0.382,25,25,100.0
Below,-1.0,1000,-0.5,24,24,100.0
Below,-1.0,1000,-0.618,21,21,100.0
Below,-1.0,1000,-0.786,21,21,100.0
Below,-1.0,1000,-1.0,25,25,100.0
Below,-1.0,1000,0.0,25,19,76.0
Above,-1.0,1100,0.236,6,0,0.0
Above,-1.0,1100,0.382,6,0,0.0
Above,-1.0,1100,0.5,6,0,0.0
Above,-1.0,1100,0.618,6,0,0.0
Above,-1.0,1100,0.786,6,0,0.0
Above,-1.0,1100,1.0,6,0,0.0
Above,-1.0,1100,-0.236,6,6,100.0
Above,-1.0,1100,-0.382,6,6,100.0
Above,-1.0,1100,-0.5,6,6,100.0
Above,-1.0,1100,-0.618,6,6,100.0
Above,-1.0,1100,-0.786,6,6,100.0
Above,-1.0,1100,-1.0,6,5,83.33
Above,-1.0,1100,0.0,6,4,66.67
Below,-1.0,1100,0.236,9,1,11.11
Below,-1.0,1100,0.382,9,0,0.0
Below,-1.0,1100,0.5,9,0,0.0
Below,-1.0,1100,0.618,9,0,0.0
Below,-1.0,1100,0.786,9,0,0.0
Below,-1.0,1100,1.0,9,0,0.0
Below,-1.0,1100,-0.236,9,9,100.0
Below,-1.0,1100,-0.382,9,9,100.0
Below,-1.0,1100,-0.5,9,9,100.0
Below,-1.0,1100,-0.618,9,9,100.0
Below,-1.0,1100,-0.786,9,9,100.0
Below,-1.0,1100,-1.0,9,9,100.0
Below,-1.0,1100,0.0,9,6,66.67
Above,-1.0,1200,0.236,2,1,50.0
Above,-1.0,1200,0.382,2,1,50.0
Above,-1.0,1200,0.5,2,0,0.0
Above,-1.0,1200,0.618,2,0,0.0
Above,-1.0,1200,0.786,2,0,0.0
Above,-1.0,1200,1.0,2,0,0.0
Above,-1.0,1200,-0.236,2,2,100.0
Above,-1.0,1200,-0.382,2,2,100.0
Above,-1.0,1200,-0.5,2,2,100.0
Above,-1.0,1200,-0.618,2,2,100.0
Above,-1.0,1200,-0.786,2,2,100.0
Above,-1.0,1200,-1.0,2,1,50.0
Above,-1.0,1200,0.0,2,2,100.0
Below,-1.0,1200,0.236,8,1,12.5
Below,-1.0,1200,0.382,8,1,12.5
Below,-1.0,1200,0.5,8,0,0.0
Below,-1.0,1200,0.618,8,0,0.0
Below,-1.0,1200,0.786,8,0,0.0
Below,-1.0,1200,1.0,8,0,0.0
Below,-1.0,1200,-0.236,8,8,100.0
Below,-1.0,1200,-0.382,8,8,100.0
Below,-1.0,1200,-0.5,8,8,100.0
Below,-1.0,1200,-0.618,8,8,100.0
Below,-1.0,1200,-0.786,8,8,100.0
Below,-1.0,1200,-1.0,8,8,100.0
Below,-1.0,1200,0.0,8,5,62.5
Below,-1.0,1300,0.236,5,1,20.0
Below,-1.0,1300,0.382,5,1,20.0
Below,-1.0,1300,0.5,5,1,20.0
Below,-1.0,1300,0.618,5,0,0.0
Below,-1.0,1300,0.786,5,0,0.0
Below,-1.0,1300,1.0,5,0,0.0
Below,-1.0,1300,-0.236,5,5,100.0
Below,-1.0,1300,-0.382,5,5,100.0
Below,-1.0,1300,-0.5,5,5,100.0
Below,-1.0,1300,-0.618,5,5,100.0
Below,-1.0,1300,-0.786,5,5,100.0
Below,-1.0,1300,-1.0,5,5,100.0
Below,-1.0,1300,0.0,5,5,100.0
Above,-1.0,1400,0.236,7,1,14.29
Above,-1.0,1400,0.382,7,0,0.0
Above,-1.0,1400,0.5,7,0,0.0
Above,-1.0,1400,0.618,7,0,0.0
Above,-1.0,1400,0.786,7,0,0.0
Above,-1.0,1400,1.0,7,0,0.0
Above,-1.0,1400,-0.236,7,7,100.0
Above,-1.0,1400,-0.382,7,7,100.0
Above,-1.0,1400,-0.5,7,7,100.0
Above,-1.0,1400,-0.618,7,7,100.0
Above,-1.0,1400,-0.786,7,7,100.0
Above,-1.0,1400,-1.0,7,4,57.14
Above,-1.0,1400,0.0,7,5,71.43
Below,-1.0,1400,0.236,8,2,25.0
Below,-1.0,1400,0.382,8,2,25.0
Below,-1.0,1400,0.5,8,2,25.0
Below,-1.0,1400,0.618,8,1,12.5
Below,-1.0,1400,0.786,8,0,0.0
Below,-1.0,1400,1.0,8,0,0.0
Below,-1.0,1400,-0.236,8,8,100.0
Below,-1.0,1400,-0.382,8,8,100.0
Below,-1.0,1400,-0.5,8,8,100.0
Below,-1.0,1400,-0.618,8,8,100.0
Below,-1.0,1400,-0.786,8,8,100.0
Below,-1.0,1400,-1.0,8,8,100.0
Below,-1.0,1400,0.0,8,5,62.5
Below,-1.0,1500,0.236,3,0,0.0
Below,-1.0,1500,0.382,3,0,0.0
Below,-1.0,1500,0.5,3,0,0.0
Below,-1.0,1500,0.618,3,0,0.0
Below,-1.0,1500,0.786,3,0,0.0
Below,-1.0,1500,1.0,3,0,0.0
Below,-1.0,1500,-0.236,3,2,66.67
Below,-1.0,1500,-0.382,3,2,66.67
Below,-1.0,1500,-0.5,3,3,100.0
Below,-1.0,1500,-0.618,3,3,100.0
Below,-1.0,1500,-0.786,3,3,100.0
Below,-1.0,1500,-1.0,3,3,100.0
Below,-1.0,1500,0.0,3,1,33.33
Above,-1.0,2000,0.236,2,1,50.0
Above,-1.0,2000,0.382,2,0,0.0
Above,-1.0,2000,0.5,2,0,0.0
Above,-1.0,2000,0.618,2,0,0.0
Above,-1.0,2000,0.786,2,0,0.0
Above,-1.0,2000,1.0,2,0,0.0
Above,-1.0,2000,-0.236,2,2,100.0
Above,-1.0,2000,-0.382,2,2,100.0
Above,-1.0,2000,-0.5,2,2,100.0
Above,-1.0,2000,-0.618,1,1,100.0
Above,-1.0,2000,-0.786,0,0,0.0
Above,-1.0,2000,-1.0,2,0,0.0
Above,-1.0,2000,0.0,2,2,100.0
Below,-1.0,2000,0.236,4,0,0.0
Below,-1.0,2000,0.382,4,0,0.0
Below,-1.0,2000,0.5,4,0,0.0
Below,-1.0,2000,0.618,4,0,0.0
Below,-1.0,2000,0.786,4,0,0.0
Below,-1.0,2000,1.0,4,0,0.0
Below,-1.0,2000,-0.236,4,4,100.0
Below,-1.0,2000,-0.382,4,4,100.0
Below,-1.0,2000,-0.5,4,4,100.0
Below,-1.0,2000,-0.618,3,3,100.0
Below,-1.0,2000,-0.786,1,1,100.0
Below,-1.0,2000,-1.0,3,0,0.0
Below,-1.0,2000,0.0,4,2,50.0
Above,-1.0,3000,0.236,2,0,0.0
Above,-1.0,3000,0.382,2,0,0.0
Above,-1.0,3000,0.5,2,0,0.0
Above,-1.0,3000,0.618,2,0,0.0
Above,-1.0,3000,0.786,2,0,0.0
Above,-1.0,3000,1.0,2,0,0.0
Above,-1.0,3000,-0.236,2,2,100.0
Above,-1.0,3000,-0.382,2,2,100.0
Above,-1.0,3000,-0.5,1,1,100.0
Above,-1.0,3000,-0.618,0,0,0.0
Above,-1.0,3000,-0.786,0,0,0.0
Above,-1.0,3000,-1.0,1,0,0.0
Above,-1.0,3000,0.0,2,1,50.0
Below,-1.0,3000,0.236,4,0,0.0
Below,-1.0,3000,0.382,4,0,0.0
Below,-1.0,3000,0.5,4,0,0.0
Below,-1.0,3000,0.618,4,0,0.0
Below,-1.0,3000,0.786,4,0,0.0
Below,-1.0,3000,1.0,4,0,0.0
Below,-1.0,3000,-0.236,4,4,100.0
Below,-1.0,3000,-0.382,2,2,100.0
Below,-1.0,3000,-0.5,2,2,100.0
Below,-1.0,3000,-0.618,1,1,100.0
Below,-1.0,3000,-0.786,0,0,0.0
Below,-1.0,3000,-1.0,3,0,0.0
Below,-1.0,3000,0.0,4,4,100.0
Above,-1.0,4000,0.236,2,0,0.0
Above,-1.0,4000,0.382,2,0,0.0
Above,-1.0,4000,0.5,2,0,0.0
Above,-1.0,4000,0.618,2,0,0.0
Above,-1.0,4000,0.786,2,0,0.0
Above,-1.0,4000,1.0,2,0,0.0
Above,-1.0,4000,-0.236,2,2,100.0
Above,-1.0,4000,-0.382,2,2,100.0
Above,-1.0,4000,-0.5,2,2,100.0
Above,-1.0,4000,-0.618,1,1,100.0
Above,-1.0,4000,-0.786,1,1,100.0
Above,-1.0,4000,-1.0,1,0,0.0
Above,-1.0,4000,0.0,2,1,50.0
Below,-1.0,4000,0.236,2,0,0.0
Below,-1.0,4000,0.382,2,0,0.0
Below,-1.0,4000,0.5,2,0,0.0
Below,-1.0,4000,0.618,2,0,0.0
Below,-1.0,4000,0.786,2,0,0.0
Below,-1.0,4000,1.0,2,0,0.0
Below,-1.0,4000,-0.236,2,2,100.0
Below,-1.0,4000,-0.382,2,2,100.0
Below,-1.0,4000,-0.5,2,2,100.0
Below,-1.0,4000,-0.618,1,1,100.0
Below,-1.0,4000,-0.786,0,0,0.0
Below,-1.0,4000,-1.0,2,0,0.0
Below,-1.0,4000,0.0,2,1,50.0
Above,-1.0,5000,0.236,3,1,33.33
Above,-1.0,5000,0.382,3,0,0.0
Above,-1.0,5000,0.5,3,0,0.0
Above,-1.0,5000,0.618,3,0,0.0
Above,-1.0,5000,0.786,3,0,0.0
Above,-1.0,5000,1.0,3,0,0.0
Above,-1.0,5000,-0.236,3,3,100.0
Above,-1.0,5000,-0.382,3,3,100.0
Above,-1.0,5000,-0.5,3,3,100.0
Above,-1.0,5000,-0.618,1,1,100.0
Above,-1.0,5000,-0.786,0,0,0.0
Above,-1.0,5000,-1.0,0,0,0.0
Above,-1.0,5000,0.0,3,3,100.0
Below,-1.0,5000,0.236,3,0,0.0
Below,-1.0,5000,0.382,3,0,0.0
Below,-1.0,5000,0.5,3,0,0.0
Below,-1.0,5000,0.618,3,0,0.0
Below,-1.0,5000,0.786,3,0,0.0
Below,-1.0,5000,1.0,3,0,0.0
Below,-1.0,5000,-0.236,2,2,100.0
Below,-1.0,5000,-0.382,1,1,100.0
Below,-1.0,5000,-0.5,1,1,100.0
Below,-1.0,5000,-0.618,1,1,100.0
Below,-1.0,5000,-0.786,1,1,100.0
Below,-1.0,5000,-1.0,0,0,0.0
Below,-1.0,5000,0.0,2,1,50.0
Above,-1.0,OPEN,0.236,2009,527,26.23
Above,-1.0,OPEN,0.382,2354,303,12.87
Above,-1.0,OPEN,0.5,2606,199,7.64
Above,-1.0,OPEN,0.618,2791,146,5.23
Above,-1.0,OPEN,0.786,3002,96,3.2
Above,-1.0,OPEN,1.0,3203,59,1.84
Above,-1.0,OPEN,-0.236,716,678,94.69
Above,-1.0,OPEN,-0.382,440,415,94.32
Above,-1.0,OPEN,-0.5,292,273,93.49
Above,-1.0,OPEN,-0.618,169,148,87.57
Above,-1.0,OPEN,-0.786,85,67,78.82
Above,-1.0,OPEN,-1.0,3283,94,2.86
Above,-1.0,OPEN,0.0,1315,1055,80.23
Below,-1.0,OPEN,0.236,270,44,16.3
Below,-1.0,OPEN,0.382,270,14,5.19
Below,-1.0,OPEN,0.5,270,8,2.96
Below,-1.0,OPEN,0.618,270,4,1.48
Below,-1.0,OPEN,0.786,270,2,0.74
Below,-1.0,OPEN,1.0,270,0,0.0
Below,-1.0,OPEN,-0.236,258,251,97.29
Below,-1.0,OPEN,-0.382,238,235,98.74
Below,-1.0,OPEN,-0.5,217,217,100.0
Below,-1.0,OPEN,-0.618,177,177,100.0
Below,-1.0,OPEN,-0.786,110,109,99.09
Below,-1.0,OPEN,-1.0,68,58,85.29
Below,-1.0,OPEN,0.0,267,197,73.78
Above,-0.786,0900,0.236,62,8,12.9
Above,-0.786,0900,0.382,62,2,3.23
Above,-0.786,0900,0.5,62,1,1.61
Above,-0.786,0900,0.618,62,1,1.61
Above,-0.786,0900,0.786,62,1,1.61
Above,-0.786,0900,1.0,62,0,0.0
Above,-0.786,0900,-0.236,58,56,96.55
Above,-0.786,0900,-0.382,51,50,98.04
Above,-0.786,0900,-0.5,49,48,97.96
Above,-0.786,0900,-0.618,44,43,97.73
Above,-0.786,0900,-0.786,60,47,78.33
Above,-0.786,0900,-1.0,57,13,22.81
Above,-0.786,0900,0.0,61,46,75.41
Below,-0.786,0900,0.236,67,13,19.4
Below,-0.786,0900,0.382,67,5,7.46
Below,-0.786,0900,0.5,67,2,2.99
Below,-0.786,0900,0.618,67,1,1.49
Below,-0.786,0900,0.786,67,1,1.49
Below,-0.786,0900,1.0,67,1,1.49
Below,-0.786,0900,-0.236,59,59,100.0
Below,-0.786,0900,-0.382,54,54,100.0
Below,-0.786,0900,-0.5,51,51,100.0
Below,-0.786,0900,-0.618,50,49,98.0
Below,-0.786,0900,-0.786,65,63,96.92
Below,-0.786,0900,-1.0,64,14,21.88
Below,-0.786,0900,0.0,65,55,84.62
Above,-0.786,1000,0.236,29,1,3.45
Above,-0.786,1000,0.382,29,1,3.45
Above,-0.786,1000,0.5,29,0,0.0
Above,-0.786,1000,0.618,29,0,0.0
Above,-0.786,1000,0.786,29,0,0.0
Above,-0.786,1000,1.0,29,0,0.0
Above,-0.786,1000,-0.236,29,28,96.55
Above,-0.786,1000,-0.382,25,25,100.0
Above,-0.786,1000,-0.5,22,22,100.0
Above,-0.786,1000,-0.618,21,21,100.0
Above,-0.786,1000,-0.786,29,25,86.21
Above,-0.786,1000,-1.0,27,4,14.81
Above,-0.786,1000,0.0,29,18,62.07
Below,-0.786,1000,0.236,59,10,16.95
Below,-0.786,1000,0.382,59,2,3.39
Below,-0.786,1000,0.5,59,0,0.0
Below,-0.786,1000,0.618,59,0,0.0
Below,-0.786,1000,0.786,59,0,0.0
Below,-0.786,1000,1.0,59,0,0.0
Below,-0.786,1000,-0.236,58,58,100.0
Below,-0.786,1000,-0.382,58,58,100.0
Below,-0.786,1000,-0.5,55,55,100.0
Below,-0.786,1000,-0.618,53,53,100.0
Below,-0.786,1000,-0.786,59,59,100.0
Below,-0.786,1000,-1.0,58,12,20.69
Below,-0.786,1000,0.0,58,46,79.31
Above,-0.786,1100,0.236,8,0,0.0
Above,-0.786,1100,0.382,8,0,0.0
Above,-0.786,1100,0.5,8,0,0.0
Above,-0.786,1100,0.618,8,0,0.0
Above,-0.786,1100,0.786,8,0,0.0
Above,-0.786,1100,1.0,8,0,0.0
Above,-0.786,1100,-0.236,8,8,100.0
Above,-0.786,1100,-0.382,8,8,100.0
Above,-0.786,1100,-0.5,8,8,100.0
Above,-0.786,1100,-0.618,8,8,100.0
Above,-0.786,1100,-0.786,8,8,100.0
Above,-0.786,1100,-1.0,8,2,25.0
Above,-0.786,1100,0.0,8,8,100.0
Below,-0.786,1100,0.236,23,1,4.35
Below,-0.786,1100,0.382,23,0,0.0
Below,-0.786,1100,0.5,23,0,0.0
Below,-0.786,1100,0.618,23,0,0.0
Below,-0.786,1100,0.786,23,0,0.0
Below,-0.786,1100,1.0,23,0,0.0
Below,-0.786,1100,-0.236,23,22,95.65
Below,-0.786,1100,-0.382,23,23,100.0
Below,-0.786,1100,-0.5,23,23,100.0
Below,-0.786,1100,-0.618,23,23,100.0
Below,-0.786,1100,-0.786,23,23,100.0
Below,-0.786,1100,-1.0,23,6,26.09
Below,-0.786,1100,0.0,23,17,73.91
Above,-0.786,1200,0.236,9,1,11.11
Above,-0.786,1200,0.382,9,1,11.11
Above,-0.786,1200,0.5,9,0,0.0
Above,-0.786,1200,0.618,9,0,0.0
Above,-0.786,1200,0.786,9,0,0.0
Above,-0.786,1200,1.0,9,0,0.0
Above,-0.786,1200,-0.236,9,9,100.0
Above,-0.786,1200,-0.382,9,9,100.0
Above,-0.786,1200,-0.5,9,9,100.0
Above,-0.786,1200,-0.618,9,9,100.0
Above,-0.786,1200,-0.786,9,6,66.67
Above,-0.786,1200,-1.0,9,3,33.33
Above,-0.786,1200,0.0,9,7,77.78
Below,-0.786,1200,0.236,8,0,0.0
Below,-0.786,1200,0.382,8,0,0.0
Below,-0.786,1200,0.5,8,0,0.0
Below,-0.786,1200,0.618,8,0,0.0
Below,-0.786,1200,0.786,8,0,0.0
Below,-0.786,1200,1.0,8,0,0.0
Below,-0.786,1200,-0.236,8,8,100.0
Below,-0.786,1200,-0.382,8,8,100.0
Below,-0.786,1200,-0.5,8,8,100.0
Below,-0.786,1200,-0.618,8,8,100.0
Below,-0.786,1200,-0.786,8,8,100.0
Below,-0.786,1200,-1.0,8,1,12.5
Below,-0.786,1200,0.0,8,8,100.0
Below,-0.786,1300,0.236,15,1,6.67
Below,-0.786,1300,0.382,15,1,6.67
Below,-0.786,1300,0.5,15,1,6.67
Below,-0.786,1300,0.618,15,0,0.0
Below,-0.786,1300,0.786,15,0,0.0
Below,-0.786,1300,1.0,15,0,0.0
Below,-0.786,1300,-0.236,15,15,100.0
Below,-0.786,1300,-0.382,15,15,100.0
Below,-0.786,1300,-0.5,15,15,100.0
Below,-0.786,1300,-0.618,15,15,100.0
Below,-0.786,1300,-0.786,15,15,100.0
Below,-0.786,1300,-1.0,15,7,46.67
Below,-0.786,1300,0.0,15,6,40.0
Above,-0.786,1400,0.236,12,3,25.0
Above,-0.786,1400,0.382,12,0,0.0
Above,-0.786,1400,0.5,12,0,0.0
Above,-0.786,1400,0.618,12,0,0.0
Above,-0.786,1400,0.786,12,0,0.0
Above,-0.786,1400,1.0,12,0,0.0
Above,-0.786,1400,-0.236,12,12,100.0
Above,-0.786,1400,-0.382,12,12,100.0
Above,-0.786,1400,-0.5,12,12,100.0
Above,-0.786,1400,-0.618,12,12,100.0
Above,-0.786,1400,-0.786,12,7,58.33
Above,-0.786,1400,-1.0,12,2,16.67
Above,-0.786,1400,0.0,12,10,83.33
Below,-0.786,1400,0.236,19,5,26.32
Below,-0.786,1400,0.382,19,2,10.53
Below,-0.786,1400,0.5,19,2,10.53
Below,-0.786,1400,0.618,19,1,5.26
Below,-0.786,1400,0.786,19,0,0.0
Below,-0.786,1400,1.0,19,0,0.0
Below,-0.786,1400,-0.236,19,18,94.74
Below,-0.786,1400,-0.382,19,19,100.0
Below,-0.786,1400,-0.5,19,19,100.0
Below,-0.786,1400,-0.618,19,19,100.0
Below,-0.786,1400,-0.786,19,19,100.0
Below,-0.786,1400,-1.0,19,4,21.05
Below,-0.786,1400,0.0,19,11,57.89
Above,-0.786,1500,0.236,2,0,0.0
Above,-0.786,1500,0.382,2,0,0.0
Above,-0.786,1500,0.5,2,0,0.0
Above,-0.786,1500,0.618,2,0,0.0
Above,-0.786,1500,0.786,2,0,0.0
Above,-0.786,1500,1.0,2,0,0.0
Above,-0.786,1500,-0.236,2,1,50.0
Above,-0.786,1500,-0.382,2,2,100.0
Above,-0.786,1500,-0.5,2,2,100.0
Above,-0.786,1500,-0.618,2,2,100.0
Above,-0.786,1500,-0.786,2,1,50.0
Above,-0.786,1500,-1.0,2,0,0.0
Above,-0.786,1500,0.0,2,0,0.0
Below,-0.786,1500,0.236,3,0,0.0
Below,-0.786,1500,0.382,3,0,0.0
Below,-0.786,1500,0.5,3,0,0.0
Below,-0.786,1500,0.618,3,0,0.0
Below,-0.786,1500,0.786,3,0,0.0
Below,-0.786,1500,1.0,3,0,0.0
Below,-0.786,1500,-0.236,3,2,66.67
Below,-0.786,1500,-0.382,3,2,66.67
Below,-0.786,1500,-0.5,3,3,100.0
Below,-0.786,1500,-0.618,3,3,100.0
Below,-0.786,1500,-0.786,3,3,100.0
Below,-0.786,1500,-1.0,3,1,33.33
Below,-0.786,1500,0.0,3,1,33.33
Above,-0.786,2000,0.236,2,0,0.0
Above,-0.786,2000,0.382,2,0,0.0
Above,-0.786,2000,0.5,2,0,0.0
Above,-0.786,2000,0.618,2,0,0.0
Above,-0.786,2000,0.786,2,0,0.0
Above,-0.786,2000,1.0,2,0,0.0
Above,-0.786,2000,-0.236,2,2,100.0
Above,-0.786,2000,-0.382,1,1,100.0
Above,-0.786,2000,-0.5,1,1,100.0
Above,-0.786,2000,-0.618,1,1,100.0
Above,-0.786,2000,-0.786,2,0,0.0
Above,-0.786,2000,-1.0,0,0,0.0
Above,-0.786,2000,0.0,2,1,50.0
Below,-0.786,2000,0.236,4,0,0.0
Below,-0.786,2000,0.382,4,0,0.0
Below,-0.786,2000,0.5,4,0,0.0
Below,-0.786,2000,0.618,4,0,0.0
Below,-0.786,2000,0.786,4,0,0.0
Below,-0.786,2000,1.0,4,0,0.0
Below,-0.786,2000,-0.236,3,3,100.0
Below,-0.786,2000,-0.382,2,2,100.0
Below,-0.786,2000,-0.5,2,2,100.0
Below,-0.786,2000,-0.618,2,2,100.0
Below,-0.786,2000,-0.786,3,0,0.0
Below,-0.786,2000,-1.0,3,0,0.0
Below,-0.786,2000,0.0,4,4,100.0
Above,-0.786,3000,0.236,6,2,33.33
Above,-0.786,3000,0.382,6,1,16.67
Above,-0.786,3000,0.5,6,1,16.67
Above,-0.786,3000,0.618,6,0,0.0
Above,-0.786,3000,0.786,6,0,0.0
Above,-0.786,3000,1.0,6,0,0.0
Above,-0.786,3000,-0.236,6,6,100.0
Above,-0.786,3000,-0.382,4,4,100.0
Above,-0.786,3000,-0.5,2,2,100.0
Above,-0.786,3000,-0.618,0,0,0.0
Above,-0.786,3000,-0.786,6,0,0.0
Above,-0.786,3000,-1.0,4,0,0.0
Above,-0.786,3000,0.0,6,5,83.33
Below,-0.786,3000,0.236,3,0,0.0
Below,-0.786,3000,0.382,3,0,0.0
Below,-0.786,3000,0.5,3,0,0.0
Below,-0.786,3000,0.618,3,0,0.0
Below,-0.786,3000,0.786,3,0,0.0
Below,-0.786,3000,1.0,3,0,0.0
Below,-0.786,3000,-0.236,3,3,100.0
Below,-0.786,3000,-0.382,0,0,0.0
Below,-0.786,3000,-0.5,0,0,0.0
Below,-0.786,3000,-0.618,0,0,0.0
Below,-0.786,3000,-0.786,3,0,0.0
Below,-0.786,3000,-1.0,3,1,33.33
Below,-0.786,3000,0.0,3,2,66.67
Above,-0.786,4000,0.236,7,3,42.86
Above,-0.786,4000,0.382,7,0,0.0
Above,-0.786,4000,0.5,7,0,0.0
Above,-0.786,4000,0.618,7,0,0.0
Above,-0.786,4000,0.786,7,0,0.0
Above,-0.786,4000,1.0,7,0,0.0
Above,-0.786,4000,-0.236,6,6,100.0
Above,-0.786,4000,-0.382,5,5,100.0
Above,-0.786,4000,-0.5,4,4,100.0
Above,-0.786,4000,-0.618,3,3,100.0
Above,-0.786,4000,-0.786,5,0,0.0
Above,-0.786,4000,-1.0,5,0,0.0
Above,-0.786,4000,0.0,6,5,83.33
Below,-0.786,4000,0.236,1,0,0.0
Below,-0.786,4000,0.382,1,0,0.0
Below,-0.786,4000,0.5,1,0,0.0
Below,-0.786,4000,0.618,1,0,0.0
Below,-0.786,4000,0.786,1,0,0.0
Below,-0.786,4000,1.0,1,0,0.0
Below,-0.786,4000,-0.236,1,1,100.0
Below,-0.786,4000,-0.382,1,1,100.0
Below,-0.786,4000,-0.5,1,1,100.0
Below,-0.786,4000,-0.618,0,0,0.0
Below,-0.786,4000,-0.786,1,0,0.0
Below,-0.786,4000,-1.0,1,0,0.0
Below,-0.786,4000,0.0,1,1,100.0
Above,-0.786,5000,0.236,6,4,66.67
Above,-0.786,5000,0.382,6,0,0.0
Above,-0.786,5000,0.5,6,0,0.0
Above,-0.786,5000,0.618,6,0,0.0
Above,-0.786,5000,0.786,6,0,0.0
Above,-0.786,5000,1.0,6,0,0.0
Above,-0.786,5000,-0.236,6,6,100.0
Above,-0.786,5000,-0.382,4,4,100.0
Above,-0.786,5000,-0.5,3,3,100.0
Above,-0.786,5000,-0.618,1,1,100.0
Above,-0.786,5000,-0.786,1,0,0.0
Above,-0.786,5000,-1.0,6,0,0.0
Above,-0.786,5000,0.0,6,5,83.33
Below,-0.786,5000,0.236,2,1,50.0
Below,-0.786,5000,0.382,2,0,0.0
Below,-0.786,5000,0.5,2,0,0.0
Below,-0.786,5000,0.618,2,0,0.0
Below,-0.786,5000,0.786,2,0,0.0
Below,-0.786,5000,1.0,2,0,0.0
Below,-0.786,5000,-0.236,1,1,100.0
Below,-0.786,5000,-0.382,1,1,100.0
Below,-0.786,5000,-0.5,1,1,100.0
Below,-0.786,5000,-0.618,0,0,0.0
Below,-0.786,5000,-0.786,0,0,0.0
Below,-0.786,5000,-1.0,2,0,0.0
Below,-0.786,5000,0.0,2,2,100.0
Above,-0.786,OPEN,0.236,1930,518,26.84
Above,-0.786,OPEN,0.382,2275,302,13.27
Above,-0.786,OPEN,0.5,2527,199,7.87
Above,-0.786,OPEN,0.618,2712,147,5.42
Above,-0.786,OPEN,0.786,2923,96,3.28
Above,-0.786,OPEN,1.0,3124,59,1.89
Above,-0.786,OPEN,-0.236,639,604,94.52
Above,-0.786,OPEN,-0.382,375,351,93.6
Above,-0.786,OPEN,-0.5,231,213,92.21
Above,-0.786,OPEN,-0.618,109,89,81.65
Above,-0.786,OPEN,-0.786,3022,185,6.12
Above,-0.786,OPEN,-1.0,3333,99,2.97
Above,-0.786,OPEN,0.0,1237,998,80.68
Below,-0.786,OPEN,0.236,548,93,16.97
Below,-0.786,OPEN,0.382,549,25,4.55
Below,-0.786,OPEN,0.5,549,11,2.0
Below,-0.786,OPEN,0.618,549,5,0.91
Below,-0.786,OPEN,0.786,549,3,0.55
Below,-0.786,OPEN,1.0,549,0,0.0
Below,-0.786,OPEN,-0.236,507,496,97.83
Below,-0.786,OPEN,-0.382,442,438,99.1
Below,-0.786,OPEN,-0.5,352,351,99.72
Below,-0.786,OPEN,-0.618,232,231,99.57
Below,-0.786,OPEN,-0.786,144,123,85.42
Below,-0.786,OPEN,-1.0,262,47,17.94
Below,-0.786,OPEN,0.0,538,417,77.51
Above,-0.618,0900,0.236,72,15,20.83
Above,-0.618,0900,0.382,72,3,4.17
Above,-0.618,0900,0.5,73,3,4.11
Above,-0.618,0900,0.618,73,2,2.74
Above,-0.618,0900,0.786,73,2,2.74
Above,-0.618,0900,1.0,73,0,0.0
Above,-0.618,0900,-0.236,61,61,100.0
Above,-0.618,0900,-0.382,57,57,100.0
Above,-0.618,0900,-0.5,55,54,98.18
Above,-0.618,0900,-0.618,71,58,81.69
Above,-0.618,0900,-0.786,69,17,24.64
Above,-0.618,0900,-1.0,70,7,10.0
Above,-0.618,0900,0.0,71,60,84.51
Below,-0.618,0900,0.236,80,11,13.75
Below,-0.618,0900,0.382,80,4,5.0
Below,-0.618,0900,0.5,80,2,2.5
Below,-0.618,0900,0.618,81,1,1.23
Below,-0.618,0900,0.786,81,1,1.23
Below,-0.618,0900,1.0,81,1,1.23
Below,-0.618,0900,-0.236,68,68,100.0
Below,-0.618,0900,-0.382,59,59,100.0
Below,-0.618,0900,-0.5,53,53,100.0
Below,-0.618,0900,-0.618,77,74,96.1
Below,-0.618,0900,-0.786,69,27,39.13
Below,-0.618,0900,-1.0,79,7,8.86
Below,-0.618,0900,0.0,78,68,87.18
Above,-0.618,1000,0.236,60,4,6.67
Above,-0.618,1000,0.382,60,1,1.67
Above,-0.618,1000,0.5,60,1,1.67
Above,-0.618,1000,0.618,60,0,0.0
Above,-0.618,1000,0.786,60,0,0.0
Above,-0.618,1000,1.0,60,0,0.0
Above,-0.618,1000,-0.236,58,57,98.28
Above,-0.618,1000,-0.382,55,55,100.0
Above,-0.618,1000,-0.5,53,52,98.11
Above,-0.618,1000,-0.618,59,48,81.36
Above,-0.618,1000,-0.786,55,7,12.73
Above,-0.618,1000,-1.0,58,3,5.17
Above,-0.618,1000,0.0,60,37,61.67
Below,-0.618,1000,0.236,85,16,18.82
Below,-0.618,1000,0.382,85,6,7.06
Below,-0.618,1000,0.5,85,2,2.35
Below,-0.618,1000,0.618,85,1,1.18
Below,-0.618,1000,0.786,85,0,0.0
Below,-0.618,1000,1.0,85,0,0.0
Below,-0.618,1000,-0.236,81,81,100.0
Below,-0.618,1000,-0.382,79,79,100.0
Below,-0.618,1000,-0.5,78,78,100.0
Below,-0.618,1000,-0.618,84,82,97.62
Below,-0.618,1000,-0.786,82,36,43.9
Below,-0.618,1000,-1.0,84,6,7.14
Below,-0.618,1000,0.0,85,66,77.65
Above,-0.618,1100,0.236,22,3,13.64
Above,-0.618,1100,0.382,22,0,0.0
Above,-0.618,1100,0.5,22,0,0.0
Above,-0.618,1100,0.618,22,0,0.0
Above,-0.618,1100,0.786,22,0,0.0
Above,-0.618,1100,1.0,22,0,0.0
Above,-0.618,1100,-0.236,22,20,90.91
Above,-0.618,1100,-0.382,22,22,100.0
Above,-0.618,1100,-0.5,22,22,100.0
Above,-0.618,1100,-0.618,22,19,86.36
Above,-0.618,1100,-0.786,22,7,31.82
Above,-0.618,1100,-1.0,22,1,4.55
Above,-0.618,1100,0.0,22,13,59.09
Below,-0.618,1100,0.236,43,3,6.98
Below,-0.618,1100,0.382,43,0,0.0
Below,-0.618,1100,0.5,43,0,0.0
Below,-0.618,1100,0.618,43,0,0.0
Below,-0.618,1100,0.786,43,0,0.0
Below,-0.618,1100,1.0,43,0,0.0
Below,-0.618,1100,-0.236,43,42,97.67
Below,-0.618,1100,-0.382,43,43,100.0
Below,-0.618,1100,-0.5,43,43,100.0
Below,-0.618,1100,-0.618,43,43,100.0
Below,-0.618,1100,-0.786,43,16,37.21
Below,-0.618,1100,-1.0,43,5,11.63
Below,-0.618,1100,0.0,43,29,67.44
Above,-0.618,1200,0.236,15,1,6.67
Above,-0.618,1200,0.382,15,1,6.67
Above,-0.618,1200,0.5,15,0,0.0
Above,-0.618,1200,0.618,15,0,0.0
Above,-0.618,1200,0.786,15,0,0.0
Above,-0.618,1200,1.0,15,0,0.0
Above,-0.618,1200,-0.236,15,15,100.0
Above,-0.618,1200,-0.382,15,15,100.0
Above,-0.618,1200,-0.5,15,15,100.0
Above,-0.618,1200,-0.618,15,13,86.67
Above,-0.618,1200,-0.786,15,5,33.33
Above,-0.618,1200,-1.0,15,3,20.0
Above,-0.618,1200,0.0,15,14,93.33
Below,-0.618,1200,0.236,25,3,12.0
Below,-0.618,1200,0.382,25,1,4.0
Below,-0.618,1200,0.5,25,1,4.0
Below,-0.618,1200,0.618,25,0,0.0
Below,-0.618,1200,0.786,25,0,0.0
Below,-0.618,1200,1.0,25,0,0.0
Below,-0.618,1200,-0.236,25,25,100.0
Below,-0.618,1200,-0.382,25,25,100.0
Below,-0.618,1200,-0.5,25,25,100.0
Below,-0.618,1200,-0.618,25,25,100.0
Below,-0.618,1200,-0.786,25,8,32.0
Below,-0.618,1200,-1.0,25,2,8.0
Below,-0.618,1200,0.0,25,17,68.0
Above,-0.618,1300,0.236,8,0,0.0
Above,-0.618,1300,0.382,8,0,0.0
Above,-0.618,1300,0.5,8,0,0.0
Above,-0.618,1300,0.618,8,0,0.0
Above,-0.618,1300,0.786,8,0,0.0
Above,-0.618,1300,1.0,8,0,0.0
Above,-0.618,1300,-0.236,8,8,100.0
Above,-0.618,1300,-0.382,8,8,100.0
Above,-0.618,1300,-0.5,8,8,100.0
Above,-0.618,1300,-0.618,8,5,62.5
Above,-0.618,1300,-0.786,8,3,37.5
Above,-0.618,1300,-1.0,8,0,0.0
Above,-0.618,1300,0.0,8,6,75.0
Below,-0.618,1300,0.236,23,2,8.7
Below,-0.618,1300,0.382,23,1,4.35
Below,-0.618,1300,0.5,23,0,0.0
Below,-0.618,1300,0.618,23,0,0.0
Below,-0.618,1300,0.786,23,0,0.0
Below,-0.618,1300,1.0,23,0,0.0
Below,-0.618,1300,-0.236,23,22,95.65
Below,-0.618,1300,-0.382,23,23,100.0
Below,-0.618,1300,-0.5,23,23,100.0
Below,-0.618,1300,-0.618,23,23,100.0
Below,-0.618,1300,-0.786,23,11,47.83
Below,-0.618,1300,-1.0,23,6,26.09
Below,-0.618,1300,0.0,23,17,73.91
Above,-0.618,1400,0.236,18,4,22.22
Above,-0.618,1400,0.382,18,0,0.0
Above,-0.618,1400,0.5,18,0,0.0
Above,-0.618,1400,0.618,18,0,0.0
Above,-0.618,1400,0.786,18,0,0.0
Above,-0.618,1400,1.0,18,0,0.0
Above,-0.618,1400,-0.236,18,18,100.0
Above,-0.618,1400,-0.382,18,18,100.0
Above,-0.618,1400,-0.5,18,18,100.0
Above,-0.618,1400,-0.618,18,14,77.78
Above,-0.618,1400,-0.786,18,2,11.11
Above,-0.618,1400,-1.0,18,0,0.0
Above,-0.618,1400,0.0,18,15,83.33
Below,-0.618,1400,0.236,22,7,31.82
Below,-0.618,1400,0.382,22,4,18.18
Below,-0.618,1400,0.5,22,3,13.64
Below,-0.618,1400,0.618,22,1,4.55
Below,-0.618,1400,0.786,22,0,0.0
Below,-0.618,1400,1.0,22,0,0.0
Below,-0.618,1400,-0.236,22,22,100.0
Below,-0.618,1400,-0.382,22,22,100.0
Below,-0.618,1400,-0.5,22,22,100.0
Below,-0.618,1400,-0.618,22,22,100.0
Below,-0.618,1400,-0.786,22,9,40.91
Below,-0.618,1400,-1.0,22,2,9.09
Below,-0.618,1400,0.0,22,17,77.27
Above,-0.618,1500,0.236,8,0,0.0
Above,-0.618,1500,0.382,8,0,0.0
Above,-0.618,1500,0.5,8,0,0.0
Above,-0.618,1500,0.618,8,0,0.0
Above,-0.618,1500,0.786,8,0,0.0
Above,-0.618,1500,1.0,8,0,0.0
Above,-0.618,1500,-0.236,8,6,75.0
Above,-0.618,1500,-0.382,8,7,87.5
Above,-0.618,1500,-0.5,8,8,100.0
Above,-0.618,1500,-0.618,8,2,25.0
Above,-0.618,1500,-0.786,8,0,0.0
Above,-0.618,1500,-1.0,8,0,0.0
Above,-0.618,1500,0.0,8,2,25.0
Below,-0.618,1500,0.236,5,0,0.0
Below,-0.618,1500,0.382,5,0,0.0
Below,-0.618,1500,0.5,5,0,0.0
Below,-0.618,1500,0.618,5,0,0.0
Below,-0.618,1500,0.786,5,0,0.0
Below,-0.618,1500,1.0,5,0,0.0
Below,-0.618,1500,-0.236,5,5,100.0
Below,-0.618,1500,-0.382,5,5,100.0
Below,-0.618,1500,-0.5,5,5,100.0
Below,-0.618,1500,-0.618,5,5,100.0
Below,-0.618,1500,-0.786,5,1,20.0
Below,-0.618,1500,-1.0,5,0,0.0
Below,-0.618,1500,0.0,5,2,40.0
Above,-0.618,2000,0.236,6,3,50.0
Above,-0.618,2000,0.382,6,0,0.0
Above,-0.618,2000,0.5,6,0,0.0
Above,-0.618,2000,0.618,6,0,0.0
Above,-0.618,2000,0.786,6,0,0.0
Above,-0.618,2000,1.0,6,0,0.0
Above,-0.618,2000,-0.236,4,4,100.0
Above,-0.618,2000,-0.382,2,2,100.0
Above,-0.618,2000,-0.5,0,0,0.0
Above,-0.618,2000,-0.618,6,0,0.0
Above,-0.618,2000,-0.786,5,1,20.0
Above,-0.618,2000,-1.0,6,0,0.0
Above,-0.618,2000,0.0,5,4,80.0
Below,-0.618,2000,0.236,8,3,37.5
Below,-0.618,2000,0.382,9,2,22.22
Below,-0.618,2000,0.5,9,2,22.22
Below,-0.618,2000,0.618,9,2,22.22
Below,-0.618,2000,0.786,9,2,22.22
Below,-0.618,2000,1.0,9,0,0.0
Below,-0.618,2000,-0.236,5,5,100.0
Below,-0.618,2000,-0.382,2,2,100.0
Below,-0.618,2000,-0.5,2,1,50.0
Below,-0.618,2000,-0.618,9,0,0.0
Below,-0.618,2000,-0.786,7,0,0.0
Below,-0.618,2000,-1.0,8,1,12.5
Below,-0.618,2000,0.0,8,8,100.0
Above,-0.618,3000,0.236,6,2,33.33
Above,-0.618,3000,0.382,7,2,28.57
Above,-0.618,3000,0.5,7,1,14.29
Above,-0.618,3000,0.618,7,1,14.29
Above,-0.618,3000,0.786,7,0,0.0
Above,-0.618,3000,1.0,7,0,0.0
Above,-0.618,3000,-0.236,5,5,100.0
Above,-0.618,3000,-0.382,3,3,100.0
Above,-0.618,3000,-0.5,2,1,50.0
Above,-0.618,3000,-0.618,7,1,14.29
Above,-0.618,3000,-0.786,4,0,0.0
Above,-0.618,3000,-1.0,7,1,14.29
Above,-0.618,3000,0.0,6,3,50.0
Below,-0.618,3000,0.236,8,4,50.0
Below,-0.618,3000,0.382,8,0,0.0
Below,-0.618,3000,0.5,8,0,0.0
Below,-0.618,3000,0.618,8,0,0.0
Below,-0.618,3000,0.786,8,0,0.0
Below,-0.618,3000,1.0,8,0,0.0
Below,-0.618,3000,-0.236,8,8,100.0
Below,-0.618,3000,-0.382,5,5,100.0
Below,-0.618,3000,-0.5,2,2,100.0
Below,-0.618,3000,-0.618,6,0,0.0
Below,-0.618,3000,-0.786,4,0,0.0
Below,-0.618,3000,-1.0,8,1,12.5
Below,-0.618,3000,0.0,8,7,87.5
Above,-0.618,4000,0.236,9,2,22.22
Above,-0.618,4000,0.382,9,2,22.22
Above,-0.618,4000,0.5,9,1,11.11
Above,-0.618,4000,0.618,9,1,11.11
Above,-0.618,4000,0.786,9,1,11.11
Above,-0.618,4000,1.0,9,0,0.0
Above,-0.618,4000,-0.236,6,6,100.0
Above,-0.618,4000,-0.382,5,4,80.0
Above,-0.618,4000,-0.5,2,1,50.0
Above,-0.618,4000,-0.618,8,0,0.0
Above,-0.618,4000,-0.786,7,2,28.57
Above,-0.618,4000,-1.0,8,1,12.5
Above,-0.618,4000,0.0,9,6,66.67
Below,-0.618,4000,0.236,5,1,20.0
Below,-0.618,4000,0.382,5,0,0.0
Below,-0.618,4000,0.5,5,0,0.0
Below,-0.618,4000,0.618,5,0,0.0
Below,-0.618,4000,0.786,5,0,0.0
Below,-0.618,4000,1.0,5,0,0.0
Below,-0.618,4000,-0.236,1,1,100.0
Below,-0.618,4000,-0.382,0,0,0.0
Below,-0.618,4000,-0.5,0,0,0.0
Below,-0.618,4000,-0.618,4,0,0.0
Below,-0.618,4000,-0.786,5,3,60.0
Below,-0.618,4000,-1.0,5,1,20.0
Below,-0.618,4000,0.0,5,5,100.0
Above,-0.618,5000,0.236,5,1,20.0
Above,-0.618,5000,0.382,5,1,20.0
Above,-0.618,5000,0.5,5,0,0.0
Above,-0.618,5000,0.618,5,0,0.0
Above,-0.618,5000,0.786,5,0,0.0
Above,-0.618,5000,1.0,5,0,0.0
Above,-0.618,5000,-0.236,5,5,100.0
Above,-0.618,5000,-0.382,2,2,100.0
Above,-0.618,5000,-0.5,0,0,0.0
Above,-0.618,5000,-0.618,0,0,0.0
Above,-0.618,5000,-0.786,3,1,33.33
Above,-0.618,5000,-1.0,4,0,0.0
Above,-0.618,5000,0.0,5,4,80.0
Below,-0.618,5000,0.236,2,0,0.0
Below,-0.618,5000,0.382,2,0,0.0
Below,-0.618,5000,0.5,2,0,0.0
Below,-0.618,5000,0.618,2,0,0.0
Below,-0.618,5000,0.786,2,0,0.0
Below,-0.618,5000,1.0,2,0,0.0
Below,-0.618,5000,-0.236,0,0,0.0
Below,-0.618,5000,-0.382,0,0,0.0
Below,-0.618,5000,-0.5,0,0,0.0
Below,-0.618,5000,-0.618,0,0,0.0
Below,-0.618,5000,-0.786,1,0,0.0
Below,-0.618,5000,-1.0,2,0,0.0
Below,-0.618,5000,0.0,2,1,50.0
Above,-0.618,OPEN,0.236,1844,505,27.39
Above,-0.618,OPEN,0.382,2188,297,13.57
Above,-0.618,OPEN,0.5,2439,195,8.0
Above,-0.618,OPEN,0.618,2624,144,5.49
Above,-0.618,OPEN,0.786,2835,94,3.32
Above,-0.618,OPEN,1.0,3036,59,1.94
Above,-0.618,OPEN,-0.236,567,533,94.0
Above,-0.618,OPEN,-0.382,301,278,92.36
Above,-0.618,OPEN,-0.5,160,145,90.62
Above,-0.618,OPEN,-0.618,2722,270,9.92
Above,-0.618,OPEN,-0.786,3098,189,6.1
Above,-0.618,OPEN,-1.0,3287,93,2.83
Above,-0.618,OPEN,0.0,1151,939,81.58
Below,-0.618,OPEN,0.236,841,150,17.84
Below,-0.618,OPEN,0.382,848,49,5.78
Below,-0.618,OPEN,0.5,850,18,2.12
Below,-0.618,OPEN,0.618,850,9,1.06
Below,-0.618,OPEN,0.786,850,4,0.47
Below,-0.618,OPEN,1.0,850,0,0.0
Below,-0.618,OPEN,-0.236,710,698,98.31
Below,-0.618,OPEN,-0.382,538,534,99.26
Below,-0.618,OPEN,-0.5,365,361,98.9
Below,-0.618,OPEN,-0.618,242,220,90.91
Below,-0.618,OPEN,-0.786,305,69,22.62
Below,-0.618,OPEN,-1.0,561,61,10.87
Below,-0.618,OPEN,0.0,816,645,79.04
Above,-0.5,0900,0.236,132,34,25.76
Above,-0.5,0900,0.382,132,6,4.55
Above,-0.5,0900,0.5,132,3,2.27
Above,-0.5,0900,0.618,132,0,0.0
Above,-0.5,0900,0.786,132,0,0.0
Above,-0.5,0900,1.0,132,0,0.0
Above,-0.5,0900,-0.236,112,111,99.11
Above,-0.5,0900,-0.382,96,93,96.88
Above,-0.5,0900,-0.5,128,107,83.59
Above,-0.5,0900,-0.618,103,32,31.07
Above,-0.5,0900,-0.786,121,18,14.88
Above,-0.5,0900,-1.0,130,10,7.69
Above,-0.5,0900,0.0,124,101,81.45
Below,-0.5,0900,0.236,97,17,17.53
Below,-0.5,0900,0.382,98,7,7.14
Below,-0.5,0900,0.5,98,3,3.06
Below,-0.5,0900,0.618,98,2,2.04
Below,-0.5,0900,0.786,98,1,1.02
Below,-0.5,0900,1.0,98,1,1.02
Below,-0.5,0900,-0.236,80,79,98.75
Below,-0.5,0900,-0.382,70,70,100.0
Below,-0.5,0900,-0.5,95,93,97.89
Below,-0.5,0900,-0.618,85,46,54.12
Below,-0.5,0900,-0.786,96,24,25.0
Below,-0.5,0900,-1.0,98,7,7.14
Below,-0.5,0900,0.0,94,74,78.72
Above,-0.5,1000,0.236,89,11,12.36
Above,-0.5,1000,0.382,90,2,2.22
Above,-0.5,1000,0.5,90,1,1.11
Above,-0.5,1000,0.618,90,0,0.0
Above,-0.5,1000,0.786,90,0,0.0
Above,-0.5,1000,1.0,90,0,0.0
Above,-0.5,1000,-0.236,83,83,100.0
Above,-0.5,1000,-0.382,79,79,100.0
Above,-0.5,1000,-0.5,90,72,80.0
Above,-0.5,1000,-0.618,84,25,29.76
Above,-0.5,1000,-0.786,88,8,9.09
Above,-0.5,1000,-1.0,89,2,2.25
Above,-0.5,1000,0.0,88,68,77.27
Below,-0.5,1000,0.236,114,26,22.81
Below,-0.5,1000,0.382,114,7,6.14
Below,-0.5,1000,0.5,114,1,0.88
Below,-0.5,1000,0.618,114,0,0.0
Below,-0.5,1000,0.786,114,0,0.0
Below,-0.5,1000,1.0,114,0,0.0
Below,-0.5,1000,-0.236,108,106,98.15
Below,-0.5,1000,-0.382,102,102,100.0
Below,-0.5,1000,-0.5,114,114,100.0
Below,-0.5,1000,-0.618,106,52,49.06
Below,-0.5,1000,-0.786,112,25,22.32
Below,-0.5,1000,-1.0,114,7,6.14
Below,-0.5,1000,0.0,113,95,84.07
Above,-0.5,1100,0.236,40,4,10.0
Above,-0.5,1100,0.382,40,0,0.0
Above,-0.5,1100,0.5,40,0,0.0
Above,-0.5,1100,0.618,40,0,0.0
Above,-0.5,1100,0.786,40,0,0.0
Above,-0.5,1100,1.0,40,0,0.0
Above,-0.5,1100,-0.236,40,40,100.0
Above,-0.5,1100,-0.382,40,40,100.0
Above,-0.5,1100,-0.5,40,33,82.5
Above,-0.5,1100,-0.618,40,14,35.0
Above,-0.5,1100,-0.786,40,4,10.0
Above,-0.5,1100,-1.0,40,1,2.5
Above,-0.5,1100,0.0,40,27,67.5
Below,-0.5,1100,0.236,56,10,17.86
Below,-0.5,1100,0.382,56,5,8.93
Below,-0.5,1100,0.5,56,2,3.57
Below,-0.5,1100,0.618,56,1,1.79
Below,-0.5,1100,0.786,56,0,0.0
Below,-0.5,1100,1.0,56,0,0.0
Below,-0.5,1100,-0.236,56,56,100.0
Below,-0.5,1100,-0.382,56,56,100.0
Below,-0.5,1100,-0.5,56,56,100.0
Below,-0.5,1100,-0.618,56,28,50.0
Below,-0.5,1100,-0.786,56,8,14.29
Below,-0.5,1100,-1.0,56,0,0.0
Below,-0.5,1100,0.0,56,43,76.79
Above,-0.5,1200,0.236,27,1,3.7
Above,-0.5,1200,0.382,27,1,3.7
Above,-0.5,1200,0.5,27,1,3.7
Above,-0.5,1200,0.618,27,0,0.0
Above,-0.5,1200,0.786,27,0,0.0
Above,-0.5,1200,1.0,27,0,0.0
Above,-0.5,1200,-0.236,27,26,96.3
Above,-0.5,1200,-0.382,27,27,100.0
Above,-0.5,1200,-0.5,27,24,88.89
Above,-0.5,1200,-0.618,27,12,44.44
Above,-0.5,1200,-0.786,27,6,22.22
Above,-0.5,1200,-1.0,27,3,11.11
Above,-0.5,1200,0.0,27,17,62.96
Below,-0.5,1200,0.236,39,4,10.26
Below,-0.5,1200,0.382,39,2,5.13
Below,-0.5,1200,0.5,39,1,2.56
Below,-0.5,1200,0.618,39,0,0.0
Below,-0.5,1200,0.786,39,0,0.0
Below,-0.5,1200,1.0,39,0,0.0
Below,-0.5,1200,-0.236,39,38,97.44
Below,-0.5,1200,-0.382,39,39,100.0
Below,-0.5,1200,-0.5,39,39,100.0
Below,-0.5,1200,-0.618,39,20,51.28
Below,-0.5,1200,-0.786,39,7,17.95
Below,-0.5,1200,-1.0,39,3,7.69
Below,-0.5,1200,0.0,39,32,82.05
Above,-0.5,1300,0.236,20,2,10.0
Above,-0.5,1300,0.382,20,1,5.0
Above,-0.5,1300,0.5,20,0,0.0
Above,-0.5,1300,0.618,20,0,0.0
Above,-0.5,1300,0.786,20,0,0.0
Above,-0.5,1300,1.0,20,0,0.0
Above,-0.5,1300,-0.236,20,19,95.0
Above,-0.5,1300,-0.382,20,20,100.0
Above,-0.5,1300,-0.5,20,16,80.0
Above,-0.5,1300,-0.618,20,5,25.0
Above,-0.5,1300,-0.786,20,2,10.0
Above,-0.5,1300,-1.0,20,0,0.0
Above,-0.5,1300,0.0,20,13,65.0
Below,-0.5,1300,0.236,26,4,15.38
Below,-0.5,1300,0.382,26,0,0.0
Below,-0.5,1300,0.5,26,0,0.0
Below,-0.5,1300,0.618,26,0,0.0
Below,-0.5,1300,0.786,26,0,0.0
Below,-0.5,1300,1.0,26,0,0.0
Below,-0.5,1300,-0.236,26,26,100.0
Below,-0.5,1300,-0.382,26,26,100.0
Below,-0.5,1300,-0.5,26,26,100.0
Below,-0.5,1300,-0.618,26,12,46.15
Below,-0.5,1300,-0.786,26,8,30.77
Below,-0.5,1300,-1.0,26,3,11.54
Below,-0.5,1300,0.0,26,17,65.38
Above,-0.5,1400,0.236,33,6,18.18
Above,-0.5,1400,0.382,33,0,0.0
Above,-0.5,1400,0.5,33,0,0.0
Above,-0.5,1400,0.618,33,0,0.0
Above,-0.5,1400,0.786,33,0,0.0
Above,-0.5,1400,1.0,33,0,0.0
Above,-0.5,1400,-0.236,33,33,100.0
Above,-0.5,1400,-0.382,33,33,100.0
Above,-0.5,1400,-0.5,33,24,72.73
Above,-0.5,1400,-0.618,33,9,27.27
Above,-0.5,1400,-0.786,33,3,9.09
Above,-0.5,1400,-1.0,33,0,0.0
Above,-0.5,1400,0.0,33,27,81.82
Below,-0.5,1400,0.236,41,10,24.39
Below,-0.5,1400,0.382,41,7,17.07
Below,-0.5,1400,0.5,41,5,12.2
Below,-0.5,1400,0.618,41,2,4.88
Below,-0.5,1400,0.786,41,1,2.44
Below,-0.5,1400,1.0,41,0,0.0
Below,-0.5,1400,-0.236,41,41,100.0
Below,-0.5,1400,-0.382,41,41,100.0
Below,-0.5,1400,-0.5,41,41,100.0
Below,-0.5,1400,-0.618,41,14,34.15
Below,-0.5,1400,-0.786,41,7,17.07
Below,-0.5,1400,-1.0,41,2,4.88
Below,-0.5,1400,0.0,41,31,75.61
Above,-0.5,1500,0.236,14,0,0.0
Above,-0.5,1500,0.382,14,0,0.0
Above,-0.5,1500,0.5,14,0,0.0
Above,-0.5,1500,0.618,14,0,0.0
Above,-0.5,1500,0.786,14,0,0.0
Above,-0.5,1500,1.0,14,0,0.0
Above,-0.5,1500,-0.236,14,11,78.57
Above,-0.5,1500,-0.382,14,12,85.71
Above,-0.5,1500,-0.5,14,6,42.86
Above,-0.5,1500,-0.618,14,0,0.0
Above,-0.5,1500,-0.786,14,0,0.0
Above,-0.5,1500,-1.0,14,0,0.0
Above,-0.5,1500,0.0,14,5,35.71
Below,-0.5,1500,0.236,18,0,0.0
Below,-0.5,1500,0.382,18,0,0.0
Below,-0.5,1500,0.5,18,0,0.0
Below,-0.5,1500,0.618,18,0,0.0
Below,-0.5,1500,0.786,18,0,0.0
Below,-0.5,1500,1.0,18,0,0.0
Below,-0.5,1500,-0.236,18,16,88.89
Below,-0.5,1500,-0.382,18,16,88.89
Below,-0.5,1500,-0.5,18,17,94.44
Below,-0.5,1500,-0.618,18,5,27.78
Below,-0.5,1500,-0.786,18,1,5.56
Below,-0.5,1500,-1.0,18,0,0.0
Below,-0.5,1500,0.0,18,4,22.22
Above,-0.5,2000,0.236,16,6,37.5
Above,-0.5,2000,0.382,16,5,31.25
Above,-0.5,2000,0.5,16,1,6.25
Above,-0.5,2000,0.618,16,1,6.25
Above,-0.5,2000,0.786,16,1,6.25
Above,-0.5,2000,1.0,16,0,0.0
Above,-0.5,2000,-0.236,7,7,100.0
Above,-0.5,2000,-0.382,4,3,75.0
Above,-0.5,2000,-0.5,15,0,0.0
Above,-0.5,2000,-0.618,8,2,25.0
Above,-0.5,2000,-0.786,12,1,8.33
Above,-0.5,2000,-1.0,14,1,7.14
Above,-0.5,2000,0.0,12,9,75.0
Below,-0.5,2000,0.236,10,1,10.0
Below,-0.5,2000,0.382,10,0,0.0
Below,-0.5,2000,0.5,11,0,0.0
Below,-0.5,2000,0.618,11,0,0.0
Below,-0.5,2000,0.786,11,0,0.0
Below,-0.5,2000,1.0,11,0,0.0
Below,-0.5,2000,-0.236,7,7,100.0
Below,-0.5,2000,-0.382,2,2,100.0
Below,-0.5,2000,-0.5,11,0,0.0
Below,-0.5,2000,-0.618,6,2,33.33
Below,-0.5,2000,-0.786,9,3,33.33
Below,-0.5,2000,-1.0,11,1,9.09
Below,-0.5,2000,0.0,10,8,80.0
Above,-0.5,3000,0.236,7,1,14.29
Above,-0.5,3000,0.382,7,0,0.0
Above,-0.5,3000,0.5,7,0,0.0
Above,-0.5,3000,0.618,7,0,0.0
Above,-0.5,3000,0.786,7,0,0.0
Above,-0.5,3000,1.0,7,0,0.0
Above,-0.5,3000,-0.236,2,2,100.0
Above,-0.5,3000,-0.382,2,1,50.0
Above,-0.5,3000,-0.5,7,1,14.29
Above,-0.5,3000,-0.618,5,0,0.0
Above,-0.5,3000,-0.786,6,1,16.67
Above,-0.5,3000,-1.0,6,0,0.0
Above,-0.5,3000,0.0,5,3,60.0
Below,-0.5,3000,0.236,6,0,0.0
Below,-0.5,3000,0.382,7,0,0.0
Below,-0.5,3000,0.5,7,0,0.0
Below,-0.5,3000,0.618,7,0,0.0
Below,-0.5,3000,0.786,7,0,0.0
Below,-0.5,3000,1.0,7,0,0.0
Below,-0.5,3000,-0.236,3,3,100.0
Below,-0.5,3000,-0.382,1,1,100.0
Below,-0.5,3000,-0.5,6,0,0.0
Below,-0.5,3000,-0.618,4,3,75.0
Below,-0.5,3000,-0.786,6,1,16.67
Below,-0.5,3000,-1.0,7,1,14.29
Below,-0.5,3000,0.0,5,4,80.0
Above,-0.5,4000,0.236,3,1,33.33
Above,-0.5,4000,0.382,3,1,33.33
Above,-0.5,4000,0.5,3,0,0.0
Above,-0.5,4000,0.618,3,0,0.0
Above,-0.5,4000,0.786,3,0,0.0
Above,-0.5,4000,1.0,3,0,0.0
Above,-0.5,4000,-0.236,2,2,100.0
Above,-0.5,4000,-0.382,1,1,100.0
Above,-0.5,4000,-0.5,2,0,0.0
Above,-0.5,4000,-0.618,2,1,50.0
Above,-0.5,4000,-0.786,2,1,50.0
Above,-0.5,4000,-1.0,2,0,0.0
Above,-0.5,4000,0.0,3,3,100.0
Below,-0.5,4000,0.236,4,2,50.0
Below,-0.5,4000,0.382,4,2,50.0
Below,-0.5,4000,0.5,4,0,0.0
Below,-0.5,4000,0.618,4,0,0.0
Below,-0.5,4000,0.786,4,0,0.0
Below,-0.5,4000,1.0,4,0,0.0
Below,-0.5,4000,-0.236,0,0,0.0
Below,-0.5,4000,-0.382,0,0,0.0
Below,-0.5,4000,-0.5,4,0,0.0
Below,-0.5,4000,-0.618,3,1,33.33
Below,-0.5,4000,-0.786,4,0,0.0
Below,-0.5,4000,-1.0,4,0,0.0
Below,-0.5,4000,0.0,3,2,66.67
Above,-0.5,5000,0.236,9,2,22.22
Above,-0.5,5000,0.382,9,2,22.22
Above,-0.5,5000,0.5,9,1,11.11
Above,-0.5,5000,0.618,9,1,11.11
Above,-0.5,5000,0.786,9,1,11.11
Above,-0.5,5000,1.0,9,0,0.0
Above,-0.5,5000,-0.236,2,2,100.0
Above,-0.5,5000,-0.382,1,0,0.0
Above,-0.5,5000,-0.5,0,0,0.0
Above,-0.5,5000,-0.618,3,0,0.0
Above,-0.5,5000,-0.786,8,1,12.5
Above,-0.5,5000,-1.0,9,0,0.0
Above,-0.5,5000,0.0,9,7,77.78
Below,-0.5,5000,0.236,3,2,66.67
Below,-0.5,5000,0.382,3,1,33.33
Below,-0.5,5000,0.5,3,0,0.0
Below,-0.5,5000,0.618,3,0,0.0
Below,-0.5,5000,0.786,3,0,0.0
Below,-0.5,5000,1.0,3,0,0.0
Below,-0.5,5000,-0.236,1,1,100.0
Below,-0.5,5000,-0.382,0,0,0.0
Below,-0.5,5000,-0.5,0,0,0.0
Below,-0.5,5000,-0.618,0,0,0.0
Below,-0.5,5000,-0.786,2,0,0.0
Below,-0.5,5000,-1.0,3,1,33.33
Below,-0.5,5000,0.0,2,1,50.0
Above,-0.5,OPEN,0.236,1683,472,28.05
Above,-0.5,OPEN,0.382,2027,289,14.26
Above,-0.5,OPEN,0.5,2279,194,8.51
Above,-0.5,OPEN,0.618,2464,146,5.93
Above,-0.5,OPEN,0.786,2675,95,3.55
Above,-0.5,OPEN,1.0,2876,59,2.05
Above,-0.5,OPEN,-0.236,436,403,92.43
Above,-0.5,OPEN,-0.382,181,164,90.61
Above,-0.5,OPEN,-0.5,2439,383,15.7
Above,-0.5,OPEN,-0.618,2798,283,10.11
Above,-0.5,OPEN,-0.786,3051,177,5.8
Above,-0.5,OPEN,-1.0,3150,75,2.38
Above,-0.5,OPEN,0.0,1003,823,82.05
Below,-0.5,OPEN,0.236,1114,221,19.84
Below,-0.5,OPEN,0.382,1125,77,6.84
Below,-0.5,OPEN,0.5,1128,29,2.57
Below,-0.5,OPEN,0.618,1129,14,1.24
Below,-0.5,OPEN,0.786,1129,6,0.53
Below,-0.5,OPEN,1.0,1129,0,0.0
Below,-0.5,OPEN,-0.236,826,815,98.67
Below,-0.5,OPEN,-0.382,541,532,98.34
Below,-0.5,OPEN,-0.5,400,381,95.25
Below,-0.5,OPEN,-0.618,279,77,27.6
Below,-0.5,OPEN,-0.786,569,95,16.7
Below,-0.5,OPEN,-1.0,836,67,8.01
Below,-0.5,OPEN,0.0,1061,860,81.06
Above,-0.382,0900,0.236,152,31,20.39
Above,-0.382,0900,0.382,155,8,5.16
Above,-0.382,0900,0.5,156,3,1.92
Above,-0.382,0900,0.618,156,2,1.28
Above,-0.382,0900,0.786,156,0,0.0
Above,-0.382,0900,1.0,156,0,0.0
Above,-0.382,0900,-0.236,132,128,96.97
Above,-0.382,0900,-0.382,153,130,84.97
Above,-0.382,0900,-0.5,133,61,45.86
Above,-0.382,0900,-0.618,142,31,21.83
Above,-0.382,0900,-0.786,150,15,10.0
Above,-0.382,0900,-1.0,156,10,6.41
Above,-0.382,0900,0.0,141,114,80.85
Below,-0.382,0900,0.236,125,23,18.4
Below,-0.382,0900,0.382,125,10,8.0
Below,-0.382,0900,0.5,125,4,3.2
Below,-0.382,0900,0.618,125,2,1.6
Below,-0.382,0900,0.786,125,2,1.6
Below,-0.382,0900,1.0,125,1,0.8
Below,-0.382,0900,-0.236,108,107,99.07
Below,-0.382,0900,-0.382,123,122,99.19
Below,-0.382,0900,-0.5,106,64,60.38
Below,-0.382,0900,-0.618,117,35,29.91
Below,-0.382,0900,-0.786,124,23,18.55
Below,-0.382,0900,-1.0,125,4,3.2
Below,-0.382,0900,0.0,120,100,83.33
Above,-0.382,1000,0.236,135,23,17.04
Above,-0.382,1000,0.382,136,5,3.68
Above,-0.382,1000,0.5,136,2,1.47
Above,-0.382,1000,0.618,136,1,0.74
Above,-0.382,1000,0.786,136,0,0.0
Above,-0.382,1000,1.0,136,0,0.0
Above,-0.382,1000,-0.236,122,120,98.36
Above,-0.382,1000,-0.382,136,117,86.03
Above,-0.382,1000,-0.5,123,41,33.33
Above,-0.382,1000,-0.618,130,21,16.15
Above,-0.382,1000,-0.786,134,10,7.46
Above,-0.382,1000,-1.0,136,3,2.21
Above,-0.382,1000,0.0,131,99,75.57
Below,-0.382,1000,0.236,144,33,22.92
Below,-0.382,1000,0.382,144,16,11.11
Below,-0.382,1000,0.5,144,6,4.17
Below,-0.382,1000,0.618,144,1,0.69
Below,-0.382,1000,0.786,144,0,0.0
Below,-0.382,1000,1.0,144,0,0.0
Below,-0.382,1000,-0.236,131,130,99.24
Below,-0.382,1000,-0.382,143,140,97.9
Below,-0.382,1000,-0.5,133,71,53.38
Below,-0.382,1000,-0.618,138,41,29.71
Below,-0.382,1000,-0.786,141,14,9.93
Below,-0.382,1000,-1.0,144,4,2.78
Below,-0.382,1000,0.0,142,127,89.44
Above,-0.382,1100,0.236,65,6,9.23
Above,-0.382,1100,0.382,65,1,1.54
Above,-0.382,1100,0.5,65,0,0.0
Above,-0.382,1100,0.618,65,0,0.0
Above,-0.382,1100,0.786,65,0,0.0
Above,-0.382,1100,1.0,65,0,0.0
Above,-0.382,1100,-0.236,65,65,100.0
Above,-0.382,1100,-0.382,65,59,90.77
Above,-0.382,1100,-0.5,65,18,27.69
Above,-0.382,1100,-0.618,65,5,7.69
Above,-0.382,1100,-0.786,65,3,4.62
Above,-0.382,1100,-1.0,65,1,1.54
Above,-0.382,1100,0.0,65,43,66.15
Below,-0.382,1100,0.236,77,18,23.38
Below,-0.382,1100,0.382,77,6,7.79
Below,-0.382,1100,0.5,77,2,2.6
Below,-0.382,1100,0.618,77,2,2.6
Below,-0.382,1100,0.786,77,0,0.0
Below,-0.382,1100,1.0,77,0,0.0
Below,-0.382,1100,-0.236,77,76,98.7
Below,-0.382,1100,-0.382,77,77,100.0
Below,-0.382,1100,-0.5,77,38,49.35
Below,-0.382,1100,-0.618,77,15,19.48
Below,-0.382,1100,-0.786,77,6,7.79
Below,-0.382,1100,-1.0,77,1,1.3
Below,-0.382,1100,0.0,77,67,87.01
Above,-0.382,1200,0.236,35,4,11.43
Above,-0.382,1200,0.382,35,1,2.86
Above,-0.382,1200,0.5,35,1,2.86
Above,-0.382,1200,0.618,35,0,0.0
Above,-0.382,1200,0.786,35,0,0.0
Above,-0.382,1200,1.0,35,0,0.0
Above,-0.382,1200,-0.236,35,35,100.0
Above,-0.382,1200,-0.382,35,30,85.71
Above,-0.382,1200,-0.5,35,11,31.43
Above,-0.382,1200,-0.618,35,5,14.29
Above,-0.382,1200,-0.786,35,0,0.0
Above,-0.382,1200,-1.0,35,0,0.0
Above,-0.382,1200,0.0,35,28,80.0
Below,-0.382,1200,0.236,61,6,9.84
Below,-0.382,1200,0.382,61,2,3.28
Below,-0.382,1200,0.5,61,1,1.64
Below,-0.382,1200,0.618,61,0,0.0
Below,-0.382,1200,0.786,61,0,0.0
Below,-0.382,1200,1.0,61,0,0.0
Below,-0.382,1200,-0.236,61,61,100.0
Below,-0.382,1200,-0.382,61,61,100.0
Below,-0.382,1200,-0.5,61,33,54.1
Below,-0.382,1200,-0.618,61,16,26.23
Below,-0.382,1200,-0.786,61,5,8.2
Below,-0.382,1200,-1.0,61,3,4.92
Below,-0.382,1200,0.0,61,48,78.69
Above,-0.382,1300,0.236,33,1,3.03
Above,-0.382,1300,0.382,33,1,3.03
Above,-0.382,1300,0.5,33,0,0.0
Above,-0.382,1300,0.618,33,0,0.0
Above,-0.382,1300,0.786,33,0,0.0
Above,-0.382,1300,1.0,33,0,0.0
Above,-0.382,1300,-0.236,33,32,96.97
Above,-0.382,1300,-0.382,33,31,93.94
Above,-0.382,1300,-0.5,33,14,42.42
Above,-0.382,1300,-0.618,33,5,15.15
Above,-0.382,1300,-0.786,33,2,6.06
Above,-0.382,1300,-1.0,33,1,3.03
Above,-0.382,1300,0.0,33,20,60.61
Below,-0.382,1300,0.236,54,7,12.96
Below,-0.382,1300,0.382,54,3,5.56
Below,-0.382,1300,0.5,54,3,5.56
Below,-0.382,1300,0.618,54,0,0.0
Below,-0.382,1300,0.786,54,0,0.0
Below,-0.382,1300,1.0,54,0,0.0
Below,-0.382,1300,-0.236,54,54,100.0
Below,-0.382,1300,-0.382,54,54,100.0
Below,-0.382,1300,-0.5,54,23,42.59
Below,-0.382,1300,-0.618,54,10,18.52
Below,-0.382,1300,-0.786,54,4,7.41
Below,-0.382,1300,-1.0,54,1,1.85
Below,-0.382,1300,0.0,54,37,68.52
Above,-0.382,1400,0.236,47,8,17.02
Above,-0.382,1400,0.382,47,0,0.0
Above,-0.382,1400,0.5,47,0,0.0
Above,-0.382,1400,0.618,47,0,0.0
Above,-0.382,1400,0.786,47,0,0.0
Above,-0.382,1400,1.0,47,0,0.0
Above,-0.382,1400,-0.236,47,46,97.87
Above,-0.382,1400,-0.382,47,37,78.72
Above,-0.382,1400,-0.5,47,12,25.53
Above,-0.382,1400,-0.618,47,5,10.64
Above,-0.382,1400,-0.786,47,2,4.26
Above,-0.382,1400,-1.0,47,0,0.0
Above,-0.382,1400,0.0,47,38,80.85
Below,-0.382,1400,0.236,60,10,16.67
Below,-0.382,1400,0.382,60,5,8.33
Below,-0.382,1400,0.5,60,3,5.0
Below,-0.382,1400,0.618,60,2,3.33
Below,-0.382,1400,0.786,60,1,1.67
Below,-0.382,1400,1.0,60,0,0.0
Below,-0.382,1400,-0.236,60,59,98.33
Below,-0.382,1400,-0.382,60,60,100.0
Below,-0.382,1400,-0.5,60,28,46.67
Below,-0.382,1400,-0.618,60,9,15.0
Below,-0.382,1400,-0.786,60,6,10.0
Below,-0.382,1400,-1.0,60,2,3.33
Below,-0.382,1400,0.0,60,44,73.33
Above,-0.382,1500,0.236,27,2,7.41
Above,-0.382,1500,0.382,27,0,0.0
Above,-0.382,1500,0.5,27,0,0.0
Above,-0.382,1500,0.618,27,0,0.0
Above,-0.382,1500,0.786,27,0,0.0
Above,-0.382,1500,1.0,27,0,0.0
Above,-0.382,1500,-0.236,27,26,96.3
Above,-0.382,1500,-0.382,27,12,44.44
Above,-0.382,1500,-0.5,27,0,0.0
Above,-0.382,1500,-0.618,27,0,0.0
Above,-0.382,1500,-0.786,27,0,0.0
Above,-0.382,1500,-1.0,27,0,0.0
Above,-0.382,1500,0.0,27,13,48.15
Below,-0.382,1500,0.236,33,2,6.06
Below,-0.382,1500,0.382,33,0,0.0
Below,-0.382,1500,0.5,33,0,0.0
Below,-0.382,1500,0.618,33,0,0.0
Below,-0.382,1500,0.786,33,0,0.0
Below,-0.382,1500,1.0,33,0,0.0
Below,-0.382,1500,-0.236,33,31,93.94
Below,-0.382,1500,-0.382,33,31,93.94
Below,-0.382,1500,-0.5,33,6,18.18
Below,-0.382,1500,-0.618,33,3,9.09
Below,-0.382,1500,-0.786,33,0,0.0
Below,-0.382,1500,-1.0,33,0,0.0
Below,-0.382,1500,0.0,33,9,27.27
Above,-0.382,2000,0.236,13,4,30.77
Above,-0.382,2000,0.382,14,2,14.29
Above,-0.382,2000,0.5,14,1,7.14
Above,-0.382,2000,0.618,14,0,0.0
Above,-0.382,2000,0.786,14,0,0.0
Above,-0.382,2000,1.0,14,0,0.0
Above,-0.382,2000,-0.236,3,3,100.0
Above,-0.382,2000,-0.382,13,0,0.0
Above,-0.382,2000,-0.5,7,2,28.57
Above,-0.382,2000,-0.618,11,0,0.0
Above,-0.382,2000,-0.786,13,1,7.69
Above,-0.382,2000,-1.0,13,1,7.69
Above,-0.382,2000,0.0,10,10,100.0
Below,-0.382,2000,0.236,16,5,31.25
Below,-0.382,2000,0.382,17,4,23.53
Below,-0.382,2000,0.5,17,1,5.88
Below,-0.382,2000,0.618,17,0,0.0
Below,-0.382,2000,0.786,17,0,0.0
Below,-0.382,2000,1.0,17,0,0.0
Below,-0.382,2000,-0.236,2,1,50.0
Below,-0.382,2000,-0.382,16,0,0.0
Below,-0.382,2000,-0.5,9,1,11.11
Below,-0.382,2000,-0.618,15,1,6.67
Below,-0.382,2000,-0.786,17,0,0.0
Below,-0.382,2000,-1.0,17,0,0.0
Below,-0.382,2000,0.0,11,9,81.82
Above,-0.382,3000,0.236,7,0,0.0
Above,-0.382,3000,0.382,7,0,0.0
Above,-0.382,3000,0.5,7,0,0.0
Above,-0.382,3000,0.618,7,0,0.0
Above,-0.382,3000,0.786,7,0,0.0
Above,-0.382,3000,1.0,7,0,0.0
Above,-0.382,3000,-0.236,1,1,100.0
Above,-0.382,3000,-0.382,6,0,0.0
Above,-0.382,3000,-0.5,3,1,33.33
Above,-0.382,3000,-0.618,4,0,0.0
Above,-0.382,3000,-0.786,5,0,0.0
Above,-0.382,3000,-1.0,7,1,14.29
Above,-0.382,3000,0.0,7,7,100.0
Below,-0.382,3000,0.236,8,1,12.5
Below,-0.382,3000,0.382,8,0,0.0
Below,-0.382,3000,0.5,8,0,0.0
Below,-0.382,3000,0.618,8,0,0.0
Below,-0.382,3000,0.786,8,0,0.0
Below,-0.382,3000,1.0,8,0,0.0
Below,-0.382,3000,-0.236,2,2,100.0
Below,-0.382,3000,-0.382,6,0,0.0
Below,-0.382,3000,-0.5,3,1,33.33
Below,-0.382,3000,-0.618,4,1,25.0
Below,-0.382,3000,-0.786,6,0,0.0
Below,-0.382,3000,-1.0,8,0,0.0
Below,-0.382,3000,0.0,7,5,71.43
Above,-0.382,4000,0.236,5,0,0.0
Above,-0.382,4000,0.382,5,0,0.0
Above,-0.382,4000,0.5,5,0,0.0
Above,-0.382,4000,0.618,5,0,0.0
Above,-0.382,4000,0.786,5,0,0.0
Above,-0.382,4000,1.0,5,0,0.0
Above,-0.382,4000,-0.236,2,2,100.0
Above,-0.382,4000,-0.382,5,1,20.0
Above,-0.382,4000,-0.5,3,2,66.67
Above,-0.382,4000,-0.618,3,1,33.33
Above,-0.382,4000,-0.786,4,0,0.0
Above,-0.382,4000,-1.0,4,0,0.0
Above,-0.382,4000,0.0,5,4,80.0
Below,-0.382,4000,0.236,1,0,0.0
Below,-0.382,4000,0.382,2,0,0.0
Below,-0.382,4000,0.5,2,0,0.0
Below,-0.382,4000,0.618,2,0,0.0
Below,-0.382,4000,0.786,2,0,0.0
Below,-0.382,4000,1.0,2,0,0.0
Below,-0.382,4000,-0.236,1,1,100.0
Below,-0.382,4000,-0.382,2,0,0.0
Below,-0.382,4000,-0.5,1,0,0.0
Below,-0.382,4000,-0.618,1,0,0.0
Below,-0.382,4000,-0.786,2,0,0.0
Below,-0.382,4000,-1.0,2,0,0.0
Below,-0.382,4000,0.0,1,1,100.0
Above,-0.382,5000,0.236,10,3,30.0
Above,-0.382,5000,0.382,10,1,10.0
Above,-0.382,5000,0.5,11,1,9.09
Above,-0.382,5000,0.618,11,1,9.09
Above,-0.382,5000,0.786,11,1,9.09
Above,-0.382,5000,1.0,11,0,0.0
Above,-0.382,5000,-0.236,1,1,100.0
Above,-0.382,5000,-0.382,0,0,0.0
Above,-0.382,5000,-0.5,5,1,20.0
Above,-0.382,5000,-0.618,8,0,0.0
Above,-0.382,5000,-0.786,11,1,9.09
Above,-0.382,5000,-1.0,11,0,0.0
Above,-0.382,5000,0.0,9,9,100.0
Below,-0.382,5000,0.236,6,2,33.33
Below,-0.382,5000,0.382,6,1,16.67
Below,-0.382,5000,0.5,6,0,0.0
Below,-0.382,5000,0.618,6,0,0.0
Below,-0.382,5000,0.786,6,0,0.0
Below,-0.382,5000,1.0,6,0,0.0
Below,-0.382,5000,-0.236,1,1,100.0
Below,-0.382,5000,-0.382,0,0,0.0
Below,-0.382,5000,-0.5,0,0,0.0
Below,-0.382,5000,-0.618,2,0,0.0
Below,-0.382,5000,-0.786,4,1,25.0
Below,-0.382,5000,-1.0,6,1,16.67
Below,-0.382,5000,0.0,6,6,100.0
Above,-0.382,OPEN,0.236,1542,458,29.7
Above,-0.382,OPEN,0.382,1882,288,15.3
Above,-0.382,OPEN,0.5,2132,193,9.05
Above,-0.382,OPEN,0.618,2317,144,6.21
Above,-0.382,OPEN,0.786,2528,96,3.8
Above,-0.382,OPEN,1.0,2729,59,2.16
Above,-0.382,OPEN,-0.236,308,280,90.91
Above,-0.382,OPEN,-0.382,2170,560,25.81
Above,-0.382,OPEN,-0.5,2528,406,16.06
Above,-0.382,OPEN,-0.618,2787,282,10.12
Above,-0.382,OPEN,-0.786,2945,151,5.13
Above,-0.382,OPEN,-1.0,3007,55,1.83
Above,-0.382,OPEN,0.0,866,718,82.91
Below,-0.382,OPEN,0.236,1366,295,21.6
Below,-0.382,OPEN,0.382,1392,105,7.54
Below,-0.382,OPEN,0.5,1399,38,2.72
Below,-0.382,OPEN,0.618,1400,17,1.21
Below,-0.382,OPEN,0.786,1400,7,0.5
Below,-0.382,OPEN,1.0,1400,0,0.0
Below,-0.382,OPEN,-0.236,845,828,97.99
Below,-0.382,OPEN,-0.382,554,527,95.13
Below,-0.382,OPEN,-0.5,289,105,36.33
Below,-0.382,OPEN,-0.618,543,129,23.76
Below,-0.382,OPEN,-0.786,841,120,14.27
Below,-0.382,OPEN,-1.0,1108,76,6.86
Below,-0.382,OPEN,0.0,1250,1025,82.0
Above,-0.236,0900,0.236,185,43,23.24
Above,-0.236,0900,0.382,187,11,5.88
Above,-0.236,0900,0.5,188,3,1.6
Above,-0.236,0900,0.618,188,3,1.6
Above,-0.236,0900,0.786,188,1,0.53
Above,-0.236,0900,1.0,188,0,0.0
Above,-0.236,0900,-0.236,184,164,89.13
Above,-0.236,0900,-0.382,167,74,44.31
Above,-0.236,0900,-0.5,178,46,25.84
Above,-0.236,0900,-0.618,183,25,13.66
Above,-0.236,0900,-0.786,187,10,5.35
Above,-0.236,0900,-1.0,188,5,2.66
Above,-0.236,0900,0.0,165,151,91.52
Below,-0.236,0900,0.236,122,44,36.07
Below,-0.236,0900,0.382,127,25,19.69
Below,-0.236,0900,0.5,127,11,8.66
Below,-0.236,0900,0.618,127,4,3.15
Below,-0.236,0900,0.786,127,3,2.36
Below,-0.236,0900,1.0,127,1,0.79
Below,-0.236,0900,-0.236,122,120,98.36
Below,-0.236,0900,-0.382,104,64,61.54
Below,-0.236,0900,-0.5,114,38,33.33
Below,-0.236,0900,-0.618,121,29,23.97
Below,-0.236,0900,-0.786,126,17,13.49
Below,-0.236,0900,-1.0,127,4,3.15
Below,-0.236,0900,0.0,107,101,94.39
Above,-0.236,1000,0.236,178,37,20.79
Above,-0.236,1000,0.382,179,7,3.91
Above,-0.236,1000,0.5,179,2,1.12
Above,-0.236,1000,0.618,179,0,0.0
Above,-0.236,1000,0.786,179,0,0.0
Above,-0.236,1000,1.0,179,0,0.0
Above,-0.236,1000,-0.236,177,164,92.66
Above,-0.236,1000,-0.382,174,67,38.51
Above,-0.236,1000,-0.5,174,30,17.24
Above,-0.236,1000,-0.618,176,16,9.09
Above,-0.236,1000,-0.786,177,5,2.82
Above,-0.236,1000,-1.0,179,3,1.68
Above,-0.236,1000,0.0,174,150,86.21
Below,-0.236,1000,0.236,172,59,34.3
Below,-0.236,1000,0.382,173,28,16.18
Below,-0.236,1000,0.5,173,10,5.78
Below,-0.236,1000,0.618,174,6,3.45
Below,-0.236,1000,0.786,174,2,1.15
Below,-0.236,1000,1.0,174,1,0.57
Below,-0.236,1000,-0.236,173,172,99.42
Below,-0.236,1000,-0.382,168,94,55.95
Below,-0.236,1000,-0.5,172,47,27.33
Below,-0.236,1000,-0.618,173,24,13.87
Below,-0.236,1000,-0.786,173,7,4.05
Below,-0.236,1000,-1.0,173,2,1.16
Below,-0.236,1000,0.0,167,158,94.61
Above,-0.236,1100,0.236,117,18,15.38
Above,-0.236,1100,0.382,117,2,1.71
Above,-0.236,1100,0.5,117,0,0.0
Above,-0.236,1100,0.618,117,0,0.0
Above,-0.236,1100,0.786,117,0,0.0
Above,-0.236,1100,1.0,117,0,0.0
Above,-0.236,1100,-0.236,117,106,90.6
Above,-0.236,1100,-0.382,117,39,33.33
Above,-0.236,1100,-0.5,117,10,8.55
Above,-0.236,1100,-0.618,117,5,4.27
Above,-0.236,1100,-0.786,117,1,0.85
Above,-0.236,1100,-1.0,117,0,0.0
Above,-0.236,1100,0.0,117,93,79.49
Below,-0.236,1100,0.236,101,21,20.79
Below,-0.236,1100,0.382,101,9,8.91
Below,-0.236,1100,0.5,101,4,3.96
Below,-0.236,1100,0.618,101,1,0.99
Below,-0.236,1100,0.786,101,1,0.99
Below,-0.236,1100,1.0,101,0,0.0
Below,-0.236,1100,-0.236,101,101,100.0
Below,-0.236,1100,-0.382,101,56,55.45
Below,-0.236,1100,-0.5,101,31,30.69
Below,-0.236,1100,-0.618,101,14,13.86
Below,-0.236,1100,-0.786,101,5,4.95
Below,-0.236,1100,-1.0,101,2,1.98
Below,-0.236,1100,0.0,101,92,91.09
Above,-0.236,1200,0.236,62,8,12.9
Above,-0.236,1200,0.382,62,1,1.61
Above,-0.236,1200,0.5,62,0,0.0
Above,-0.236,1200,0.618,62,0,0.0
Above,-0.236,1200,0.786,62,0,0.0
Above,-0.236,1200,1.0,62,0,0.0
Above,-0.236,1200,-0.236,62,59,95.16
Above,-0.236,1200,-0.382,62,12,19.35
Above,-0.236,1200,-0.5,62,5,8.06
Above,-0.236,1200,-0.618,62,4,6.45
Above,-0.236,1200,-0.786,62,2,3.23
Above,-0.236,1200,-1.0,62,1,1.61
Above,-0.236,1200,0.0,62,42,67.74
Below,-0.236,1200,0.236,70,15,21.43
Below,-0.236,1200,0.382,70,7,10.0
Below,-0.236,1200,0.5,70,5,7.14
Below,-0.236,1200,0.618,70,1,1.43
Below,-0.236,1200,0.786,70,1,1.43
Below,-0.236,1200,1.0,70,0,0.0
Below,-0.236,1200,-0.236,70,70,100.0
Below,-0.236,1200,-0.382,70,37,52.86
Below,-0.236,1200,-0.5,70,21,30.0
Below,-0.236,1200,-0.618,70,8,11.43
Below,-0.236,1200,-0.786,70,3,4.29
Below,-0.236,1200,-1.0,70,1,1.43
Below,-0.236,1200,0.0,70,60,85.71
Above,-0.236,1300,0.236,51,2,3.92
Above,-0.236,1300,0.382,51,1,1.96
Above,-0.236,1300,0.5,51,0,0.0
Above,-0.236,1300,0.618,51,0,0.0
Above,-0.236,1300,0.786,51,0,0.0
Above,-0.236,1300,1.0,51,0,0.0
Above,-0.236,1300,-0.236,51,47,92.16
Above,-0.236,1300,-0.382,51,11,21.57
Above,-0.236,1300,-0.5,51,1,1.96
Above,-0.236,1300,-0.618,51,0,0.0
Above,-0.236,1300,-0.786,51,0,0.0
Above,-0.236,1300,-1.0,51,0,0.0
Above,-0.236,1300,0.0,51,36,70.59
Below,-0.236,1300,0.236,65,11,16.92
Below,-0.236,1300,0.382,65,1,1.54
Below,-0.236,1300,0.5,65,1,1.54
Below,-0.236,1300,0.618,65,1,1.54
Below,-0.236,1300,0.786,65,0,0.0
Below,-0.236,1300,1.0,65,0,0.0
Below,-0.236,1300,-0.236,65,65,100.0
Below,-0.236,1300,-0.382,65,30,46.15
Below,-0.236,1300,-0.5,65,12,18.46
Below,-0.236,1300,-0.618,65,5,7.69
Below,-0.236,1300,-0.786,65,2,3.08
Below,-0.236,1300,-1.0,65,1,1.54
Below,-0.236,1300,0.0,65,49,75.38
Above,-0.236,1400,0.236,95,10,10.53
Above,-0.236,1400,0.382,95,1,1.05
Above,-0.236,1400,0.5,95,1,1.05
Above,-0.236,1400,0.618,95,0,0.0
Above,-0.236,1400,0.786,95,0,0.0
Above,-0.236,1400,1.0,95,0,0.0
Above,-0.236,1400,-0.236,95,84,88.42
Above,-0.236,1400,-0.382,95,28,29.47
Above,-0.236,1400,-0.5,95,8,8.42
Above,-0.236,1400,-0.618,95,5,5.26
Above,-0.236,1400,-0.786,95,1,1.05
Above,-0.236,1400,-1.0,95,0,0.0
Above,-0.236,1400,0.0,95,71,74.74
Below,-0.236,1400,0.236,97,15,15.46
Below,-0.236,1400,0.382,97,7,7.22
Below,-0.236,1400,0.5,97,4,4.12
Below,-0.236,1400,0.618,97,3,3.09
Below,-0.236,1400,0.786,97,1,1.03
Below,-0.236,1400,1.0,97,0,0.0
Below,-0.236,1400,-0.236,97,97,100.0
Below,-0.236,1400,-0.382,97,34,35.05
Below,-0.236,1400,-0.5,97,17,17.53
Below,-0.236,1400,-0.618,97,7,7.22
Below,-0.236,1400,-0.786,97,4,4.12
Below,-0.236,1400,-1.0,97,2,2.06
Below,-0.236,1400,0.0,97,78,80.41
Above,-0.236,1500,0.236,82,2,2.44
Above,-0.236,1500,0.382,82,0,0.0
Above,-0.236,1500,0.5,82,0,0.0
Above,-0.236,1500,0.618,82,0,0.0
Above,-0.236,1500,0.786,82,0,0.0
Above,-0.236,1500,1.0,82,0,0.0
Above,-0.236,1500,-0.236,82,49,59.76
Above,-0.236,1500,-0.382,82,7,8.54
Above,-0.236,1500,-0.5,82,0,0.0
Above,-0.236,1500,-0.618,82,0,0.0
Above,-0.236,1500,-0.786,82,0,0.0
Above,-0.236,1500,-1.0,82,0,0.0
Above,-0.236,1500,0.0,82,40,48.78
Below,-0.236,1500,0.236,102,3,2.94
Below,-0.236,1500,0.382,102,1,0.98
Below,-0.236,1500,0.5,102,1,0.98
Below,-0.236,1500,0.618,102,1,0.98
Below,-0.236,1500,0.786,102,1,0.98
Below,-0.236,1500,1.0,102,1,0.98
Below,-0.236,1500,-0.236,102,85,83.33
Below,-0.236,1500,-0.382,102,17,16.67
Below,-0.236,1500,-0.5,102,3,2.94
Below,-0.236,1500,-0.618,102,2,1.96
Below,-0.236,1500,-0.786,102,0,0.0
Below,-0.236,1500,-1.0,102,0,0.0
Below,-0.236,1500,0.0,102,47,46.08
Above,-0.236,2000,0.236,9,2,22.22
Above,-0.236,2000,0.382,10,2,20.0
Above,-0.236,2000,0.5,11,1,9.09
Above,-0.236,2000,0.618,11,1,9.09
Above,-0.236,2000,0.786,11,0,0.0
Above,-0.236,2000,1.0,11,0,0.0
Above,-0.236,2000,-0.236,9,0,0.0
Above,-0.236,2000,-0.382,5,2,40.0
Above,-0.236,2000,-0.5,7,1,14.29
Above,-0.236,2000,-0.618,9,2,22.22
Above,-0.236,2000,-0.786,10,3,30.0
Above,-0.236,2000,-1.0,11,0,0.0
Above,-0.236,2000,0.0,6,4,66.67
Below,-0.236,2000,0.236,11,5,45.45
Below,-0.236,2000,0.382,13,0,0.0
Below,-0.236,2000,0.5,15,1,6.67
Below,-0.236,2000,0.618,15,1,6.67
Below,-0.236,2000,0.786,15,0,0.0
Below,-0.236,2000,1.0,15,0,0.0
Below,-0.236,2000,-0.236,13,0,0.0
Below,-0.236,2000,-0.382,9,3,33.33
Below,-0.236,2000,-0.5,12,0,0.0
Below,-0.236,2000,-0.618,14,0,0.0
Below,-0.236,2000,-0.786,15,1,6.67
Below,-0.236,2000,-1.0,15,0,0.0
Below,-0.236,2000,0.0,7,6,85.71
Above,-0.236,3000,0.236,11,4,36.36
Above,-0.236,3000,0.382,13,2,15.38
Above,-0.236,3000,0.5,13,1,7.69
Above,-0.236,3000,0.618,13,0,0.0
Above,-0.236,3000,0.786,13,0,0.0
Above,-0.236,3000,1.0,13,0,0.0
Above,-0.236,3000,-0.236,10,0,0.0
Above,-0.236,3000,-0.382,5,3,60.0
Above,-0.236,3000,-0.5,11,3,27.27
Above,-0.236,3000,-0.618,13,2,15.38
Above,-0.236,3000,-0.786,13,1,7.69
Above,-0.236,3000,-1.0,13,1,7.69
Above,-0.236,3000,0.0,6,6,100.0
Below,-0.236,3000,0.236,8,2,25.0
Below,-0.236,3000,0.382,12,2,16.67
Below,-0.236,3000,0.5,12,0,0.0
Below,-0.236,3000,0.618,12,0,0.0
Below,-0.236,3000,0.786,12,0,0.0
Below,-0.236,3000,1.0,12,0,0.0
Below,-0.236,3000,-0.236,11,0,0.0
Below,-0.236,3000,-0.382,7,3,42.86
Below,-0.236,3000,-0.5,9,3,33.33
Below,-0.236,3000,-0.618,11,1,9.09
Below,-0.236,3000,-0.786,12,2,16.67
Below,-0.236,3000,-1.0,12,0,0.0
Below,-0.236,3000,0.0,7,6,85.71
Above,-0.236,4000,0.236,8,3,37.5
Above,-0.236,4000,0.382,8,1,12.5
Above,-0.236,4000,0.5,8,1,12.5
Above,-0.236,4000,0.618,8,1,12.5
Above,-0.236,4000,0.786,8,0,0.0
Above,-0.236,4000,1.0,8,0,0.0
Above,-0.236,4000,-0.236,7,0,0.0
Above,-0.236,4000,-0.382,4,1,25.0
Above,-0.236,4000,-0.5,5,0,0.0
Above,-0.236,4000,-0.618,6,0,0.0
Above,-0.236,4000,-0.786,8,0,0.0
Above,-0.236,4000,-1.0,8,0,0.0
Above,-0.236,4000,0.0,4,4,100.0
Below,-0.236,4000,0.236,8,3,37.5
Below,-0.236,4000,0.382,8,1,12.5
Below,-0.236,4000,0.5,8,0,0.0
Below,-0.236,4000,0.618,8,0,0.0
Below,-0.236,4000,0.786,8,0,0.0
Below,-0.236,4000,1.0,8,0,0.0
Below,-0.236,4000,-0.236,7,0,0.0
Below,-0.236,4000,-0.382,4,2,50.0
Below,-0.236,4000,-0.5,4,0,0.0
Below,-0.236,4000,-0.618,6,0,0.0
Below,-0.236,4000,-0.786,8,0,0.0
Below,-0.236,4000,-1.0,8,0,0.0
Below,-0.236,4000,0.0,5,4,80.0
Above,-0.236,5000,0.236,6,1,16.67
Above,-0.236,5000,0.382,6,1,16.67
Above,-0.236,5000,0.5,6,1,16.67
Above,-0.236,5000,0.618,6,0,0.0
Above,-0.236,5000,0.786,6,0,0.0
Above,-0.236,5000,1.0,6,0,0.0
Above,-0.236,5000,-0.236,0,0,0.0
Above,-0.236,5000,-0.382,2,1,50.0
Above,-0.236,5000,-0.5,4,2,50.0
Above,-0.236,5000,-0.618,5,2,40.0
Above,-0.236,5000,-0.786,6,2,33.33
Above,-0.236,5000,-1.0,6,0,0.0
Above,-0.236,5000,0.0,3,1,33.33
Below,-0.236,5000,0.236,7,3,42.86
Below,-0.236,5000,0.382,8,3,37.5
Below,-0.236,5000,0.5,8,0,0.0
Below,-0.236,5000,0.618,8,0,0.0
Below,-0.236,5000,0.786,8,0,0.0
Below,-0.236,5000,1.0,8,0,0.0
Below,-0.236,5000,-0.236,0,0,0.0
Below,-0.236,5000,-0.382,2,1,50.0
Below,-0.236,5000,-0.5,5,1,20.0
Below,-0.236,5000,-0.618,7,1,14.29
Below,-0.236,5000,-0.786,8,1,12.5
Below,-0.236,5000,-1.0,8,0,0.0
Below,-0.236,5000,0.0,4,4,100.0
Above,-0.236,OPEN,0.236,1257,410,32.62
Above,-0.236,OPEN,0.382,1596,278,17.42
Above,-0.236,OPEN,0.5,1846,191,10.35
Above,-0.236,OPEN,0.618,2031,143,7.04
Above,-0.236,OPEN,0.786,2242,96,4.28
Above,-0.236,OPEN,1.0,2443,59,2.42
Above,-0.236,OPEN,-0.236,1754,735,41.9
Above,-0.236,OPEN,-0.382,2267,593,26.16
Above,-0.236,OPEN,-0.5,2500,400,16.0
Above,-0.236,OPEN,-0.618,2625,240,9.14
Above,-0.236,OPEN,-0.786,2702,123,4.55
Above,-0.236,OPEN,-1.0,2730,42,1.54
Above,-0.236,OPEN,0.0,601,505,84.03
Below,-0.236,OPEN,0.236,1737,412,23.72
Below,-0.236,OPEN,0.382,1792,166,9.26
Below,-0.236,OPEN,0.5,1805,65,3.6
Below,-0.236,OPEN,0.618,1808,26,1.44
Below,-0.236,OPEN,0.786,1808,8,0.44
Below,-0.236,OPEN,1.0,1809,0,0.0
Below,-0.236,OPEN,-0.236,833,792,95.08
Below,-0.236,OPEN,-0.382,430,201,46.74
Below,-0.236,OPEN,-0.5,675,196,29.04
Below,-0.236,OPEN,-0.618,939,169,18.0
Below,-0.236,OPEN,-0.786,1244,137,11.01
Below,-0.236,OPEN,-1.0,1518,80,5.27
Below,-0.236,OPEN,0.0,1450,1211,83.52
Above,0.0,0900,0.236,166,70,42.17
Above,0.0,0900,0.382,177,36,20.34
Above,0.0,0900,0.5,181,13,7.18
Above,0.0,0900,0.618,184,5,2.72
Above,0.0,0900,0.786,184,2,1.09
Above,0.0,0900,1.0,184,0,0.0
Above,0.0,0900,-0.236,164,96,58.54
Above,0.0,0900,-0.382,174,63,36.21
Above,0.0,0900,-0.5,180,36,20.0
Above,0.0,0900,-0.618,180,20,11.11
Above,0.0,0900,-0.786,181,10,5.52
Above,0.0,0900,-1.0,183,3,1.64
Above,0.0,0900,0.0,179,176,98.32
Below,0.0,0900,0.236,143,86,60.14
Below,0.0,0900,0.382,154,46,29.87
Below,0.0,0900,0.5,158,23,14.56
Below,0.0,0900,0.618,159,10,6.29
Below,0.0,0900,0.786,158,7,4.43
Below,0.0,0900,1.0,158,2,1.27
Below,0.0,0900,-0.236,139,81,58.27
Below,0.0,0900,-0.382,152,42,27.63
Below,0.0,0900,-0.5,156,28,17.95
Below,0.0,0900,-0.618,158,15,9.49
Below,0.0,0900,-0.786,159,7,4.4
Below,0.0,0900,-1.0,159,3,1.89
Below,0.0,0900,0.0,157,156,99.36
Above,0.0,1000,0.236,187,72,38.5
Above,0.0,1000,0.382,188,21,11.17
Above,0.0,1000,0.5,189,5,2.65
Above,0.0,1000,0.618,190,2,1.05
Above,0.0,1000,0.786,191,1,0.52
Above,0.0,1000,1.0,191,0,0.0
Above,0.0,1000,-0.236,187,89,47.59
Above,0.0,1000,-0.382,188,50,26.6
Above,0.0,1000,-0.5,190,28,14.74
Above,0.0,1000,-0.618,190,13,6.84
Above,0.0,1000,-0.786,191,4,2.09
Above,0.0,1000,-1.0,191,1,0.52
Above,0.0,1000,0.0,189,188,99.47
Below,0.0,1000,0.236,164,90,54.88
Below,0.0,1000,0.382,166,42,25.3
Below,0.0,1000,0.5,166,19,11.45
Below,0.0,1000,0.618,166,4,2.41
Below,0.0,1000,0.786,168,1,0.6
Below,0.0,1000,1.0,168,0,0.0
Below,0.0,1000,-0.236,162,86,53.09
Below,0.0,1000,-0.382,166,47,28.31
Below,0.0,1000,-0.5,166,19,11.45
Below,0.0,1000,-0.618,168,9,5.36
Below,0.0,1000,-0.786,168,5,2.98
Below,0.0,1000,-1.0,168,1,0.6
Below,0.0,1000,0.0,168,167,99.4
Above,0.0,1100,0.236,135,41,30.37
Above,0.0,1100,0.382,135,9,6.67
Above,0.0,1100,0.5,135,2,1.48
Above,0.0,1100,0.618,135,1,0.74
Above,0.0,1100,0.786,135,1,0.74
Above,0.0,1100,1.0,135,0,0.0
Above,0.0,1100,-0.236,135,40,29.63
Above,0.0,1100,-0.382,135,7,5.19
Above,0.0,1100,-0.5,135,5,3.7
Above,0.0,1100,-0.618,135,2,1.48
Above,0.0,1100,-0.786,135,0,0.0
Above,0.0,1100,-1.0,135,0,0.0
Above,0.0,1100,0.0,135,131,97.04
Below,0.0,1100,0.236,103,50,48.54
Below,0.0,1100,0.382,103,22,21.36
Below,0.0,1100,0.5,103,9,8.74
Below,0.0,1100,0.618,103,3,2.91
Below,0.0,1100,0.786,103,1,0.97
Below,0.0,1100,1.0,103,0,0.0
Below,0.0,1100,-0.236,103,58,56.31
Below,0.0,1100,-0.382,103,32,31.07
Below,0.0,1100,-0.5,103,18,17.48
Below,0.0,1100,-0.618,103,8,7.77
Below,0.0,1100,-0.786,103,3,2.91
Below,0.0,1100,-1.0,103,1,0.97
Below,0.0,1100,0.0,103,101,98.06
Above,0.0,1200,0.236,96,21,21.88
Above,0.0,1200,0.382,96,6,6.25
Above,0.0,1200,0.5,96,1,1.04
Above,0.0,1200,0.618,96,0,0.0
Above,0.0,1200,0.786,96,0,0.0
Above,0.0,1200,1.0,96,0,0.0
Above,0.0,1200,-0.236,96,26,27.08
Above,0.0,1200,-0.382,96,5,5.21
Above,0.0,1200,-0.5,96,1,1.04
Above,0.0,1200,-0.618,96,1,1.04
Above,0.0,1200,-0.786,96,0,0.0
Above,0.0,1200,-1.0,96,0,0.0
Above,0.0,1200,0.0,96,95,98.96
Below,0.0,1200,0.236,66,25,37.88
Below,0.0,1200,0.382,66,10,15.15
Below,0.0,1200,0.5,66,6,9.09
Below,0.0,1200,0.618,66,4,6.06
Below,0.0,1200,0.786,66,1,1.52
Below,0.0,1200,1.0,66,0,0.0
Below,0.0,1200,-0.236,66,31,46.97
Below,0.0,1200,-0.382,66,11,16.67
Below,0.0,1200,-0.5,66,6,9.09
Below,0.0,1200,-0.618,66,4,6.06
Below,0.0,1200,-0.786,66,3,4.55
Below,0.0,1200,-1.0,66,1,1.52
Below,0.0,1200,0.0,66,64,96.97
Above,0.0,1300,0.236,83,13,15.66
Above,0.0,1300,0.382,83,2,2.41
Above,0.0,1300,0.5,83,0,0.0
Above,0.0,1300,0.618,83,0,0.0
Above,0.0,1300,0.786,83,0,0.0
Above,0.0,1300,1.0,83,0,0.0
Above,0.0,1300,-0.236,83,24,28.92
Above,0.0,1300,-0.382,83,7,8.43
Above,0.0,1300,-0.5,83,1,1.2
Above,0.0,1300,-0.618,83,1,1.2
Above,0.0,1300,-0.786,83,0,0.0
Above,0.0,1300,-1.0,83,0,0.0
Above,0.0,1300,0.0,83,81,97.59
Below,0.0,1300,0.236,84,26,30.95
Below,0.0,1300,0.382,84,9,10.71
Below,0.0,1300,0.5,84,5,5.95
Below,0.0,1300,0.618,84,1,1.19
Below,0.0,1300,0.786,84,1,1.19
Below,0.0,1300,1.0,84,0,0.0
Below,0.0,1300,-0.236,84,41,48.81
Below,0.0,1300,-0.382,84,16,19.05
Below,0.0,1300,-0.5,84,5,5.95
Below,0.0,1300,-0.618,84,1,1.19
Below,0.0,1300,-0.786,84,1,1.19
Below,0.0,1300,-1.0,84,0,0.0
Below,0.0,1300,0.0,84,83,98.81
Above,0.0,1400,0.236,159,27,16.98
Above,0.0,1400,0.382,159,3,1.89
Above,0.0,1400,0.5,159,1,0.63
Above,0.0,1400,0.618,159,0,0.0
Above,0.0,1400,0.786,159,0,0.0
Above,0.0,1400,1.0,159,0,0.0
Above,0.0,1400,-0.236,159,25,15.72
Above,0.0,1400,-0.382,159,6,3.77
Above,0.0,1400,-0.5,159,1,0.63
Above,0.0,1400,-0.618,159,1,0.63
Above,0.0,1400,-0.786,159,0,0.0
Above,0.0,1400,-1.0,159,0,0.0
Above,0.0,1400,0.0,159,157,98.74
Below,0.0,1400,0.236,99,33,33.33
Below,0.0,1400,0.382,99,16,16.16
Below,0.0,1400,0.5,99,7,7.07
Below,0.0,1400,0.618,99,4,4.04
Below,0.0,1400,0.786,99,2,2.02
Below,0.0,1400,1.0,99,0,0.0
Below,0.0,1400,-0.236,99,34,34.34
Below,0.0,1400,-0.382,99,16,16.16
Below,0.0,1400,-0.5,99,7,7.07
Below,0.0,1400,-0.618,99,4,4.04
Below,0.0,1400,-0.786,99,2,2.02
Below,0.0,1400,-1.0,99,1,1.01
Below,0.0,1400,0.0,99,98,98.99
Above,0.0,1500,0.236,290,9,3.1
Above,0.0,1500,0.382,290,0,0.0
Above,0.0,1500,0.5,290,0,0.0
Above,0.0,1500,0.618,290,0,0.0
Above,0.0,1500,0.786,290,0,0.0
Above,0.0,1500,1.0,290,0,0.0
Above,0.0,1500,-0.236,290,8,2.76
Above,0.0,1500,-0.382,290,1,0.34
Above,0.0,1500,-0.5,290,0,0.0
Above,0.0,1500,-0.618,290,0,0.0
Above,0.0,1500,-0.786,290,0,0.0
Above,0.0,1500,-1.0,290,0,0.0
Above,0.0,1500,0.0,290,177,61.03
Below,0.0,1500,0.236,226,21,9.29
Below,0.0,1500,0.382,226,6,2.65
Below,0.0,1500,0.5,226,5,2.21
Below,0.0,1500,0.618,226,2,0.88
Below,0.0,1500,0.786,226,1,0.44
Below,0.0,1500,1.0,226,1,0.44
Below,0.0,1500,-0.236,226,29,12.83
Below,0.0,1500,-0.382,226,6,2.65
Below,0.0,1500,-0.5,226,1,0.44
Below,0.0,1500,-0.618,226,1,0.44
Below,0.0,1500,-0.786,226,0,0.0
Below,0.0,1500,-1.0,226,0,0.0
Below,0.0,1500,0.0,226,150,66.37
Above,0.0,2000,0.236,15,5,33.33
Above,0.0,2000,0.382,17,4,23.53
Above,0.0,2000,0.5,18,1,5.56
Above,0.0,2000,0.618,19,1,5.26
Above,0.0,2000,0.786,20,1,5.0
Above,0.0,2000,1.0,20,0,0.0
Above,0.0,2000,-0.236,12,4,33.33
Above,0.0,2000,-0.382,19,5,26.32
Above,0.0,2000,-0.5,20,4,20.0
Above,0.0,2000,-0.618,20,3,15.0
Above,0.0,2000,-0.786,20,1,5.0
Above,0.0,2000,-1.0,20,0,0.0
Above,0.0,2000,0.0,20,0,0.0
Below,0.0,2000,0.236,8,5,62.5
Below,0.0,2000,0.382,13,6,46.15
Below,0.0,2000,0.5,14,2,14.29
Below,0.0,2000,0.618,15,1,6.67
Below,0.0,2000,0.786,15,0,0.0
Below,0.0,2000,1.0,15,0,0.0
Below,0.0,2000,-0.236,12,8,66.67
Below,0.0,2000,-0.382,14,3,21.43
Below,0.0,2000,-0.5,15,1,6.67
Below,0.0,2000,-0.618,15,1,6.67
Below,0.0,2000,-0.786,15,1,6.67
Below,0.0,2000,-1.0,15,0,0.0
Below,0.0,2000,0.0,14,0,0.0
Above,0.0,3000,0.236,13,4,30.77
Above,0.0,3000,0.382,18,1,5.56
Above,0.0,3000,0.5,19,0,0.0
Above,0.0,3000,0.618,19,0,0.0
Above,0.0,3000,0.786,19,0,0.0
Above,0.0,3000,1.0,19,0,0.0
Above,0.0,3000,-0.236,12,7,58.33
Above,0.0,3000,-0.382,16,5,31.25
Above,0.0,3000,-0.5,18,3,16.67
Above,0.0,3000,-0.618,18,1,5.56
Above,0.0,3000,-0.786,18,0,0.0
Above,0.0,3000,-1.0,18,0,0.0
Above,0.0,3000,0.0,18,0,0.0
Below,0.0,3000,0.236,8,2,25.0
Below,0.0,3000,0.382,9,1,11.11
Below,0.0,3000,0.5,10,2,20.0
Below,0.0,3000,0.618,11,3,27.27
Below,0.0,3000,0.786,11,1,9.09
Below,0.0,3000,1.0,11,0,0.0
Below,0.0,3000,-0.236,5,2,40.0
Below,0.0,3000,-0.382,10,5,50.0
Below,0.0,3000,-0.5,10,2,20.0
Below,0.0,3000,-0.618,10,2,20.0
Below,0.0,3000,-0.786,11,2,18.18
Below,0.0,3000,-1.0,11,0,0.0
Below,0.0,3000,0.0,10,0,0.0
Above,0.0,4000,0.236,3,1,33.33
Above,0.0,4000,0.382,5,2,40.0
Above,0.0,4000,0.5,5,1,20.0
Above,0.0,4000,0.618,6,1,16.67
Above,0.0,4000,0.786,6,0,0.0
Above,0.0,4000,1.0,6,0,0.0
Above,0.0,4000,-0.236,3,1,33.33
Above,0.0,4000,-0.382,5,3,60.0
Above,0.0,4000,-0.5,5,2,40.0
Above,0.0,4000,-0.618,5,2,40.0
Above,0.0,4000,-0.786,6,0,0.0
Above,0.0,4000,-1.0,6,0,0.0
Above,0.0,4000,0.0,6,0,0.0
Below,0.0,4000,0.236,5,1,20.0
Below,0.0,4000,0.382,8,1,12.5
Below,0.0,4000,0.5,9,1,11.11
Below,0.0,4000,0.618,10,1,10.0
Below,0.0,4000,0.786,10,1,10.0
Below,0.0,4000,1.0,10,0,0.0
Below,0.0,4000,-0.236,7,3,42.86
Below,0.0,4000,-0.382,8,1,12.5
Below,0.0,4000,-0.5,9,1,11.11
Below,0.0,4000,-0.618,9,0,0.0
Below,0.0,4000,-0.786,10,1,10.0
Below,0.0,4000,-1.0,10,0,0.0
Below,0.0,4000,0.0,10,0,0.0
Above,0.0,5000,0.236,6,4,66.67
Above,0.0,5000,0.382,9,2,22.22
Above,0.0,5000,0.5,10,1,10.0
Above,0.0,5000,0.618,10,0,0.0
Above,0.0,5000,0.786,10,0,0.0
Above,0.0,5000,1.0,10,0,0.0
Above,0.0,5000,-0.236,7,4,57.14
Above,0.0,5000,-0.382,10,1,10.0
Above,0.0,5000,-0.5,10,0,0.0
Above,0.0,5000,-0.618,10,0,0.0
Above,0.0,5000,-0.786,11,0,0.0
Above,0.0,5000,-1.0,11,0,0.0
Above,0.0,5000,0.0,0,0,0.0
Below,0.0,5000,0.236,6,3,50.0
Below,0.0,5000,0.382,7,0,0.0
Below,0.0,5000,0.5,8,1,12.5
Below,0.0,5000,0.618,8,1,12.5
Below,0.0,5000,0.786,8,1,12.5
Below,0.0,5000,1.0,8,1,12.5
Below,0.0,5000,-0.236,2,0,0.0
Below,0.0,5000,-0.382,6,2,33.33
Below,0.0,5000,-0.5,7,1,14.29
Below,0.0,5000,-0.618,7,1,14.29
Below,0.0,5000,-0.786,8,1,12.5
Below,0.0,5000,-1.0,8,0,0.0
Below,0.0,5000,0.0,0,0,0.0
Above,0.0,OPEN,0.236,681,273,40.09
Above,0.0,OPEN,0.382,1002,221,22.06
Above,0.0,OPEN,0.5,1246,176,14.13
Above,0.0,OPEN,0.618,1425,138,9.68
Above,0.0,OPEN,0.786,1634,92,5.63
Above,0.0,OPEN,1.0,1835,59,3.22
Above,0.0,OPEN,-0.236,1798,773,42.99
Above,0.0,OPEN,-0.382,2001,475,23.74
Above,0.0,OPEN,-0.5,2066,280,13.55
Above,0.0,OPEN,-0.618,2099,154,7.34
Above,0.0,OPEN,-0.786,2124,80,3.77
Above,0.0,OPEN,-1.0,2128,26,1.22
Above,0.0,OPEN,0.0,1083,898,82.92
Below,0.0,OPEN,0.236,2137,595,27.84
Below,0.0,OPEN,0.382,2353,299,12.71
Below,0.0,OPEN,0.5,2413,137,5.68
Below,0.0,OPEN,0.618,2440,68,2.79
Below,0.0,OPEN,0.786,2450,29,1.18
Below,0.0,OPEN,1.0,2455,10,0.41
Below,0.0,OPEN,-0.236,653,337,51.61
Below,0.0,OPEN,-0.382,1045,361,34.55
Below,0.0,OPEN,-0.5,1305,280,21.46
Below,0.0,OPEN,-0.618,1581,214,13.54
Below,0.0,OPEN,-0.786,1892,153,8.09
Below,0.0,OPEN,-1.0,2167,85,3.92
Below,0.0,OPEN,0.0,1452,1175,80.92
Above,0.236,0900,0.236,113,111,98.23
Above,0.236,0900,0.382,97,44,45.36
Above,0.236,0900,0.5,106,22,20.75
Above,0.236,0900,0.618,111,10,9.01
Above,0.236,0900,0.786,116,5,4.31
Above,0.236,0900,1.0,116,1,0.86
Above,0.236,0900,-0.236,113,50,44.25
Above,0.236,0900,-0.382,115,25,21.74
Above,0.236,0900,-0.5,115,17,14.78
Above,0.236,0900,-0.618,115,10,8.7
Above,0.236,0900,-0.786,116,3,2.59
Above,0.236,0900,-1.0,116,0,0.0
Above,0.236,0900,0.0,95,80,84.21
Below,0.236,0900,0.236,120,111,92.5
Below,0.236,0900,0.382,99,58,58.59
Below,0.236,0900,0.5,107,35,32.71
Below,0.236,0900,0.618,115,23,20.0
Below,0.236,0900,0.786,119,9,7.56
Below,0.236,0900,1.0,121,3,2.48
Below,0.236,0900,-0.236,119,53,44.54
Below,0.236,0900,-0.382,121,26,21.49
Below,0.236,0900,-0.5,122,18,14.75
Below,0.236,0900,-0.618,122,7,5.74
Below,0.236,0900,-0.786,122,2,1.64
Below,0.236,0900,-1.0,122,0,0.0
Below,0.236,0900,0.0,107,100,93.46
Above,0.236,1000,0.236,149,149,100.0
Above,0.236,1000,0.382,142,66,46.48
Above,0.236,1000,0.5,147,22,14.97
Above,0.236,1000,0.618,150,11,7.33
Above,0.236,1000,0.786,150,3,2.0
Above,0.236,1000,1.0,150,0,0.0
Above,0.236,1000,-0.236,146,57,39.04
Above,0.236,1000,-0.382,149,25,16.78
Above,0.236,1000,-0.5,149,19,12.75
Above,0.236,1000,-0.618,150,10,6.67
Above,0.236,1000,-0.786,150,4,2.67
Above,0.236,1000,-1.0,150,2,1.33
Above,0.236,1000,0.0,144,127,88.19
Below,0.236,1000,0.236,129,118,91.47
Below,0.236,1000,0.382,124,68,54.84
Below,0.236,1000,0.5,127,34,26.77
Below,0.236,1000,0.618,127,13,10.24
Below,0.236,1000,0.786,128,4,3.12
Below,0.236,1000,1.0,128,0,0.0
Below,0.236,1000,-0.236,127,51,40.16
Below,0.236,1000,-0.382,128,27,21.09
Below,0.236,1000,-0.5,129,12,9.3
Below,0.236,1000,-0.618,129,5,3.88
Below,0.236,1000,-0.786,129,2,1.55
Below,0.236,1000,-1.0,129,0,0.0
Below,0.236,1000,0.0,122,109,89.34
Above,0.236,1100,0.236,63,62,98.41
Above,0.236,1100,0.382,63,27,42.86
Above,0.236,1100,0.5,63,7,11.11
Above,0.236,1100,0.618,63,3,4.76
Above,0.236,1100,0.786,63,1,1.59
Above,0.236,1100,1.0,63,0,0.0
Above,0.236,1100,-0.236,63,24,38.1
Above,0.236,1100,-0.382,63,5,7.94
Above,0.236,1100,-0.5,63,2,3.17
Above,0.236,1100,-0.618,63,1,1.59
Above,0.236,1100,-0.786,63,0,0.0
Above,0.236,1100,-1.0,63,0,0.0
Above,0.236,1100,0.0,63,56,88.89
Below,0.236,1100,0.236,61,57,93.44
Below,0.236,1100,0.382,61,35,57.38
Below,0.236,1100,0.5,61,17,27.87
Below,0.236,1100,0.618,61,8,13.11
Below,0.236,1100,0.786,61,4,6.56
Below,0.236,1100,1.0,61,0,0.0
Below,0.236,1100,-0.236,61,23,37.7
Below,0.236,1100,-0.382,61,10,16.39
Below,0.236,1100,-0.5,61,5,8.2
Below,0.236,1100,-0.618,61,4,6.56
Below,0.236,1100,-0.786,61,2,3.28
Below,0.236,1100,-1.0,61,1,1.64
Below,0.236,1100,0.0,61,58,95.08
Above,0.236,1200,0.236,57,57,100.0
Above,0.236,1200,0.382,57,18,31.58
Above,0.236,1200,0.5,57,5,8.77
Above,0.236,1200,0.618,57,0,0.0
Above,0.236,1200,0.786,57,0,0.0
Above,0.236,1200,1.0,57,0,0.0
Above,0.236,1200,-0.236,57,16,28.07
Above,0.236,1200,-0.382,57,6,10.53
Above,0.236,1200,-0.5,57,2,3.51
Above,0.236,1200,-0.618,57,1,1.75
Above,0.236,1200,-0.786,57,1,1.75
Above,0.236,1200,-1.0,57,0,0.0
Above,0.236,1200,0.0,57,49,85.96
Below,0.236,1200,0.236,58,56,96.55
Below,0.236,1200,0.382,58,27,46.55
Below,0.236,1200,0.5,58,12,20.69
Below,0.236,1200,0.618,58,6,10.34
Below,0.236,1200,0.786,58,4,6.9
Below,0.236,1200,1.0,58,0,0.0
Below,0.236,1200,-0.236,58,20,34.48
Below,0.236,1200,-0.382,58,9,15.52
Below,0.236,1200,-0.5,58,5,8.62
Below,0.236,1200,-0.618,58,2,3.45
Below,0.236,1200,-0.786,58,1,1.72
Below,0.236,1200,-1.0,58,1,1.72
Below,0.236,1200,0.0,58,53,91.38
Above,0.236,1300,0.236,49,49,100.0
Above,0.236,1300,0.382,49,9,18.37
Above,0.236,1300,0.5,49,0,0.0
Above,0.236,1300,0.618,49,0,0.0
Above,0.236,1300,0.786,49,0,0.0
Above,0.236,1300,1.0,49,0,0.0
Above,0.236,1300,-0.236,49,10,20.41
Above,0.236,1300,-0.382,49,1,2.04
Above,0.236,1300,-0.5,49,0,0.0
Above,0.236,1300,-0.618,49,0,0.0
Above,0.236,1300,-0.786,49,0,0.0
Above,0.236,1300,-1.0,49,0,0.0
Above,0.236,1300,0.0,49,37,75.51
Below,0.236,1300,0.236,52,45,86.54
Below,0.236,1300,0.382,52,28,53.85
Below,0.236,1300,0.5,52,12,23.08
Below,0.236,1300,0.618,52,4,7.69
Below,0.236,1300,0.786,52,2,3.85
Below,0.236,1300,1.0,52,1,1.92
Below,0.236,1300,-0.236,52,14,26.92
Below,0.236,1300,-0.382,52,5,9.62
Below,0.236,1300,-0.5,52,1,1.92
Below,0.236,1300,-0.618,52,1,1.92
Below,0.236,1300,-0.786,52,0,0.0
Below,0.236,1300,-1.0,52,0,0.0
Below,0.236,1300,0.0,52,47,90.38
Above,0.236,1400,0.236,50,50,100.0
Above,0.236,1400,0.382,50,11,22.0
Above,0.236,1400,0.5,50,4,8.0
Above,0.236,1400,0.618,50,1,2.0
Above,0.236,1400,0.786,50,0,0.0
Above,0.236,1400,1.0,50,0,0.0
Above,0.236,1400,-0.236,50,4,8.0
Above,0.236,1400,-0.382,50,1,2.0
Above,0.236,1400,-0.5,50,1,2.0
Above,0.236,1400,-0.618,50,1,2.0
Above,0.236,1400,-0.786,50,0,0.0
Above,0.236,1400,-1.0,50,0,0.0
Above,0.236,1400,0.0,50,31,62.0
Below,0.236,1400,0.236,79,71,89.87
Below,0.236,1400,0.382,79,36,45.57
Below,0.236,1400,0.5,79,20,25.32
Below,0.236,1400,0.618,79,10,12.66
Below,0.236,1400,0.786,79,4,5.06
Below,0.236,1400,1.0,79,2,2.53
Below,0.236,1400,-0.236,79,18,22.78
Below,0.236,1400,-0.382,79,9,11.39
Below,0.236,1400,-0.5,79,5,6.33
Below,0.236,1400,-0.618,79,4,5.06
Below,0.236,1400,-0.786,79,2,2.53
Below,0.236,1400,-1.0,79,1,1.27
Below,0.236,1400,0.0,79,60,75.95
Above,0.236,1500,0.236,83,77,92.77
Above,0.236,1500,0.382,83,6,7.23
Above,0.236,1500,0.5,83,0,0.0
Above,0.236,1500,0.618,83,0,0.0
Above,0.236,1500,0.786,83,0,0.0
Above,0.236,1500,1.0,83,0,0.0
Above,0.236,1500,-0.236,83,3,3.61
Above,0.236,1500,-0.382,83,0,0.0
Above,0.236,1500,-0.5,83,0,0.0
Above,0.236,1500,-0.618,83,0,0.0
Above,0.236,1500,-0.786,83,0,0.0
Above,0.236,1500,-1.0,83,0,0.0
Above,0.236,1500,0.0,83,35,42.17
Below,0.236,1500,0.236,117,76,64.96
Below,0.236,1500,0.382,117,14,11.97
Below,0.236,1500,0.5,117,6,5.13
Below,0.236,1500,0.618,117,2,1.71
Below,0.236,1500,0.786,117,1,0.85
Below,0.236,1500,1.0,117,1,0.85
Below,0.236,1500,-0.236,117,8,6.84
Below,0.236,1500,-0.382,117,1,0.85
Below,0.236,1500,-0.5,117,0,0.0
Below,0.236,1500,-0.618,117,0,0.0
Below,0.236,1500,-0.786,117,0,0.0
Below,0.236,1500,-1.0,117,0,0.0
Below,0.236,1500,0.0,117,55,47.01
Above,0.236,2000,0.236,8,0,0.0
Above,0.236,2000,0.382,2,0,0.0
Above,0.236,2000,0.5,8,1,12.5
Above,0.236,2000,0.618,10,1,10.0
Above,0.236,2000,0.786,10,1,10.0
Above,0.236,2000,1.0,10,0,0.0
Above,0.236,2000,-0.236,9,3,33.33
Above,0.236,2000,-0.382,9,3,33.33
Above,0.236,2000,-0.5,10,2,20.0
Above,0.236,2000,-0.618,10,0,0.0
Above,0.236,2000,-0.786,10,0,0.0
Above,0.236,2000,-1.0,10,0,0.0
Above,0.236,2000,0.0,5,3,60.0
Below,0.236,2000,0.236,13,0,0.0
Below,0.236,2000,0.382,3,0,0.0
Below,0.236,2000,0.5,4,2,50.0
Below,0.236,2000,0.618,9,1,11.11
Below,0.236,2000,0.786,12,3,25.0
Below,0.236,2000,1.0,13,2,15.38
Below,0.236,2000,-0.236,11,6,54.55
Below,0.236,2000,-0.382,13,4,30.77
Below,0.236,2000,-0.5,13,3,23.08
Below,0.236,2000,-0.618,14,3,21.43
Below,0.236,2000,-0.786,14,3,21.43
Below,0.236,2000,-1.0,14,2,14.29
Below,0.236,2000,0.0,9,9,100.0
Above,0.236,3000,0.236,6,0,0.0
Above,0.236,3000,0.382,3,1,33.33
Above,0.236,3000,0.5,6,2,33.33
Above,0.236,3000,0.618,7,2,28.57
Above,0.236,3000,0.786,8,1,12.5
Above,0.236,3000,1.0,8,0,0.0
Above,0.236,3000,-0.236,8,4,50.0
Above,0.236,3000,-0.382,8,1,12.5
Above,0.236,3000,-0.5,8,0,0.0
Above,0.236,3000,-0.618,8,0,0.0
Above,0.236,3000,-0.786,8,0,0.0
Above,0.236,3000,-1.0,8,0,0.0
Above,0.236,3000,0.0,3,3,100.0
Below,0.236,3000,0.236,12,0,0.0
Below,0.236,3000,0.382,6,1,16.67
Below,0.236,3000,0.5,11,2,18.18
Below,0.236,3000,0.618,12,1,8.33
Below,0.236,3000,0.786,13,0,0.0
Below,0.236,3000,1.0,13,0,0.0
Below,0.236,3000,-0.236,11,6,54.55
Below,0.236,3000,-0.382,12,4,33.33
Below,0.236,3000,-0.5,13,3,23.08
Below,0.236,3000,-0.618,13,1,7.69
Below,0.236,3000,-0.786,13,1,7.69
Below,0.236,3000,-1.0,13,0,0.0
Below,0.236,3000,0.0,6,6,100.0
Above,0.236,4000,0.236,8,0,0.0
Above,0.236,4000,0.382,4,3,75.0
Above,0.236,4000,0.5,6,1,16.67
Above,0.236,4000,0.618,8,1,12.5
Above,0.236,4000,0.786,9,1,11.11
Above,0.236,4000,1.0,9,1,11.11
Above,0.236,4000,-0.236,9,9,100.0
Above,0.236,4000,-0.382,9,4,44.44
Above,0.236,4000,-0.5,9,3,33.33
Above,0.236,4000,-0.618,9,2,22.22
Above,0.236,4000,-0.786,9,0,0.0
Above,0.236,4000,-1.0,9,0,0.0
Above,0.236,4000,0.0,5,5,100.0
Below,0.236,4000,0.236,7,0,0.0
Below,0.236,4000,0.382,4,2,50.0
Below,0.236,4000,0.5,5,2,40.0
Below,0.236,4000,0.618,7,2,28.57
Below,0.236,4000,0.786,8,0,0.0
Below,0.236,4000,1.0,8,0,0.0
Below,0.236,4000,-0.236,7,2,28.57
Below,0.236,4000,-0.382,7,1,14.29
Below,0.236,4000,-0.5,8,1,12.5
Below,0.236,4000,-0.618,8,1,12.5
Below,0.236,4000,-0.786,8,1,12.5
Below,0.236,4000,-1.0,8,0,0.0
Below,0.236,4000,0.0,5,4,80.0
Above,0.236,5000,0.236,0,0,0.0
Above,0.236,5000,0.382,4,2,50.0
Above,0.236,5000,0.5,5,2,40.0
Above,0.236,5000,0.618,5,1,20.0
Above,0.236,5000,0.786,5,0,0.0
Above,0.236,5000,1.0,5,0,0.0
Above,0.236,5000,-0.236,4,1,25.0
Above,0.236,5000,-0.382,5,1,20.0
Above,0.236,5000,-0.5,5,0,0.0
Above,0.236,5000,-0.618,5,0,0.0
Above,0.236,5000,-0.786,5,0,0.0
Above,0.236,5000,-1.0,5,0,0.0
Above,0.236,5000,0.0,1,1,100.0
Below,0.236,5000,0.236,0,0,0.0
Below,0.236,5000,0.382,3,0,0.0
Below,0.236,5000,0.5,6,2,33.33
Below,0.236,5000,0.618,11,3,27.27
Below,0.236,5000,0.786,12,2,16.67
Below,0.236,5000,1.0,12,0,0.0
Below,0.236,5000,-0.236,10,5,50.0
Below,0.236,5000,-0.382,12,3,25.0
Below,0.236,5000,-0.5,12,1,8.33
Below,0.236,5000,-0.618,12,1,8.33
Below,0.236,5000,-0.786,12,0,0.0
Below,0.236,5000,-1.0,12,0,0.0
Below,0.236,5000,0.0,6,6,100.0
Above,0.236,OPEN,0.236,668,619,92.66
Above,0.236,OPEN,0.382,353,120,33.99
Above,0.236,OPEN,0.5,579,135,23.32
Above,0.236,OPEN,0.618,751,118,15.71
Above,0.236,OPEN,0.786,955,85,8.9
Above,0.236,OPEN,1.0,1156,57,4.93
Above,0.236,OPEN,-0.236,1375,556,40.44
Above,0.236,OPEN,-0.382,1421,301,21.18
Above,0.236,OPEN,-0.5,1435,172,11.99
Above,0.236,OPEN,-0.618,1444,83,5.75
Above,0.236,OPEN,-0.786,1449,41,2.83
Above,0.236,OPEN,-1.0,1453,15,1.03
Above,0.236,OPEN,0.0,1156,995,86.07
Below,0.236,OPEN,0.236,2129,588,27.62
Below,0.236,OPEN,0.382,2534,366,14.44
Below,0.236,OPEN,0.5,2743,230,8.38
Below,0.236,OPEN,0.618,2831,142,5.02
Below,0.236,OPEN,0.786,2867,57,1.99
Below,0.236,OPEN,1.0,2878,17,0.59
Below,0.236,OPEN,-0.236,1046,504,48.18
Below,0.236,OPEN,-0.382,1459,443,30.36
Below,0.236,OPEN,-0.5,1722,315,18.29
Below,0.236,OPEN,-0.618,2001,231,11.54
Below,0.236,OPEN,-0.786,2316,165,7.12
Below,0.236,OPEN,-1.0,2591,87,3.36
Below,0.236,OPEN,0.0,424,370,87.26
Above,0.382,0900,0.236,74,72,97.3
Above,0.382,0900,0.382,93,93,100.0
Above,0.382,0900,0.5,77,33,42.86
Above,0.382,0900,0.618,84,21,25.0
Above,0.382,0900,0.786,93,10,10.75
Above,0.382,0900,1.0,95,1,1.05
Above,0.382,0900,-0.236,93,33,35.48
Above,0.382,0900,-0.382,95,13,13.68
Above,0.382,0900,-0.5,95,9,9.47
Above,0.382,0900,-0.618,95,3,3.16
Above,0.382,0900,-0.786,96,2,2.08
Above,0.382,0900,-1.0,96,2,2.08
Above,0.382,0900,0.0,86,74,86.05
Below,0.382,0900,0.236,88,88,100.0
Below,0.382,0900,0.382,108,100,92.59
Below,0.382,0900,0.5,89,54,60.67
Below,0.382,0900,0.618,99,35,35.35
Below,0.382,0900,0.786,103,16,15.53
Below,0.382,0900,1.0,110,3,2.73
Below,0.382,0900,-0.236,109,44,40.37
Below,0.382,0900,-0.382,110,21,19.09
Below,0.382,0900,-0.5,110,8,7.27
Below,0.382,0900,-0.618,112,7,6.25
Below,0.382,0900,-0.786,112,5,4.46
Below,0.382,0900,-1.0,112,2,1.79
Below,0.382,0900,0.0,100,88,88.0
Above,0.382,1000,0.236,83,83,100.0
Above,0.382,1000,0.382,91,90,98.9
Above,0.382,1000,0.5,87,37,42.53
Above,0.382,1000,0.618,88,19,21.59
Above,0.382,1000,0.786,91,6,6.59
Above,0.382,1000,1.0,91,1,1.1
Above,0.382,1000,-0.236,91,40,43.96
Above,0.382,1000,-0.382,91,14,15.38
Above,0.382,1000,-0.5,91,11,12.09
Above,0.382,1000,-0.618,91,7,7.69
Above,0.382,1000,-0.786,91,3,3.3
Above,0.382,1000,-1.0,91,2,2.2
Above,0.382,1000,0.0,90,76,84.44
Below,0.382,1000,0.236,95,94,98.95
Below,0.382,1000,0.382,103,90,87.38
Below,0.382,1000,0.5,96,57,59.38
Below,0.382,1000,0.618,100,30,30.0
Below,0.382,1000,0.786,101,18,17.82
Below,0.382,1000,1.0,104,5,4.81
Below,0.382,1000,-0.236,103,41,39.81
Below,0.382,1000,-0.382,103,19,18.45
Below,0.382,1000,-0.5,103,7,6.8
Below,0.382,1000,-0.618,103,2,1.94
Below,0.382,1000,-0.786,104,2,1.92
Below,0.382,1000,-1.0,104,1,0.96
Below,0.382,1000,0.0,101,90,89.11
Above,0.382,1100,0.236,39,38,97.44
Above,0.382,1100,0.382,39,39,100.0
Above,0.382,1100,0.5,39,17,43.59
Above,0.382,1100,0.618,39,5,12.82
Above,0.382,1100,0.786,39,0,0.0
Above,0.382,1100,1.0,39,0,0.0
Above,0.382,1100,-0.236,39,8,20.51
Above,0.382,1100,-0.382,39,2,5.13
Above,0.382,1100,-0.5,39,0,0.0
Above,0.382,1100,-0.618,39,0,0.0
Above,0.382,1100,-0.786,39,0,0.0
Above,0.382,1100,-1.0,39,0,0.0
Above,0.382,1100,0.0,39,26,66.67
Below,0.382,1100,0.236,54,54,100.0
Below,0.382,1100,0.382,54,50,92.59
Below,0.382,1100,0.5,54,27,50.0
Below,0.382,1100,0.618,54,13,24.07
Below,0.382,1100,0.786,54,9,16.67
Below,0.382,1100,1.0,54,2,3.7
Below,0.382,1100,-0.236,54,17,31.48
Below,0.382,1100,-0.382,54,7,12.96
Below,0.382,1100,-0.5,54,3,5.56
Below,0.382,1100,-0.618,54,3,5.56
Below,0.382,1100,-0.786,54,1,1.85
Below,0.382,1100,-1.0,54,0,0.0
Below,0.382,1100,0.0,54,48,88.89
Above,0.382,1200,0.236,29,28,96.55
Above,0.382,1200,0.382,29,29,100.0
Above,0.382,1200,0.5,29,9,31.03
Above,0.382,1200,0.618,29,2,6.9
Above,0.382,1200,0.786,29,1,3.45
Above,0.382,1200,1.0,29,0,0.0
Above,0.382,1200,-0.236,29,4,13.79
Above,0.382,1200,-0.382,29,1,3.45
Above,0.382,1200,-0.5,29,1,3.45
Above,0.382,1200,-0.618,29,0,0.0
Above,0.382,1200,-0.786,29,0,0.0
Above,0.382,1200,-1.0,29,0,0.0
Above,0.382,1200,0.0,29,26,89.66
Below,0.382,1200,0.236,48,48,100.0
Below,0.382,1200,0.382,48,44,91.67
Below,0.382,1200,0.5,48,27,56.25
Below,0.382,1200,0.618,48,14,29.17
Below,0.382,1200,0.786,48,2,4.17
Below,0.382,1200,1.0,48,0,0.0
Below,0.382,1200,-0.236,48,12,25.0
Below,0.382,1200,-0.382,48,5,10.42
Below,0.382,1200,-0.5,48,3,6.25
Below,0.382,1200,-0.618,48,1,2.08
Below,0.382,1200,-0.786,48,0,0.0
Below,0.382,1200,-1.0,48,0,0.0
Below,0.382,1200,0.0,48,38,79.17
Above,0.382,1300,0.236,27,27,100.0
Above,0.382,1300,0.382,27,27,100.0
Above,0.382,1300,0.5,27,7,25.93
Above,0.382,1300,0.618,27,2,7.41
Above,0.382,1300,0.786,27,1,3.7
Above,0.382,1300,1.0,27,0,0.0
Above,0.382,1300,-0.236,27,3,11.11
Above,0.382,1300,-0.382,27,0,0.0
Above,0.382,1300,-0.5,27,0,0.0
Above,0.382,1300,-0.618,27,0,0.0
Above,0.382,1300,-0.786,27,0,0.0
Above,0.382,1300,-1.0,27,0,0.0
Above,0.382,1300,0.0,27,16,59.26
Below,0.382,1300,0.236,32,32,100.0
Below,0.382,1300,0.382,32,30,93.75
Below,0.382,1300,0.5,32,17,53.12
Below,0.382,1300,0.618,32,7,21.88
Below,0.382,1300,0.786,32,2,6.25
Below,0.382,1300,1.0,32,1,3.12
Below,0.382,1300,-0.236,32,4,12.5
Below,0.382,1300,-0.382,32,2,6.25
Below,0.382,1300,-0.5,32,1,3.12
Below,0.382,1300,-0.618,32,1,3.12
Below,0.382,1300,-0.786,32,0,0.0
Below,0.382,1300,-1.0,32,0,0.0
Below,0.382,1300,0.0,32,24,75.0
Above,0.382,1400,0.236,29,28,96.55
Above,0.382,1400,0.382,29,28,96.55
Above,0.382,1400,0.5,29,6,20.69
Above,0.382,1400,0.618,29,2,6.9
Above,0.382,1400,0.786,29,0,0.0
Above,0.382,1400,1.0,29,0,0.0
Above,0.382,1400,-0.236,29,1,3.45
Above,0.382,1400,-0.382,29,0,0.0
Above,0.382,1400,-0.5,29,0,0.0
Above,0.382,1400,-0.618,29,0,0.0
Above,0.382,1400,-0.786,29,0,0.0
Above,0.382,1400,-1.0,29,0,0.0
Above,0.382,1400,0.0,29,17,58.62
Below,0.382,1400,0.236,52,52,100.0
Below,0.382,1400,0.382,52,45,86.54
Below,0.382,1400,0.5,52,29,55.77
Below,0.382,1400,0.618,52,13,25.0
Below,0.382,1400,0.786,52,4,7.69
Below,0.382,1400,1.0,52,3,5.77
Below,0.382,1400,-0.236,52,13,25.0
Below,0.382,1400,-0.382,52,7,13.46
Below,0.382,1400,-0.5,52,4,7.69
Below,0.382,1400,-0.618,52,3,5.77
Below,0.382,1400,-0.786,52,2,3.85
Below,0.382,1400,-1.0,52,1,1.92
Below,0.382,1400,0.0,52,37,71.15
Above,0.382,1500,0.236,30,27,90.0
Above,0.382,1500,0.382,30,29,96.67
Above,0.382,1500,0.5,30,5,16.67
Above,0.382,1500,0.618,30,0,0.0
Above,0.382,1500,0.786,30,0,0.0
Above,0.382,1500,1.0,30,0,0.0
Above,0.382,1500,-0.236,30,0,0.0
Above,0.382,1500,-0.382,30,0,0.0
Above,0.382,1500,-0.5,30,0,0.0
Above,0.382,1500,-0.618,30,0,0.0
Above,0.382,1500,-0.786,30,0,0.0
Above,0.382,1500,-1.0,30,0,0.0
Above,0.382,1500,0.0,30,11,36.67
Below,0.382,1500,0.236,57,49,85.96
Below,0.382,1500,0.382,57,34,59.65
Below,0.382,1500,0.5,57,11,19.3
Below,0.382,1500,0.618,57,0,0.0
Below,0.382,1500,0.786,57,0,0.0
Below,0.382,1500,1.0,57,0,0.0
Below,0.382,1500,-0.236,57,2,3.51
Below,0.382,1500,-0.382,57,1,1.75
Below,0.382,1500,-0.5,57,0,0.0
Below,0.382,1500,-0.618,57,0,0.0
Below,0.382,1500,-0.786,57,0,0.0
Below,0.382,1500,-1.0,57,0,0.0
Below,0.382,1500,0.0,57,22,38.6
Above,0.382,2000,0.236,2,1,50.0
Above,0.382,2000,0.382,4,0,0.0
Above,0.382,2000,0.5,3,1,33.33
Above,0.382,2000,0.618,4,0,0.0
Above,0.382,2000,0.786,4,0,0.0
Above,0.382,2000,1.0,4,0,0.0
Above,0.382,2000,-0.236,3,2,66.67
Above,0.382,2000,-0.382,3,0,0.0
Above,0.382,2000,-0.5,4,1,25.0
Above,0.382,2000,-0.618,4,1,25.0
Above,0.382,2000,-0.786,4,1,25.0
Above,0.382,2000,-1.0,4,0,0.0
Above,0.382,2000,0.0,2,2,100.0
Below,0.382,2000,0.236,1,1,100.0
Below,0.382,2000,0.382,3,0,0.0
Below,0.382,2000,0.5,1,0,0.0
Below,0.382,2000,0.618,2,1,50.0
Below,0.382,2000,0.786,2,1,50.0
Below,0.382,2000,1.0,3,0,0.0
Below,0.382,2000,-0.236,3,0,0.0
Below,0.382,2000,-0.382,3,0,0.0
Below,0.382,2000,-0.5,3,0,0.0
Below,0.382,2000,-0.618,3,0,0.0
Below,0.382,2000,-0.786,3,0,0.0
Below,0.382,2000,-1.0,3,0,0.0
Below,0.382,2000,0.0,3,2,66.67
Above,0.382,3000,0.236,2,2,100.0
Above,0.382,3000,0.382,5,0,0.0
Above,0.382,3000,0.5,1,1,100.0
Above,0.382,3000,0.618,3,2,66.67
Above,0.382,3000,0.786,4,1,25.0
Above,0.382,3000,1.0,5,0,0.0
Above,0.382,3000,-0.236,4,2,50.0
Above,0.382,3000,-0.382,5,2,40.0
Above,0.382,3000,-0.5,5,1,20.0
Above,0.382,3000,-0.618,5,1,20.0
Above,0.382,3000,-0.786,5,0,0.0
Above,0.382,3000,-1.0,5,0,0.0
Above,0.382,3000,0.0,3,3,100.0
Below,0.382,3000,0.236,3,3,100.0
Below,0.382,3000,0.382,5,0,0.0
Below,0.382,3000,0.5,1,0,0.0
Below,0.382,3000,0.618,3,0,0.0
Below,0.382,3000,0.786,5,0,0.0
Below,0.382,3000,1.0,5,0,0.0
Below,0.382,3000,-0.236,5,2,40.0
Below,0.382,3000,-0.382,5,1,20.0
Below,0.382,3000,-0.5,5,0,0.0
Below,0.382,3000,-0.618,5,0,0.0
Below,0.382,3000,-0.786,5,0,0.0
Below,0.382,3000,-1.0,5,0,0.0
Below,0.382,3000,0.0,5,5,100.0
Above,0.382,4000,0.236,0,0,0.0
Above,0.382,4000,0.382,4,0,0.0
Above,0.382,4000,0.5,4,1,25.0
Above,0.382,4000,0.618,5,1,20.0
Above,0.382,4000,0.786,6,1,16.67
Above,0.382,4000,1.0,6,0,0.0
Above,0.382,4000,-0.236,5,1,20.0
Above,0.382,4000,-0.382,5,0,0.0
Above,0.382,4000,-0.5,5,0,0.0
Above,0.382,4000,-0.618,5,0,0.0
Above,0.382,4000,-0.786,5,0,0.0
Above,0.382,4000,-1.0,5,0,0.0
Above,0.382,4000,0.0,4,3,75.0
Below,0.382,4000,0.236,1,1,100.0
Below,0.382,4000,0.382,5,0,0.0
Below,0.382,4000,0.5,2,0,0.0
Below,0.382,4000,0.618,4,0,0.0
Below,0.382,4000,0.786,6,0,0.0
Below,0.382,4000,1.0,6,0,0.0
Below,0.382,4000,-0.236,4,2,50.0
Below,0.382,4000,-0.382,5,2,40.0
Below,0.382,4000,-0.5,6,2,33.33
Below,0.382,4000,-0.618,6,1,16.67
Below,0.382,4000,-0.786,6,0,0.0
Below,0.382,4000,-1.0,6,0,0.0
Below,0.382,4000,0.0,3,3,100.0
Above,0.382,5000,0.236,1,1,100.0
Above,0.382,5000,0.382,0,0,0.0
Above,0.382,5000,0.5,3,1,33.33
Above,0.382,5000,0.618,4,1,25.0
Above,0.382,5000,0.786,4,0,0.0
Above,0.382,5000,1.0,6,1,16.67
Above,0.382,5000,-0.236,6,1,16.67
Above,0.382,5000,-0.382,6,0,0.0
Above,0.382,5000,-0.5,6,0,0.0
Above,0.382,5000,-0.618,6,0,0.0
Above,0.382,5000,-0.786,6,0,0.0
Above,0.382,5000,-1.0,6,0,0.0
Above,0.382,5000,0.0,5,3,60.0
Below,0.382,5000,0.236,0,0,0.0
Below,0.382,5000,0.382,0,0,0.0
Below,0.382,5000,0.5,2,1,50.0
Below,0.382,5000,0.618,5,1,20.0
Below,0.382,5000,0.786,5,1,20.0
Below,0.382,5000,1.0,5,0,0.0
Below,0.382,5000,-0.236,4,2,50.0
Below,0.382,5000,-0.382,5,3,60.0
Below,0.382,5000,-0.5,5,1,20.0
Below,0.382,5000,-0.618,5,1,20.0
Below,0.382,5000,-0.786,5,1,20.0
Below,0.382,5000,-1.0,5,1,20.0
Below,0.382,5000,0.0,2,2,100.0
Above,0.382,OPEN,0.236,702,684,97.44
Above,0.382,OPEN,0.382,460,437,95.0
Above,0.382,OPEN,0.5,247,83,33.6
Above,0.382,OPEN,0.618,419,93,22.2
Above,0.382,OPEN,0.786,616,77,12.5
Above,0.382,OPEN,1.0,812,56,6.9
Above,0.382,OPEN,-0.236,1073,412,38.4
Above,0.382,OPEN,-0.382,1095,223,20.37
Above,0.382,OPEN,-0.5,1100,122,11.09
Above,0.382,OPEN,-0.618,1105,60,5.43
Above,0.382,OPEN,-0.786,1106,29,2.62
Above,0.382,OPEN,-1.0,1109,10,0.9
Above,0.382,OPEN,0.0,986,825,83.67
Below,0.382,OPEN,0.236,205,172,83.9
Below,0.382,OPEN,0.382,2470,345,13.97
Below,0.382,OPEN,0.5,2739,220,8.03
Below,0.382,OPEN,0.618,2920,167,5.72
Below,0.382,OPEN,0.786,3034,81,2.67
Below,0.382,OPEN,1.0,3070,33,1.07
Below,0.382,OPEN,-0.236,1236,571,46.2
Below,0.382,OPEN,-0.382,1654,474,28.66
Below,0.382,OPEN,-0.5,1920,340,17.71
Below,0.382,OPEN,-0.618,2198,241,10.96
Below,0.382,OPEN,-0.786,2512,168,6.69
Below,0.382,OPEN,-1.0,2787,87,3.12
Below,0.382,OPEN,0.0,598,518,86.62
Above,0.5,0900,0.236,59,57,96.61
Above,0.5,0900,0.382,52,51,98.08
Above,0.5,0900,0.5,69,67,97.1
Above,0.5,0900,0.618,57,32,56.14
Above,0.5,0900,0.786,64,16,25.0
Above,0.5,0900,1.0,70,4,5.71
Above,0.5,0900,-0.236,69,26,37.68
Above,0.5,0900,-0.382,71,15,21.13
Above,0.5,0900,-0.5,71,6,8.45
Above,0.5,0900,-0.618,71,4,5.63
Above,0.5,0900,-0.786,71,1,1.41
Above,0.5,0900,-1.0,71,1,1.41
Above,0.5,0900,0.0,66,52,78.79
Below,0.5,0900,0.236,65,65,100.0
Below,0.5,0900,0.382,63,63,100.0
Below,0.5,0900,0.5,68,61,89.71
Below,0.5,0900,0.618,63,32,50.79
Below,0.5,0900,0.786,65,15,23.08
Below,0.5,0900,1.0,71,3,4.23
Below,0.5,0900,-0.236,70,36,51.43
Below,0.5,0900,-0.382,71,16,22.54
Below,0.5,0900,-0.5,71,5,7.04
Below,0.5,0900,-0.618,72,4,5.56
Below,0.5,0900,-0.786,72,3,4.17
Below,0.5,0900,-1.0,72,1,1.39
Below,0.5,0900,0.0,69,63,91.3
Above,0.5,1000,0.236,57,56,98.25
Above,0.5,1000,0.382,54,54,100.0
Above,0.5,1000,0.5,61,60,98.36
Above,0.5,1000,0.618,55,23,41.82
Above,0.5,1000,0.786,59,10,16.95
Above,0.5,1000,1.0,62,3,4.84
Above,0.5,1000,-0.236,61,20,32.79
Above,0.5,1000,-0.382,62,9,14.52
Above,0.5,1000,-0.5,62,6,9.68
Above,0.5,1000,-0.618,62,2,3.23
Above,0.5,1000,-0.786,62,0,0.0
Above,0.5,1000,-1.0,62,0,0.0
Above,0.5,1000,0.0,61,53,86.89
Below,0.5,1000,0.236,77,77,100.0
Below,0.5,1000,0.382,77,77,100.0
Below,0.5,1000,0.5,79,65,82.28
Below,0.5,1000,0.618,76,41,53.95
Below,0.5,1000,0.786,77,21,27.27
Below,0.5,1000,1.0,79,6,7.59
Below,0.5,1000,-0.236,78,24,30.77
Below,0.5,1000,-0.382,78,10,12.82
Below,0.5,1000,-0.5,78,5,6.41
Below,0.5,1000,-0.618,79,3,3.8
Below,0.5,1000,-0.786,79,2,2.53
Below,0.5,1000,-1.0,79,1,1.27
Below,0.5,1000,0.0,78,65,83.33
Above,0.5,1100,0.236,31,31,100.0
Above,0.5,1100,0.382,31,31,100.0
Above,0.5,1100,0.5,31,31,100.0
Above,0.5,1100,0.618,31,12,38.71
Above,0.5,1100,0.786,31,2,6.45
Above,0.5,1100,1.0,31,0,0.0
Above,0.5,1100,-0.236,31,6,19.35
Above,0.5,1100,-0.382,31,1,3.23
Above,0.5,1100,-0.5,31,0,0.0
Above,0.5,1100,-0.618,31,0,0.0
Above,0.5,1100,-0.786,31,0,0.0
Above,0.5,1100,-1.0,31,0,0.0
Above,0.5,1100,0.0,31,22,70.97
Below,0.5,1100,0.236,53,52,98.11
Below,0.5,1100,0.382,53,53,100.0
Below,0.5,1100,0.5,53,44,83.02
Below,0.5,1100,0.618,53,29,54.72
Below,0.5,1100,0.786,53,13,24.53
Below,0.5,1100,1.0,53,3,5.66
Below,0.5,1100,-0.236,53,12,22.64
Below,0.5,1100,-0.382,53,7,13.21
Below,0.5,1100,-0.5,53,4,7.55
Below,0.5,1100,-0.618,53,3,5.66
Below,0.5,1100,-0.786,53,1,1.89
Below,0.5,1100,-1.0,53,0,0.0
Below,0.5,1100,0.0,53,42,79.25
Above,0.5,1200,0.236,15,14,93.33
Above,0.5,1200,0.382,15,15,100.0
Above,0.5,1200,0.5,15,15,100.0
Above,0.5,1200,0.618,15,6,40.0
Above,0.5,1200,0.786,15,2,13.33
Above,0.5,1200,1.0,15,0,0.0
Above,0.5,1200,-0.236,15,0,0.0
Above,0.5,1200,-0.382,15,0,0.0
Above,0.5,1200,-0.5,15,0,0.0
Above,0.5,1200,-0.618,15,0,0.0
Above,0.5,1200,-0.786,15,0,0.0
Above,0.5,1200,-1.0,15,0,0.0
Above,0.5,1200,0.0,15,11,73.33
Below,0.5,1200,0.236,20,20,100.0
Below,0.5,1200,0.382,20,20,100.0
Below,0.5,1200,0.5,20,18,90.0
Below,0.5,1200,0.618,20,13,65.0
Below,0.5,1200,0.786,20,4,20.0
Below,0.5,1200,1.0,20,1,5.0
Below,0.5,1200,-0.236,20,5,25.0
Below,0.5,1200,-0.382,20,1,5.0
Below,0.5,1200,-0.5,20,0,0.0
Below,0.5,1200,-0.618,20,0,0.0
Below,0.5,1200,-0.786,20,0,0.0
Below,0.5,1200,-1.0,20,0,0.0
Below,0.5,1200,0.0,20,15,75.0
Above,0.5,1300,0.236,18,17,94.44
Above,0.5,1300,0.382,18,18,100.0
Above,0.5,1300,0.5,18,18,100.0
Above,0.5,1300,0.618,18,4,22.22
Above,0.5,1300,0.786,18,0,0.0
Above,0.5,1300,1.0,18,0,0.0
Above,0.5,1300,-0.236,18,3,16.67
Above,0.5,1300,-0.382,18,1,5.56
Above,0.5,1300,-0.5,18,1,5.56
Above,0.5,1300,-0.618,18,0,0.0
Above,0.5,1300,-0.786,18,0,0.0
Above,0.5,1300,-1.0,18,0,0.0
Above,0.5,1300,0.0,18,11,61.11
Below,0.5,1300,0.236,33,32,96.97
Below,0.5,1300,0.382,33,33,100.0
Below,0.5,1300,0.5,33,30,90.91
Below,0.5,1300,0.618,33,19,57.58
Below,0.5,1300,0.786,33,3,9.09
Below,0.5,1300,1.0,33,1,3.03
Below,0.5,1300,-0.236,33,4,12.12
Below,0.5,1300,-0.382,33,2,6.06
Below,0.5,1300,-0.5,33,0,0.0
Below,0.5,1300,-0.618,33,0,0.0
Below,0.5,1300,-0.786,33,0,0.0
Below,0.5,1300,-1.0,33,0,0.0
Below,0.5,1300,0.0,33,23,69.7
Above,0.5,1400,0.236,17,15,88.24
Above,0.5,1400,0.382,17,16,94.12
Above,0.5,1400,0.5,17,17,100.0
Above,0.5,1400,0.618,17,7,41.18
Above,0.5,1400,0.786,17,1,5.88
Above,0.5,1400,1.0,17,0,0.0
Above,0.5,1400,-0.236,17,1,5.88
Above,0.5,1400,-0.382,17,0,0.0
Above,0.5,1400,-0.5,17,0,0.0
Above,0.5,1400,-0.618,17,0,0.0
Above,0.5,1400,-0.786,17,0,0.0
Above,0.5,1400,-1.0,17,0,0.0
Above,0.5,1400,0.0,17,9,52.94
Below,0.5,1400,0.236,39,36,92.31
Below,0.5,1400,0.382,39,36,92.31
Below,0.5,1400,0.5,39,36,92.31
Below,0.5,1400,0.618,39,23,58.97
Below,0.5,1400,0.786,39,8,20.51
Below,0.5,1400,1.0,39,3,7.69
Below,0.5,1400,-0.236,39,8,20.51
Below,0.5,1400,-0.382,39,4,10.26
Below,0.5,1400,-0.5,39,2,5.13
Below,0.5,1400,-0.618,39,1,2.56
Below,0.5,1400,-0.786,39,1,2.56
Below,0.5,1400,-1.0,39,1,2.56
Below,0.5,1400,0.0,39,23,58.97
Above,0.5,1500,0.236,8,8,100.0
Above,0.5,1500,0.382,8,8,100.0
Above,0.5,1500,0.5,8,8,100.0
Above,0.5,1500,0.618,8,0,0.0
Above,0.5,1500,0.786,8,0,0.0
Above,0.5,1500,1.0,8,0,0.0
Above,0.5,1500,-0.236,8,0,0.0
Above,0.5,1500,-0.382,8,0,0.0
Above,0.5,1500,-0.5,8,0,0.0
Above,0.5,1500,-0.618,8,0,0.0
Above,0.5,1500,-0.786,8,0,0.0
Above,0.5,1500,-1.0,8,0,0.0
Above,0.5,1500,0.0,8,3,37.5
Below,0.5,1500,0.236,30,22,73.33
Below,0.5,1500,0.382,30,28,93.33
Below,0.5,1500,0.5,30,21,70.0
Below,0.5,1500,0.618,30,4,13.33
Below,0.5,1500,0.786,30,2,6.67
Below,0.5,1500,1.0,30,1,3.33
Below,0.5,1500,-0.236,30,0,0.0
Below,0.5,1500,-0.382,30,0,0.0
Below,0.5,1500,-0.5,30,0,0.0
Below,0.5,1500,-0.618,30,0,0.0
Below,0.5,1500,-0.786,30,0,0.0
Below,0.5,1500,-1.0,30,0,0.0
Below,0.5,1500,0.0,30,9,30.0
Above,0.5,2000,0.236,5,5,100.0
Above,0.5,2000,0.382,2,2,100.0
Above,0.5,2000,0.5,5,0,0.0
Above,0.5,2000,0.618,0,0,0.0
Above,0.5,2000,0.786,2,0,0.0
Above,0.5,2000,1.0,5,1,20.0
Above,0.5,2000,-0.236,5,1,20.0
Above,0.5,2000,-0.382,5,1,20.0
Above,0.5,2000,-0.5,5,1,20.0
Above,0.5,2000,-0.618,5,1,20.0
Above,0.5,2000,-0.786,5,0,0.0
Above,0.5,2000,-1.0,5,0,0.0
Above,0.5,2000,0.0,5,4,80.0
Below,0.5,2000,0.236,3,3,100.0
Below,0.5,2000,0.382,1,0,0.0
Below,0.5,2000,0.5,6,0,0.0
Below,0.5,2000,0.618,4,0,0.0
Below,0.5,2000,0.786,6,0,0.0
Below,0.5,2000,1.0,8,1,12.5
Below,0.5,2000,-0.236,8,3,37.5
Below,0.5,2000,-0.382,8,2,25.0
Below,0.5,2000,-0.5,8,0,0.0
Below,0.5,2000,-0.618,8,0,0.0
Below,0.5,2000,-0.786,8,0,0.0
Below,0.5,2000,-1.0,8,0,0.0
Below,0.5,2000,0.0,7,6,85.71
Above,0.5,3000,0.236,2,2,100.0
Above,0.5,3000,0.382,2,2,100.0
Above,0.5,3000,0.5,6,0,0.0
Above,0.5,3000,0.618,3,1,33.33
Above,0.5,3000,0.786,5,0,0.0
Above,0.5,3000,1.0,6,0,0.0
Above,0.5,3000,-0.236,6,2,33.33
Above,0.5,3000,-0.382,6,1,16.67
Above,0.5,3000,-0.5,6,1,16.67
Above,0.5,3000,-0.618,6,0,0.0
Above,0.5,3000,-0.786,6,0,0.0
Above,0.5,3000,-1.0,6,0,0.0
Above,0.5,3000,0.0,5,3,60.0
Below,0.5,3000,0.236,3,3,100.0
Below,0.5,3000,0.382,0,0,0.0
Below,0.5,3000,0.5,6,0,0.0
Below,0.5,3000,0.618,4,2,50.0
Below,0.5,3000,0.786,7,1,14.29
Below,0.5,3000,1.0,8,0,0.0
Below,0.5,3000,-0.236,8,4,50.0
Below,0.5,3000,-0.382,8,3,37.5
Below,0.5,3000,-0.5,8,1,12.5
Below,0.5,3000,-0.618,8,0,0.0
Below,0.5,3000,-0.786,8,0,0.0
Below,0.5,3000,-1.0,8,0,0.0
Below,0.5,3000,0.0,8,7,87.5
Above,0.5,4000,0.236,1,1,100.0
Above,0.5,4000,0.382,0,0,0.0
Above,0.5,4000,0.5,2,0,0.0
Above,0.5,4000,0.618,1,0,0.0
Above,0.5,4000,0.786,2,1,50.0
Above,0.5,4000,1.0,2,1,50.0
Above,0.5,4000,-0.236,2,1,50.0
Above,0.5,4000,-0.382,2,1,50.0
Above,0.5,4000,-0.5,2,1,50.0
Above,0.5,4000,-0.618,2,0,0.0
Above,0.5,4000,-0.786,2,0,0.0
Above,0.5,4000,-1.0,2,0,0.0
Above,0.5,4000,0.0,1,1,100.0
Below,0.5,4000,0.236,1,1,100.0
Below,0.5,4000,0.382,0,0,0.0
Below,0.5,4000,0.5,4,0,0.0
Below,0.5,4000,0.618,2,1,50.0
Below,0.5,4000,0.786,3,0,0.0
Below,0.5,4000,1.0,4,1,25.0
Below,0.5,4000,-0.236,4,1,25.0
Below,0.5,4000,-0.382,4,1,25.0
Below,0.5,4000,-0.5,5,1,20.0
Below,0.5,4000,-0.618,5,0,0.0
Below,0.5,4000,-0.786,5,0,0.0
Below,0.5,4000,-1.0,5,0,0.0
Below,0.5,4000,0.0,2,1,50.0
Above,0.5,5000,0.236,2,2,100.0
Above,0.5,5000,0.382,1,1,100.0
Above,0.5,5000,0.5,0,0,0.0
Above,0.5,5000,0.618,2,0,0.0
Above,0.5,5000,0.786,6,1,16.67
Above,0.5,5000,1.0,6,1,16.67
Above,0.5,5000,-0.236,6,3,50.0
Above,0.5,5000,-0.382,6,3,50.0
Above,0.5,5000,-0.5,6,3,50.0
Above,0.5,5000,-0.618,6,2,33.33
Above,0.5,5000,-0.786,6,1,16.67
Above,0.5,5000,-1.0,6,0,0.0
Above,0.5,5000,0.0,5,5,100.0
Below,0.5,5000,0.236,3,3,100.0
Below,0.5,5000,0.382,3,3,100.0
Below,0.5,5000,0.5,0,0,0.0
Below,0.5,5000,0.618,1,0,0.0
Below,0.5,5000,0.786,3,0,0.0
Below,0.5,5000,1.0,3,0,0.0
Below,0.5,5000,-0.236,4,3,75.0
Below,0.5,5000,-0.382,4,1,25.0
Below,0.5,5000,-0.5,4,0,0.0
Below,0.5,5000,-0.618,4,0,0.0
Below,0.5,5000,-0.786,4,0,0.0
Below,0.5,5000,-1.0,4,0,0.0
Below,0.5,5000,0.0,4,4,100.0
Above,0.5,OPEN,0.236,655,639,97.56
Above,0.5,OPEN,0.382,478,470,98.33
Above,0.5,OPEN,0.5,352,333,94.6
Above,0.5,OPEN,0.618,194,64,32.99
Above,0.5,OPEN,0.786,384,64,16.67
Above,0.5,OPEN,1.0,572,49,8.57
Above,0.5,OPEN,-0.236,848,303,35.73
Above,0.5,OPEN,-0.382,861,155,18.0
Above,0.5,OPEN,-0.5,863,84,9.73
Above,0.5,OPEN,-0.618,866,45,5.2
Above,0.5,OPEN,-0.786,866,26,3.0
Above,0.5,OPEN,-1.0,869,11,1.27
Above,0.5,OPEN,0.0,806,656,81.39
Below,0.5,OPEN,0.236,314,280,89.17
Below,0.5,OPEN,0.382,126,111,88.1
Below,0.5,OPEN,0.5,2712,226,8.33
Below,0.5,OPEN,0.618,2924,173,5.92
Below,0.5,OPEN,0.786,3119,109,3.49
Below,0.5,OPEN,1.0,3196,44,1.38
Below,0.5,OPEN,-0.236,1365,610,44.69
Below,0.5,OPEN,-0.382,1785,495,27.73
Below,0.5,OPEN,-0.5,2051,351,17.11
Below,0.5,OPEN,-0.618,2329,249,10.69
Below,0.5,OPEN,-0.786,2644,172,6.51
Below,0.5,OPEN,-1.0,2919,89,3.05
Below,0.5,OPEN,0.0,717,619,86.33
Above,0.618,0900,0.236,51,49,96.08
Above,0.618,0900,0.382,47,47,100.0
Above,0.618,0900,0.5,48,47,97.92
Above,0.618,0900,0.618,57,56,98.25
Above,0.618,0900,0.786,51,22,43.14
Above,0.618,0900,1.0,57,6,10.53
Above,0.618,0900,-0.236,58,17,29.31
Above,0.618,0900,-0.382,58,8,13.79
Above,0.618,0900,-0.5,58,3,5.17
Above,0.618,0900,-0.618,58,1,1.72
Above,0.618,0900,-0.786,58,1,1.72
Above,0.618,0900,-1.0,58,0,0.0
Above,0.618,0900,0.0,56,41,73.21
Below,0.618,0900,0.236,54,54,100.0
Below,0.618,0900,0.382,50,50,100.0
Below,0.618,0900,0.5,48,48,100.0
Below,0.618,0900,0.618,58,53,91.38
Below,0.618,0900,0.786,55,17,30.91
Below,0.618,0900,1.0,60,7,11.67
Below,0.618,0900,-0.236,61,28,45.9
Below,0.618,0900,-0.382,61,14,22.95
Below,0.618,0900,-0.5,61,7,11.48
Below,0.618,0900,-0.618,61,4,6.56
Below,0.618,0900,-0.786,61,2,3.28
Below,0.618,0900,-1.0,61,1,1.64
Below,0.618,0900,0.0,61,52,85.25
Above,0.618,1000,0.236,43,43,100.0
Above,0.618,1000,0.382,43,43,100.0
Above,0.618,1000,0.5,41,41,100.0
Above,0.618,1000,0.618,44,44,100.0
Above,0.618,1000,0.786,41,14,34.15
Above,0.618,1000,1.0,44,2,4.55
Above,0.618,1000,-0.236,44,11,25.0
Above,0.618,1000,-0.382,44,5,11.36
Above,0.618,1000,-0.5,44,3,6.82
Above,0.618,1000,-0.618,44,1,2.27
Above,0.618,1000,-0.786,44,0,0.0
Above,0.618,1000,-1.0,44,0,0.0
Above,0.618,1000,0.0,43,33,76.74
Below,0.618,1000,0.236,60,59,98.33
Below,0.618,1000,0.382,58,57,98.28
Below,0.618,1000,0.5,57,57,100.0
Below,0.618,1000,0.618,62,59,95.16
Below,0.618,1000,0.786,60,25,41.67
Below,0.618,1000,1.0,62,3,4.84
Below,0.618,1000,-0.236,62,15,24.19
Below,0.618,1000,-0.382,62,7,11.29
Below,0.618,1000,-0.5,62,6,9.68
Below,0.618,1000,-0.618,62,2,3.23
Below,0.618,1000,-0.786,62,1,1.61
Below,0.618,1000,-1.0,62,0,0.0
Below,0.618,1000,0.0,61,46,75.41
Above,0.618,1100,0.236,18,18,100.0
Above,0.618,1100,0.382,18,18,100.0
Above,0.618,1100,0.5,18,18,100.0
Above,0.618,1100,0.618,18,18,100.0
Above,0.618,1100,0.786,18,2,11.11
Above,0.618,1100,1.0,18,0,0.0
Above,0.618,1100,-0.236,18,4,22.22
Above,0.618,1100,-0.382,18,2,11.11
Above,0.618,1100,-0.5,18,2,11.11
Above,0.618,1100,-0.618,18,1,5.56
Above,0.618,1100,-0.786,18,1,5.56
Above,0.618,1100,-1.0,18,0,0.0
Above,0.618,1100,0.0,18,13,72.22
Below,0.618,1100,0.236,41,39,95.12
Below,0.618,1100,0.382,41,40,97.56
Below,0.618,1100,0.5,41,41,100.0
Below,0.618,1100,0.618,41,35,85.37
Below,0.618,1100,0.786,41,19,46.34
Below,0.618,1100,1.0,41,3,7.32
Below,0.618,1100,-0.236,41,8,19.51
Below,0.618,1100,-0.382,41,5,12.2
Below,0.618,1100,-0.5,41,2,4.88
Below,0.618,1100,-0.618,41,2,4.88
Below,0.618,1100,-0.786,41,1,2.44
Below,0.618,1100,-1.0,41,0,0.0
Below,0.618,1100,0.0,41,30,73.17
Above,0.618,1200,0.236,9,9,100.0
Above,0.618,1200,0.382,9,9,100.0
Above,0.618,1200,0.5,9,9,100.0
Above,0.618,1200,0.618,9,9,100.0
Above,0.618,1200,0.786,9,4,44.44
Above,0.618,1200,1.0,9,0,0.0
Above,0.618,1200,-0.236,9,1,11.11
Above,0.618,1200,-0.382,9,0,0.0
Above,0.618,1200,-0.5,9,0,0.0
Above,0.618,1200,-0.618,9,0,0.0
Above,0.618,1200,-0.786,9,0,0.0
Above,0.618,1200,-1.0,9,0,0.0
Above,0.618,1200,0.0,9,6,66.67
Below,0.618,1200,0.236,18,18,100.0
Below,0.618,1200,0.382,18,18,100.0
Below,0.618,1200,0.5,18,18,100.0
Below,0.618,1200,0.618,18,17,94.44
Below,0.618,1200,0.786,18,9,50.0
Below,0.618,1200,1.0,18,1,5.56
Below,0.618,1200,-0.236,18,4,22.22
Below,0.618,1200,-0.382,18,0,0.0
Below,0.618,1200,-0.5,18,0,0.0
Below,0.618,1200,-0.618,18,0,0.0
Below,0.618,1200,-0.786,18,0,0.0
Below,0.618,1200,-1.0,18,0,0.0
Below,0.618,1200,0.0,18,15,83.33
Above,0.618,1300,0.236,12,10,83.33
Above,0.618,1300,0.382,12,12,100.0
Above,0.618,1300,0.5,12,12,100.0
Above,0.618,1300,0.618,12,12,100.0
Above,0.618,1300,0.786,12,1,8.33
Above,0.618,1300,1.0,12,0,0.0
Above,0.618,1300,-0.236,12,1,8.33
Above,0.618,1300,-0.382,12,1,8.33
Above,0.618,1300,-0.5,12,1,8.33
Above,0.618,1300,-0.618,12,0,0.0
Above,0.618,1300,-0.786,12,0,0.0
Above,0.618,1300,-1.0,12,0,0.0
Above,0.618,1300,0.0,12,5,41.67
Below,0.618,1300,0.236,20,19,95.0
Below,0.618,1300,0.382,20,20,100.0
Below,0.618,1300,0.5,20,20,100.0
Below,0.618,1300,0.618,20,17,85.0
Below,0.618,1300,0.786,20,7,35.0
Below,0.618,1300,1.0,20,2,10.0
Below,0.618,1300,-0.236,20,5,25.0
Below,0.618,1300,-0.382,20,2,10.0
Below,0.618,1300,-0.5,20,0,0.0
Below,0.618,1300,-0.618,20,0,0.0
Below,0.618,1300,-0.786,20,0,0.0
Below,0.618,1300,-1.0,20,0,0.0
Below,0.618,1300,0.0,20,14,70.0
Above,0.618,1400,0.236,17,13,76.47
Above,0.618,1400,0.382,17,15,88.24
Above,0.618,1400,0.5,17,16,94.12
Above,0.618,1400,0.618,17,16,94.12
Above,0.618,1400,0.786,17,6,35.29
Above,0.618,1400,1.0,17,1,5.88
Above,0.618,1400,-0.236,17,1,5.88
Above,0.618,1400,-0.382,17,1,5.88
Above,0.618,1400,-0.5,17,0,0.0
Above,0.618,1400,-0.618,17,0,0.0
Above,0.618,1400,-0.786,17,0,0.0
Above,0.618,1400,-1.0,17,0,0.0
Above,0.618,1400,0.0,17,9,52.94
Below,0.618,1400,0.236,30,28,93.33
Below,0.618,1400,0.382,30,29,96.67
Below,0.618,1400,0.5,30,30,100.0
Below,0.618,1400,0.618,30,25,83.33
Below,0.618,1400,0.786,30,10,33.33
Below,0.618,1400,1.0,30,4,13.33
Below,0.618,1400,-0.236,30,4,13.33
Below,0.618,1400,-0.382,30,2,6.67
Below,0.618,1400,-0.5,30,2,6.67
Below,0.618,1400,-0.618,30,1,3.33
Below,0.618,1400,-0.786,30,1,3.33
Below,0.618,1400,-1.0,30,1,3.33
Below,0.618,1400,0.0,30,16,53.33
Above,0.618,1500,0.236,3,2,66.67
Above,0.618,1500,0.382,3,3,100.0
Above,0.618,1500,0.5,3,3,100.0
Above,0.618,1500,0.618,3,3,100.0
Above,0.618,1500,0.786,3,0,0.0
Above,0.618,1500,1.0,3,0,0.0
Above,0.618,1500,-0.236,3,0,0.0
Above,0.618,1500,-0.382,3,0,0.0
Above,0.618,1500,-0.5,3,0,0.0
Above,0.618,1500,-0.618,3,0,0.0
Above,0.618,1500,-0.786,3,0,0.0
Above,0.618,1500,-1.0,3,0,0.0
Above,0.618,1500,0.0,3,0,0.0
Below,0.618,1500,0.236,17,10,58.82
Below,0.618,1500,0.382,17,13,76.47
Below,0.618,1500,0.5,17,15,88.24
Below,0.618,1500,0.618,17,9,52.94
Below,0.618,1500,0.786,17,4,23.53
Below,0.618,1500,1.0,17,1,5.88
Below,0.618,1500,-0.236,17,0,0.0
Below,0.618,1500,-0.382,17,0,0.0
Below,0.618,1500,-0.5,17,0,0.0
Below,0.618,1500,-0.618,17,0,0.0
Below,0.618,1500,-0.786,17,0,0.0
Below,0.618,1500,-1.0,17,0,0.0
Below,0.618,1500,0.0,17,5,29.41
Above,0.618,2000,0.236,3,3,100.0
Above,0.618,2000,0.382,1,1,100.0
Above,0.618,2000,0.5,0,0,0.0
Above,0.618,2000,0.618,4,0,0.0
Above,0.618,2000,0.786,1,0,0.0
Above,0.618,2000,1.0,4,0,0.0
Above,0.618,2000,-0.236,4,3,75.0
Above,0.618,2000,-0.382,4,2,50.0
Above,0.618,2000,-0.5,4,1,25.0
Above,0.618,2000,-0.618,4,1,25.0
Above,0.618,2000,-0.786,4,0,0.0
Above,0.618,2000,-1.0,4,0,0.0
Above,0.618,2000,0.0,4,4,100.0
Below,0.618,2000,0.236,0,0,0.0
Below,0.618,2000,0.382,0,0,0.0
Below,0.618,2000,0.5,1,0,0.0
Below,0.618,2000,0.618,2,0,0.0
Below,0.618,2000,0.786,1,0,0.0
Below,0.618,2000,1.0,2,1,50.0
Below,0.618,2000,-0.236,2,2,100.0
Below,0.618,2000,-0.382,2,1,50.0
Below,0.618,2000,-0.5,2,1,50.0
Below,0.618,2000,-0.618,2,0,0.0
Below,0.618,2000,-0.786,2,0,0.0
Below,0.618,2000,-1.0,2,0,0.0
Below,0.618,2000,0.0,1,1,100.0
Above,0.618,3000,0.236,5,5,100.0
Above,0.618,3000,0.382,4,4,100.0
Above,0.618,3000,0.5,3,3,100.0
Above,0.618,3000,0.618,8,0,0.0
Above,0.618,3000,0.786,3,0,0.0
Above,0.618,3000,1.0,7,1,14.29
Above,0.618,3000,-0.236,7,3,42.86
Above,0.618,3000,-0.382,8,3,37.5
Above,0.618,3000,-0.5,8,1,12.5
Above,0.618,3000,-0.618,8,0,0.0
Above,0.618,3000,-0.786,8,0,0.0
Above,0.618,3000,-1.0,8,0,0.0
Above,0.618,3000,0.0,6,5,83.33
Below,0.618,3000,0.236,4,4,100.0
Below,0.618,3000,0.382,3,3,100.0
Below,0.618,3000,0.5,2,2,100.0
Below,0.618,3000,0.618,5,0,0.0
Below,0.618,3000,0.786,4,1,25.0
Below,0.618,3000,1.0,5,1,20.0
Below,0.618,3000,-0.236,5,2,40.0
Below,0.618,3000,-0.382,6,2,33.33
Below,0.618,3000,-0.5,6,1,16.67
Below,0.618,3000,-0.618,6,0,0.0
Below,0.618,3000,-0.786,6,0,0.0
Below,0.618,3000,-1.0,6,0,0.0
Below,0.618,3000,0.0,5,5,100.0
Above,0.618,4000,0.236,1,1,100.0
Above,0.618,4000,0.382,1,1,100.0
Above,0.618,4000,0.5,1,1,100.0
Above,0.618,4000,0.618,3,0,0.0
Above,0.618,4000,0.786,1,0,0.0
Above,0.618,4000,1.0,3,1,33.33
Above,0.618,4000,-0.236,3,2,66.67
Above,0.618,4000,-0.382,3,0,0.0
Above,0.618,4000,-0.5,3,0,0.0
Above,0.618,4000,-0.618,3,0,0.0
Above,0.618,4000,-0.786,3,0,0.0
Above,0.618,4000,-1.0,3,0,0.0
Above,0.618,4000,0.0,3,2,66.67
Below,0.618,4000,0.236,3,3,100.0
Below,0.618,4000,0.382,2,2,100.0
Below,0.618,4000,0.5,1,1,100.0
Below,0.618,4000,0.618,4,0,0.0
Below,0.618,4000,0.786,1,0,0.0
Below,0.618,4000,1.0,4,1,25.0
Below,0.618,4000,-0.236,5,2,40.0
Below,0.618,4000,-0.382,5,1,20.0
Below,0.618,4000,-0.5,5,0,0.0
Below,0.618,4000,-0.618,5,0,0.0
Below,0.618,4000,-0.786,5,0,0.0
Below,0.618,4000,-1.0,5,0,0.0
Below,0.618,4000,0.0,4,3,75.0
Above,0.618,5000,0.236,3,3,100.0
Above,0.618,5000,0.382,1,1,100.0
Above,0.618,5000,0.5,0,0,0.0
Above,0.618,5000,0.618,0,0,0.0
Above,0.618,5000,0.786,2,1,50.0
Above,0.618,5000,1.0,3,1,33.33
Above,0.618,5000,-0.236,3,1,33.33
Above,0.618,5000,-0.382,3,0,0.0
Above,0.618,5000,-0.5,3,0,0.0
Above,0.618,5000,-0.618,3,0,0.0
Above,0.618,5000,-0.786,3,0,0.0
Above,0.618,5000,-1.0,3,0,0.0
Above,0.618,5000,0.0,3,2,66.67
Below,0.618,5000,0.236,1,1,100.0
Below,0.618,5000,0.382,1,1,100.0
Below,0.618,5000,0.5,1,1,100.0
Below,0.618,5000,0.618,0,0,0.0
Below,0.618,5000,0.786,1,0,0.0
Below,0.618,5000,1.0,2,0,0.0
Below,0.618,5000,-0.236,2,0,0.0
Below,0.618,5000,-0.382,2,0,0.0
Below,0.618,5000,-0.5,2,0,0.0
Below,0.618,5000,-0.618,2,0,0.0
Below,0.618,5000,-0.786,2,0,0.0
Below,0.618,5000,-1.0,2,0,0.0
Below,0.618,5000,0.0,2,2,100.0
Above,0.618,OPEN,0.236,578,564,97.58
Above,0.618,OPEN,0.382,481,474,98.54
Above,0.618,OPEN,0.5,365,362,99.18
Above,0.618,OPEN,0.618,255,242,94.9
Above,0.618,OPEN,0.786,215,47,21.86
Above,0.618,OPEN,1.0,397,47,11.84
Above,0.618,OPEN,-0.236,683,231,33.82
Above,0.618,OPEN,-0.382,689,114,16.55
Above,0.618,OPEN,-0.5,690,61,8.84
Above,0.618,OPEN,-0.618,691,36,5.21
Above,0.618,OPEN,-0.786,691,17,2.46
Above,0.618,OPEN,-1.0,693,7,1.01
Above,0.618,OPEN,0.0,655,529,80.76
Below,0.618,OPEN,0.236,395,359,90.89
Below,0.618,OPEN,0.382,206,190,92.23
Below,0.618,OPEN,0.5,102,86,84.31
Below,0.618,OPEN,0.618,2890,174,6.02
Below,0.618,OPEN,0.786,3133,118,3.77
Below,0.618,OPEN,1.0,3274,54,1.65
Below,0.618,OPEN,-0.236,1451,640,44.11
Below,0.618,OPEN,-0.382,1871,508,27.15
Below,0.618,OPEN,-0.5,2138,350,16.37
Below,0.618,OPEN,-0.618,2418,251,10.38
Below,0.618,OPEN,-0.786,2733,174,6.37
Below,0.618,OPEN,-1.0,3008,90,2.99
Below,0.618,OPEN,0.0,802,688,85.79
Above,0.786,0900,0.236,40,39,97.5
Above,0.786,0900,0.382,40,40,100.0
Above,0.786,0900,0.5,38,38,100.0
Above,0.786,0900,0.618,35,35,100.0
Above,0.786,0900,0.786,40,39,97.5
Above,0.786,0900,1.0,38,13,34.21
Above,0.786,0900,-0.236,42,13,30.95
Above,0.786,0900,-0.382,42,6,14.29
Above,0.786,0900,-0.5,42,4,9.52
Above,0.786,0900,-0.618,42,1,2.38
Above,0.786,0900,-0.786,42,0,0.0
Above,0.786,0900,-1.0,42,0,0.0
Above,0.786,0900,0.0,42,34,80.95
Below,0.786,0900,0.236,46,46,100.0
Below,0.786,0900,0.382,44,44,100.0
Below,0.786,0900,0.5,44,44,100.0
Below,0.786,0900,0.618,43,43,100.0
Below,0.786,0900,0.786,47,38,80.85
Below,0.786,0900,1.0,42,10,23.81
Below,0.786,0900,-0.236,47,18,38.3
Below,0.786,0900,-0.382,47,4,8.51
Below,0.786,0900,-0.5,47,2,4.26
Below,0.786,0900,-0.618,47,1,2.13
Below,0.786,0900,-0.786,47,1,2.13
Below,0.786,0900,-1.0,47,1,2.13
Below,0.786,0900,0.0,47,43,91.49
Above,0.786,1000,0.236,33,33,100.0
Above,0.786,1000,0.382,32,32,100.0
Above,0.786,1000,0.5,31,31,100.0
Above,0.786,1000,0.618,30,30,100.0
Above,0.786,1000,0.786,34,34,100.0
Above,0.786,1000,1.0,33,5,15.15
Above,0.786,1000,-0.236,35,12,34.29
Above,0.786,1000,-0.382,35,6,17.14
Above,0.786,1000,-0.5,35,2,5.71
Above,0.786,1000,-0.618,35,2,5.71
Above,0.786,1000,-0.786,35,1,2.86
Above,0.786,1000,-1.0,35,0,0.0
Above,0.786,1000,0.0,35,25,71.43
Below,0.786,1000,0.236,46,42,91.3
Below,0.786,1000,0.382,46,44,95.65
Below,0.786,1000,0.5,47,46,97.87
Below,0.786,1000,0.618,46,46,100.0
Below,0.786,1000,0.786,48,44,91.67
Below,0.786,1000,1.0,45,11,24.44
Below,0.786,1000,-0.236,47,8,17.02
Below,0.786,1000,-0.382,47,5,10.64
Below,0.786,1000,-0.5,47,3,6.38
Below,0.786,1000,-0.618,47,1,2.13
Below,0.786,1000,-0.786,47,1,2.13
Below,0.786,1000,-1.0,48,0,0.0
Below,0.786,1000,0.0,46,34,73.91
Above,0.786,1100,0.236,7,7,100.0
Above,0.786,1100,0.382,7,7,100.0
Above,0.786,1100,0.5,7,7,100.0
Above,0.786,1100,0.618,7,7,100.0
Above,0.786,1100,0.786,7,7,100.0
Above,0.786,1100,1.0,7,1,14.29
Above,0.786,1100,-0.236,7,2,28.57
Above,0.786,1100,-0.382,7,1,14.29
Above,0.786,1100,-0.5,7,0,0.0
Above,0.786,1100,-0.618,7,0,0.0
Above,0.786,1100,-0.786,7,0,0.0
Above,0.786,1100,-1.0,7,0,0.0
Above,0.786,1100,0.0,7,7,100.0
Below,0.786,1100,0.236,24,24,100.0
Below,0.786,1100,0.382,24,24,100.0
Below,0.786,1100,0.5,24,24,100.0
Below,0.786,1100,0.618,24,24,100.0
Below,0.786,1100,0.786,24,22,91.67
Below,0.786,1100,1.0,24,6,25.0
Below,0.786,1100,-0.236,24,6,25.0
Below,0.786,1100,-0.382,24,3,12.5
Below,0.786,1100,-0.5,24,1,4.17
Below,0.786,1100,-0.618,24,1,4.17
Below,0.786,1100,-0.786,24,0,0.0
Below,0.786,1100,-1.0,24,0,0.0
Below,0.786,1100,0.0,24,17,70.83
Above,0.786,1200,0.236,7,6,85.71
Above,0.786,1200,0.382,7,7,100.0
Above,0.786,1200,0.5,7,7,100.0
Above,0.786,1200,0.618,7,7,100.0
Above,0.786,1200,0.786,7,7,100.0
Above,0.786,1200,1.0,7,1,14.29
Above,0.786,1200,-0.236,7,0,0.0
Above,0.786,1200,-0.382,7,0,0.0
Above,0.786,1200,-0.5,7,0,0.0
Above,0.786,1200,-0.618,7,0,0.0
Above,0.786,1200,-0.786,7,0,0.0
Above,0.786,1200,-1.0,7,0,0.0
Above,0.786,1200,0.0,7,3,42.86
Below,0.786,1200,0.236,15,14,93.33
Below,0.786,1200,0.382,15,15,100.0
Below,0.786,1200,0.5,15,15,100.0
Below,0.786,1200,0.618,15,15,100.0
Below,0.786,1200,0.786,15,12,80.0
Below,0.786,1200,1.0,15,3,20.0
Below,0.786,1200,-0.236,15,2,13.33
Below,0.786,1200,-0.382,15,0,0.0
Below,0.786,1200,-0.5,15,0,0.0
Below,0.786,1200,-0.618,15,0,0.0
Below,0.786,1200,-0.786,15,0,0.0
Below,0.786,1200,-1.0,15,0,0.0
Below,0.786,1200,0.0,15,11,73.33
Above,0.786,1300,0.236,2,2,100.0
Above,0.786,1300,0.382,2,2,100.0
Above,0.786,1300,0.5,2,2,100.0
Above,0.786,1300,0.618,2,2,100.0
Above,0.786,1300,0.786,2,2,100.0
Above,0.786,1300,1.0,2,0,0.0
Above,0.786,1300,-0.236,2,0,0.0
Above,0.786,1300,-0.382,2,0,0.0
Above,0.786,1300,-0.5,2,0,0.0
Above,0.786,1300,-0.618,2,0,0.0
Above,0.786,1300,-0.786,2,0,0.0
Above,0.786,1300,-1.0,2,0,0.0
Above,0.786,1300,0.0,2,0,0.0
Below,0.786,1300,0.236,10,9,90.0
Below,0.786,1300,0.382,10,9,90.0
Below,0.786,1300,0.5,10,10,100.0
Below,0.786,1300,0.618,10,10,100.0
Below,0.786,1300,0.786,10,10,100.0
Below,0.786,1300,1.0,10,4,40.0
Below,0.786,1300,-0.236,10,1,10.0
Below,0.786,1300,-0.382,10,0,0.0
Below,0.786,1300,-0.5,10,0,0.0
Below,0.786,1300,-0.618,10,0,0.0
Below,0.786,1300,-0.786,10,0,0.0
Below,0.786,1300,-1.0,10,0,0.0
Below,0.786,1300,0.0,10,6,60.0
Above,0.786,1400,0.236,11,7,63.64
Above,0.786,1400,0.382,11,9,81.82
Above,0.786,1400,0.5,11,10,90.91
Above,0.786,1400,0.618,11,10,90.91
Above,0.786,1400,0.786,11,11,100.0
Above,0.786,1400,1.0,11,1,9.09
Above,0.786,1400,-0.236,11,0,0.0
Above,0.786,1400,-0.382,11,0,0.0
Above,0.786,1400,-0.5,11,0,0.0
Above,0.786,1400,-0.618,11,0,0.0
Above,0.786,1400,-0.786,11,0,0.0
Above,0.786,1400,-1.0,11,0,0.0
Above,0.786,1400,0.0,11,3,27.27
Below,0.786,1400,0.236,12,11,91.67
Below,0.786,1400,0.382,12,12,100.0
Below,0.786,1400,0.5,12,12,100.0
Below,0.786,1400,0.618,12,12,100.0
Below,0.786,1400,0.786,12,9,75.0
Below,0.786,1400,1.0,12,2,16.67
Below,0.786,1400,-0.236,12,3,25.0
Below,0.786,1400,-0.382,12,2,16.67
Below,0.786,1400,-0.5,12,2,16.67
Below,0.786,1400,-0.618,12,1,8.33
Below,0.786,1400,-0.786,12,1,8.33
Below,0.786,1400,-1.0,12,1,8.33
Below,0.786,1400,0.0,12,5,41.67
Above,0.786,1500,0.236,2,2,100.0
Above,0.786,1500,0.382,2,2,100.0
Above,0.786,1500,0.5,2,2,100.0
Above,0.786,1500,0.618,2,2,100.0
Above,0.786,1500,0.786,2,2,100.0
Above,0.786,1500,1.0,2,0,0.0
Above,0.786,1500,-0.236,2,0,0.0
Above,0.786,1500,-0.382,2,0,0.0
Above,0.786,1500,-0.5,2,0,0.0
Above,0.786,1500,-0.618,2,0,0.0
Above,0.786,1500,-0.786,2,0,0.0
Above,0.786,1500,-1.0,2,0,0.0
Above,0.786,1500,0.0,2,0,0.0
Below,0.786,1500,0.236,10,5,50.0
Below,0.786,1500,0.382,10,6,60.0
Below,0.786,1500,0.5,10,8,80.0
Below,0.786,1500,0.618,10,10,100.0
Below,0.786,1500,0.786,10,5,50.0
Below,0.786,1500,1.0,10,1,10.0
Below,0.786,1500,-0.236,10,0,0.0
Below,0.786,1500,-0.382,10,0,0.0
Below,0.786,1500,-0.5,10,0,0.0
Below,0.786,1500,-0.618,10,0,0.0
Below,0.786,1500,-0.786,10,0,0.0
Below,0.786,1500,-1.0,10,0,0.0
Below,0.786,1500,0.0,10,2,20.0
Above,0.786,2000,0.236,2,2,100.0
Above,0.786,2000,0.382,2,2,100.0
Above,0.786,2000,0.5,2,2,100.0
Above,0.786,2000,0.618,2,2,100.0
Above,0.786,2000,0.786,2,0,0.0
Above,0.786,2000,1.0,0,0,0.0
Above,0.786,2000,-0.236,2,1,50.0
Above,0.786,2000,-0.382,2,0,0.0
Above,0.786,2000,-0.5,2,0,0.0
Above,0.786,2000,-0.618,2,0,0.0
Above,0.786,2000,-0.786,2,0,0.0
Above,0.786,2000,-1.0,2,0,0.0
Above,0.786,2000,0.0,2,1,50.0
Below,0.786,2000,0.236,2,2,100.0
Below,0.786,2000,0.382,2,2,100.0
Below,0.786,2000,0.5,1,1,100.0
Below,0.786,2000,0.618,1,1,100.0
Below,0.786,2000,0.786,1,0,0.0
Below,0.786,2000,1.0,1,0,0.0
Below,0.786,2000,-0.236,2,0,0.0
Below,0.786,2000,-0.382,2,0,0.0
Below,0.786,2000,-0.5,2,0,0.0
Below,0.786,2000,-0.618,2,0,0.0
Below,0.786,2000,-0.786,2,0,0.0
Below,0.786,2000,-1.0,2,0,0.0
Below,0.786,2000,0.0,2,1,50.0
Above,0.786,3000,0.236,2,2,100.0
Above,0.786,3000,0.382,2,2,100.0
Above,0.786,3000,0.5,1,1,100.0
Above,0.786,3000,0.618,1,1,100.0
Above,0.786,3000,0.786,4,0,0.0
Above,0.786,3000,1.0,4,1,25.0
Above,0.786,3000,-0.236,4,2,50.0
Above,0.786,3000,-0.382,4,2,50.0
Above,0.786,3000,-0.5,4,1,25.0
Above,0.786,3000,-0.618,4,1,25.0
Above,0.786,3000,-0.786,4,0,0.0
Above,0.786,3000,-1.0,4,0,0.0
Above,0.786,3000,0.0,2,2,100.0
Below,0.786,3000,0.236,4,4,100.0
Below,0.786,3000,0.382,4,4,100.0
Below,0.786,3000,0.5,2,2,100.0
Below,0.786,3000,0.618,1,1,100.0
Below,0.786,3000,0.786,7,0,0.0
Below,0.786,3000,1.0,4,2,50.0
Below,0.786,3000,-0.236,7,0,0.0
Below,0.786,3000,-0.382,7,0,0.0
Below,0.786,3000,-0.5,7,0,0.0
Below,0.786,3000,-0.618,7,0,0.0
Below,0.786,3000,-0.786,7,0,0.0
Below,0.786,3000,-1.0,7,0,0.0
Below,0.786,3000,0.0,5,3,60.0
Above,0.786,4000,0.236,0,0,0.0
Above,0.786,4000,0.382,0,0,0.0
Above,0.786,4000,0.5,0,0,0.0
Above,0.786,4000,0.618,1,0,0.0
Above,0.786,4000,0.786,1,0,0.0
Above,0.786,4000,1.0,1,1,100.0
Above,0.786,4000,-0.236,1,0,0.0
Above,0.786,4000,-0.382,1,0,0.0
Above,0.786,4000,-0.5,1,0,0.0
Above,0.786,4000,-0.618,1,0,0.0
Above,0.786,4000,-0.786,1,0,0.0
Above,0.786,4000,-1.0,1,0,0.0
Above,0.786,4000,0.0,1,0,0.0
Below,0.786,4000,0.236,1,1,100.0
Below,0.786,4000,0.382,1,1,100.0
Below,0.786,4000,0.5,1,1,100.0
Below,0.786,4000,0.618,0,0,0.0
Below,0.786,4000,0.786,2,0,0.0
Below,0.786,4000,1.0,2,1,50.0
Below,0.786,4000,-0.236,2,0,0.0
Below,0.786,4000,-0.382,2,0,0.0
Below,0.786,4000,-0.5,2,0,0.0
Below,0.786,4000,-0.618,2,0,0.0
Below,0.786,4000,-0.786,2,0,0.0
Below,0.786,4000,-1.0,2,0,0.0
Below,0.786,4000,0.0,2,2,100.0
Above,0.786,5000,0.236,0,0,0.0
Above,0.786,5000,0.382,0,0,0.0
Above,0.786,5000,0.5,0,0,0.0
Above,0.786,5000,0.618,0,0,0.0
Above,0.786,5000,0.786,0,0,0.0
Above,0.786,5000,1.0,1,0,0.0
Above,0.786,5000,-0.236,1,0,0.0
Above,0.786,5000,-0.382,1,0,0.0
Above,0.786,5000,-0.5,1,0,0.0
Above,0.786,5000,-0.618,1,0,0.0
Above,0.786,5000,-0.786,1,0,0.0
Above,0.786,5000,-1.0,1,0,0.0
Above,0.786,5000,0.0,0,0,0.0
Below,0.786,5000,0.236,4,4,100.0
Below,0.786,5000,0.382,3,3,100.0
Below,0.786,5000,0.5,2,2,100.0
Below,0.786,5000,0.618,2,2,100.0
Below,0.786,5000,0.786,0,0,0.0
Below,0.786,5000,1.0,2,0,0.0
Below,0.786,5000,-0.236,4,0,0.0
Below,0.786,5000,-0.382,4,0,0.0
Below,0.786,5000,-0.5,4,0,0.0
Below,0.786,5000,-0.618,4,0,0.0
Below,0.786,5000,-0.786,4,0,0.0
Below,0.786,5000,-1.0,4,0,0.0
Below,0.786,5000,0.0,4,4,100.0
Above,0.786,OPEN,0.236,441,427,96.83
Above,0.786,OPEN,0.382,401,394,98.25
Above,0.786,OPEN,0.5,348,345,99.14
Above,0.786,OPEN,0.618,271,271,100.0
Above,0.786,OPEN,0.786,175,162,92.57
Above,0.786,OPEN,1.0,198,36,18.18
Above,0.786,OPEN,-0.236,483,147,30.43
Above,0.786,OPEN,-0.382,485,66,13.61
Above,0.786,OPEN,-0.5,486,36,7.41
Above,0.786,OPEN,-0.618,487,21,4.31
Above,0.786,OPEN,-0.786,487,12,2.46
Above,0.786,OPEN,-1.0,488,6,1.23
Above,0.786,OPEN,0.0,469,368,78.46
Below,0.786,OPEN,0.236,468,431,92.09
Below,0.786,OPEN,0.382,274,258,94.16
Below,0.786,OPEN,0.5,168,152,90.48
Below,0.786,OPEN,0.618,82,69,84.15
Below,0.786,OPEN,0.786,3094,111,3.59
Below,0.786,OPEN,1.0,3318,61,1.84
Below,0.786,OPEN,-0.236,1534,672,43.81
Below,0.786,OPEN,-0.382,1955,528,27.01
Below,0.786,OPEN,-0.5,2222,361,16.25
Below,0.786,OPEN,-0.618,2502,256,10.23
Below,0.786,OPEN,-0.786,2817,176,6.25
Below,0.786,OPEN,-1.0,3091,90,2.91
Below,0.786,OPEN,0.0,884,748,84.62
Above,1.0,0900,0.236,27,27,100.0
Above,1.0,0900,0.382,27,27,100.0
Above,1.0,0900,0.5,27,27,100.0
Above,1.0,0900,0.618,25,25,100.0
Above,1.0,0900,0.786,23,23,100.0
Above,1.0,0900,1.0,29,29,100.0
Above,1.0,0900,-0.236,29,9,31.03
Above,1.0,0900,-0.382,29,5,17.24
Above,1.0,0900,-0.5,29,3,10.34
Above,1.0,0900,-0.618,29,2,6.9
Above,1.0,0900,-0.786,29,1,3.45
Above,1.0,0900,-1.0,29,0,0.0
Above,1.0,0900,0.0,29,22,75.86
Below,1.0,0900,0.236,22,21,95.45
Below,1.0,0900,0.382,20,19,95.0
Below,1.0,0900,0.5,19,19,100.0
Below,1.0,0900,0.618,19,19,100.0
Below,1.0,0900,0.786,16,16,100.0
Below,1.0,0900,1.0,21,15,71.43
Below,1.0,0900,-0.236,22,5,22.73
Below,1.0,0900,-0.382,22,0,0.0
Below,1.0,0900,-0.5,22,0,0.0
Below,1.0,0900,-0.618,22,0,0.0
Below,1.0,0900,-0.786,22,0,0.0
Below,1.0,0900,-1.0,22,0,0.0
Below,1.0,0900,0.0,22,18,81.82
Above,1.0,1000,0.236,21,21,100.0
Above,1.0,1000,0.382,19,19,100.0
Above,1.0,1000,0.5,19,19,100.0
Above,1.0,1000,0.618,19,19,100.0
Above,1.0,1000,0.786,19,19,100.0
Above,1.0,1000,1.0,21,21,100.0
Above,1.0,1000,-0.236,21,7,33.33
Above,1.0,1000,-0.382,21,4,19.05
Above,1.0,1000,-0.5,21,1,4.76
Above,1.0,1000,-0.618,21,1,4.76
Above,1.0,1000,-0.786,21,0,0.0
Above,1.0,1000,-1.0,21,0,0.0
Above,1.0,1000,0.0,21,15,71.43
Below,1.0,1000,0.236,35,31,88.57
Below,1.0,1000,0.382,34,33,97.06
Below,1.0,1000,0.5,35,34,97.14
Below,1.0,1000,0.618,35,35,100.0
Below,1.0,1000,0.786,35,35,100.0
Below,1.0,1000,1.0,36,26,72.22
Below,1.0,1000,-0.236,36,7,19.44
Below,1.0,1000,-0.382,36,4,11.11
Below,1.0,1000,-0.5,36,3,8.33
Below,1.0,1000,-0.618,36,1,2.78
Below,1.0,1000,-0.786,36,0,0.0
Below,1.0,1000,-1.0,36,0,0.0
Below,1.0,1000,0.0,35,22,62.86
Above,1.0,1100,0.236,9,9,100.0
Above,1.0,1100,0.382,9,9,100.0
Above,1.0,1100,0.5,9,9,100.0
Above,1.0,1100,0.618,9,9,100.0
Above,1.0,1100,0.786,9,9,100.0
Above,1.0,1100,1.0,9,9,100.0
Above,1.0,1100,-0.236,9,1,11.11
Above,1.0,1100,-0.382,9,0,0.0
Above,1.0,1100,-0.5,9,0,0.0
Above,1.0,1100,-0.618,9,0,0.0
Above,1.0,1100,-0.786,9,0,0.0
Above,1.0,1100,-1.0,9,0,0.0
Above,1.0,1100,0.0,9,5,55.56
Below,1.0,1100,0.236,11,11,100.0
Below,1.0,1100,0.382,11,11,100.0
Below,1.0,1100,0.5,11,11,100.0
Below,1.0,1100,0.618,11,11,100.0
Below,1.0,1100,0.786,11,11,100.0
Below,1.0,1100,1.0,11,5,45.45
Below,1.0,1100,-0.236,11,1,9.09
Below,1.0,1100,-0.382,11,0,0.0
Below,1.0,1100,-0.5,11,0,0.0
Below,1.0,1100,-0.618,11,0,0.0
Below,1.0,1100,-0.786,11,0,0.0
Below,1.0,1100,-1.0,11,0,0.0
Below,1.0,1100,0.0,11,7,63.64
Above,1.0,1200,0.236,1,1,100.0
Above,1.0,1200,0.382,1,1,100.0
Above,1.0,1200,0.5,1,1,100.0
Above,1.0,1200,0.618,1,1,100.0
Above,1.0,1200,0.786,1,1,100.0
Above,1.0,1200,1.0,1,1,100.0
Above,1.0,1200,-0.236,1,0,0.0
Above,1.0,1200,-0.382,1,0,0.0
Above,1.0,1200,-0.5,1,0,0.0
Above,1.0,1200,-0.618,1,0,0.0
Above,1.0,1200,-0.786,1,0,0.0
Above,1.0,1200,-1.0,1,0,0.0
Above,1.0,1200,0.0,1,1,100.0
Below,1.0,1200,0.236,7,5,71.43
Below,1.0,1200,0.382,7,6,85.71
Below,1.0,1200,0.5,7,7,100.0
Below,1.0,1200,0.618,7,7,100.0
Below,1.0,1200,0.786,7,7,100.0
Below,1.0,1200,1.0,7,5,71.43
Below,1.0,1200,-0.236,7,0,0.0
Below,1.0,1200,-0.382,7,0,0.0
Below,1.0,1200,-0.5,7,0,0.0
Below,1.0,1200,-0.618,7,0,0.0
Below,1.0,1200,-0.786,7,0,0.0
Below,1.0,1200,-1.0,7,0,0.0
Below,1.0,1200,0.0,7,2,28.57
Above,1.0,1300,0.236,1,1,100.0
Above,1.0,1300,0.382,1,1,100.0
Above,1.0,1300,0.5,1,1,100.0
Above,1.0,1300,0.618,1,1,100.0
Above,1.0,1300,0.786,1,1,100.0
Above,1.0,1300,1.0,1,1,100.0
Above,1.0,1300,-0.236,1,0,0.0
Above,1.0,1300,-0.382,1,0,0.0
Above,1.0,1300,-0.5,1,0,0.0
Above,1.0,1300,-0.618,1,0,0.0
Above,1.0,1300,-0.786,1,0,0.0
Above,1.0,1300,-1.0,1,0,0.0
Above,1.0,1300,0.0,1,0,0.0
Below,1.0,1300,0.236,3,3,100.0
Below,1.0,1300,0.382,3,3,100.0
Below,1.0,1300,0.5,3,3,100.0
Below,1.0,1300,0.618,3,3,100.0
Below,1.0,1300,0.786,3,3,100.0
Below,1.0,1300,1.0,3,3,100.0
Below,1.0,1300,-0.236,3,1,33.33
Below,1.0,1300,-0.382,3,1,33.33
Below,1.0,1300,-0.5,3,1,33.33
Below,1.0,1300,-0.618,3,1,33.33
Below,1.0,1300,-0.786,3,1,33.33
Below,1.0,1300,-1.0,3,1,33.33
Below,1.0,1300,0.0,3,2,66.67
Above,1.0,1400,0.236,3,2,66.67
Above,1.0,1400,0.382,3,3,100.0
Above,1.0,1400,0.5,3,3,100.0
Above,1.0,1400,0.618,3,3,100.0
Above,1.0,1400,0.786,3,3,100.0
Above,1.0,1400,1.0,3,3,100.0
Above,1.0,1400,-0.236,3,0,0.0
Above,1.0,1400,-0.382,3,0,0.0
Above,1.0,1400,-0.5,3,0,0.0
Above,1.0,1400,-0.618,3,0,0.0
Above,1.0,1400,-0.786,3,0,0.0
Above,1.0,1400,-1.0,3,0,0.0
Above,1.0,1400,0.0,3,2,66.67
Below,1.0,1400,0.236,7,6,85.71
Below,1.0,1400,0.382,7,7,100.0
Below,1.0,1400,0.5,7,7,100.0
Below,1.0,1400,0.618,7,7,100.0
Below,1.0,1400,0.786,7,7,100.0
Below,1.0,1400,1.0,7,4,57.14
Below,1.0,1400,-0.236,7,2,28.57
Below,1.0,1400,-0.382,7,1,14.29
Below,1.0,1400,-0.5,7,1,14.29
Below,1.0,1400,-0.618,7,0,0.0
Below,1.0,1400,-0.786,7,0,0.0
Below,1.0,1400,-1.0,7,0,0.0
Below,1.0,1400,0.0,7,3,42.86
Above,1.0,1500,0.236,1,0,0.0
Above,1.0,1500,0.382,1,1,100.0
Above,1.0,1500,0.5,1,1,100.0
Above,1.0,1500,0.618,1,1,100.0
Above,1.0,1500,0.786,1,1,100.0
Above,1.0,1500,1.0,1,1,100.0
Above,1.0,1500,-0.236,1,0,0.0
Above,1.0,1500,-0.382,1,0,0.0
Above,1.0,1500,-0.5,1,0,0.0
Above,1.0,1500,-0.618,1,0,0.0
Above,1.0,1500,-0.786,1,0,0.0
Above,1.0,1500,-1.0,1,0,0.0
Above,1.0,1500,0.0,1,0,0.0
Below,1.0,1500,0.236,4,2,50.0
Below,1.0,1500,0.382,4,2,50.0
Below,1.0,1500,0.5,4,3,75.0
Below,1.0,1500,0.618,4,4,100.0
Below,1.0,1500,0.786,4,4,100.0
Below,1.0,1500,1.0,4,2,50.0
Below,1.0,1500,-0.236,4,0,0.0
Below,1.0,1500,-0.382,4,0,0.0
Below,1.0,1500,-0.5,4,0,0.0
Below,1.0,1500,-0.618,4,0,0.0
Below,1.0,1500,-0.786,4,0,0.0
Below,1.0,1500,-1.0,4,0,0.0
Below,1.0,1500,0.0,4,1,25.0
Above,1.0,2000,0.236,1,1,100.0
Above,1.0,2000,0.382,1,1,100.0
Above,1.0,2000,0.5,1,1,100.0
Above,1.0,2000,0.618,1,1,100.0
Above,1.0,2000,0.786,1,1,100.0
Above,1.0,2000,1.0,1,0,0.0
Above,1.0,2000,-0.236,2,0,0.0
Above,1.0,2000,-0.382,2,0,0.0
Above,1.0,2000,-0.5,2,0,0.0
Above,1.0,2000,-0.618,2,0,0.0
Above,1.0,2000,-0.786,2,0,0.0
Above,1.0,2000,-1.0,2,0,0.0
Above,1.0,2000,0.0,2,0,0.0
Below,1.0,2000,0.236,2,1,50.0
Below,1.0,2000,0.382,2,1,50.0
Below,1.0,2000,0.5,2,1,50.0
Below,1.0,2000,0.618,2,2,100.0
Below,1.0,2000,0.786,2,2,100.0
Below,1.0,2000,1.0,2,0,0.0
Below,1.0,2000,-0.236,2,1,50.0
Below,1.0,2000,-0.382,2,1,50.0
Below,1.0,2000,-0.5,2,1,50.0
Below,1.0,2000,-0.618,2,1,50.0
Below,1.0,2000,-0.786,2,1,50.0
Below,1.0,2000,-1.0,2,0,0.0
Below,1.0,2000,0.0,2,1,50.0
Above,1.0,3000,0.236,3,3,100.0
Above,1.0,3000,0.382,3,3,100.0
Above,1.0,3000,0.5,3,3,100.0
Above,1.0,3000,0.618,2,2,100.0
Above,1.0,3000,0.786,0,0,0.0
Above,1.0,3000,1.0,2,0,0.0
Above,1.0,3000,-0.236,3,2,66.67
Above,1.0,3000,-0.382,3,1,33.33
Above,1.0,3000,-0.5,3,0,0.0
Above,1.0,3000,-0.618,3,0,0.0
Above,1.0,3000,-0.786,3,0,0.0
Above,1.0,3000,-1.0,3,0,0.0
Above,1.0,3000,0.0,3,3,100.0
Below,1.0,3000,0.236,1,1,100.0
Below,1.0,3000,0.382,0,0,0.0
Below,1.0,3000,0.5,0,0,0.0
Below,1.0,3000,0.618,0,0,0.0
Below,1.0,3000,0.786,0,0,0.0
Below,1.0,3000,1.0,1,0,0.0
Below,1.0,3000,-0.236,1,1,100.0
Below,1.0,3000,-0.382,1,0,0.0
Below,1.0,3000,-0.5,1,0,0.0
Below,1.0,3000,-0.618,1,0,0.0
Below,1.0,3000,-0.786,1,0,0.0
Below,1.0,3000,-1.0,1,0,0.0
Below,1.0,3000,0.0,1,1,100.0
Above,1.0,4000,0.236,2,2,100.0
Above,1.0,4000,0.382,1,1,100.0
Above,1.0,4000,0.5,1,1,100.0
Above,1.0,4000,0.618,1,1,100.0
Above,1.0,4000,0.786,1,1,100.0
Above,1.0,4000,1.0,2,0,0.0
Above,1.0,4000,-0.236,2,0,0.0
Above,1.0,4000,-0.382,2,0,0.0
Above,1.0,4000,-0.5,2,0,0.0
Above,1.0,4000,-0.618,2,0,0.0
Above,1.0,4000,-0.786,2,0,0.0
Above,1.0,4000,-1.0,2,0,0.0
Above,1.0,4000,0.0,2,2,100.0
Below,1.0,4000,0.236,3,3,100.0
Below,1.0,4000,0.382,3,3,100.0
Below,1.0,4000,0.5,2,2,100.0
Below,1.0,4000,0.618,2,2,100.0
Below,1.0,4000,0.786,1,1,100.0
Below,1.0,4000,1.0,2,0,0.0
Below,1.0,4000,-0.236,3,3,100.0
Below,1.0,4000,-0.382,3,0,0.0
Below,1.0,4000,-0.5,3,0,0.0
Below,1.0,4000,-0.618,3,0,0.0
Below,1.0,4000,-0.786,3,0,0.0
Below,1.0,4000,-1.0,3,0,0.0
Below,1.0,4000,0.0,3,3,100.0
Above,1.0,5000,0.236,1,1,100.0
Above,1.0,5000,0.382,1,1,100.0
Above,1.0,5000,0.5,1,1,100.0
Above,1.0,5000,0.618,1,1,100.0
Above,1.0,5000,0.786,1,1,100.0
Above,1.0,5000,1.0,0,0,0.0
Above,1.0,5000,-0.236,1,1,100.0
Above,1.0,5000,-0.382,1,0,0.0
Above,1.0,5000,-0.5,1,0,0.0
Above,1.0,5000,-0.618,1,0,0.0
Above,1.0,5000,-0.786,1,0,0.0
Above,1.0,5000,-1.0,1,0,0.0
Above,1.0,5000,0.0,1,1,100.0
Below,1.0,5000,0.236,2,2,100.0
Below,1.0,5000,0.382,2,2,100.0
Below,1.0,5000,0.5,1,1,100.0
Below,1.0,5000,0.618,0,0,0.0
Below,1.0,5000,0.786,0,0,0.0
Below,1.0,5000,1.0,0,0,0.0
Below,1.0,5000,-0.236,3,1,33.33
Below,1.0,5000,-0.382,3,0,0.0
Below,1.0,5000,-0.5,3,0,0.0
Below,1.0,5000,-0.618,3,0,0.0
Below,1.0,5000,-0.786,3,0,0.0
Below,1.0,5000,-1.0,3,0,0.0
Below,1.0,5000,0.0,3,3,100.0
Above,1.0,OPEN,0.236,273,259,94.87
Above,1.0,OPEN,0.382,267,260,97.38
Above,1.0,OPEN,0.5,250,247,98.8
Above,1.0,OPEN,0.618,228,228,100.0
Above,1.0,OPEN,0.786,176,176,100.0
Above,1.0,OPEN,1.0,95,88,92.63
Above,1.0,OPEN,-0.236,287,76,26.48
Above,1.0,OPEN,-0.382,289,33,11.42
Above,1.0,OPEN,-0.5,290,23,7.93
Above,1.0,OPEN,-0.618,290,15,5.17
Above,1.0,OPEN,-0.786,290,11,3.79
Above,1.0,OPEN,-1.0,290,6,2.07
Above,1.0,OPEN,0.0,280,202,72.14
Below,1.0,OPEN,0.236,545,507,93.03
Below,1.0,OPEN,0.382,352,335,95.17
Below,1.0,OPEN,0.5,245,229,93.47
Below,1.0,OPEN,0.618,156,143,91.67
Below,1.0,OPEN,0.786,87,74,85.06
Below,1.0,OPEN,1.0,3285,67,2.04
Below,1.0,OPEN,-0.236,1615,688,42.6
Below,1.0,OPEN,-0.382,2036,535,26.28
Below,1.0,OPEN,-0.5,2303,363,15.76
Below,1.0,OPEN,-0.618,2583,257,9.95
Below,1.0,OPEN,-0.786,2898,177,6.11
Below,1.0,OPEN,-1.0,3173,91,2.87
Below,1.0,OPEN,0.0,963,813,84.42
